id,min_age,max_age,disease,calorie,difficulty,season,japanese_style,breakfast,lunch,dinner,reason,balance,advice
1,18,29,なし,1800,★,通年,和食,ご飯・納豆・味噌汁・バナナ,鶏むね肉の照り焼き・ご飯・野菜サラダ,鮭の塩焼き・ひじき煮・味噌汁,低脂質なたんぱく質と野菜を確保する献立,たんぱく質★★★★★ 野菜★★★★☆,朝食を欠かさず規則正しい食生活を心掛けましょう
2,18,29,なし,1900,★,春,和食,玄米ご飯・卵焼き・味噌汁・りんご,豚しゃぶサラダ・ご飯,さばの塩焼き・小松菜のおひたし・味噌汁,食物繊維と良質な脂質を補給できる献立,たんぱく質★★★★★ 野菜★★★★★,旬の野菜を積極的に取り入れましょう
3,18,29,なし,2000,★★,夏,和食,ご飯・納豆・豆腐味噌汁・キウイ,鶏肉の冷しゃぶ・ご飯・サラダ,鮭のホイル焼き・野菜炒め,バランスよくエネルギーを確保する献立,たんぱく質★★★★★ 野菜★★★★★,水分補給を意識しましょう
4,18,29,なし,2100,★★,秋,和食,ご飯・焼き鮭・味噌汁・みかん,豚肉と野菜炒め・ご飯,ぶりの照り焼き・ひじき煮・味噌汁,活動量に合わせた標準的な献立,たんぱく質★★★★★ 野菜★★★★☆,"食事量だけでなく栄養バランスを意識しましょう"
5,18,29,なし,2200,★★,冬,和食,ご飯・納豆・卵・味噌汁,鶏もも肉の照り焼き・ご飯・サラダ,鮭のちゃんちゃん焼き・味噌汁,十分なエネルギーと筋肉維持を考えた献立,たんぱく質★★★★★ 野菜★★★★★,運動後はたんぱく質を補給しましょう
6,18,29,なし,2300,★★,通年,洋食,トースト・卵・ヨーグルト・バナナ,チキンソテー・ご飯・サラダ,白身魚のムニエル・野菜スープ,活動量が多い人向けにエネルギーを確保,たんぱく質★★★★☆ 野菜★★★★★,乳製品も適量取り入れましょう
7,18,29,なし,2400,★★★,春,和食,ご飯・納豆・焼き卵・味噌汁,牛肉と野菜炒め・ご飯,鮭の塩焼き・冷奴・野菜煮物,高い活動量を支える栄養量を確保,たんぱく質★★★★★ 野菜★★★★☆,主食量を調整して活動量に合わせましょう
8,18,29,なし,2500,★★★,夏,混合,ご飯・目玉焼き・ヨーグルト,鶏肉カレー・サラダ・ご飯,豚肉の生姜焼き・野菜スープ,消費エネルギーが多い人向けの献立,たんぱく質★★★★★ 野菜★★★★☆,"食べ過ぎではなく必要量を意識しましょう"
9,18,29,なし,2000,★,秋,和食,ご飯・納豆・味噌汁・梨,鮭のおにぎり・野菜サラダ,鶏肉の塩麹焼き・ほうれん草のおひたし,消化に配慮した栄養バランスの良い献立,たんぱく質★★★★☆ 野菜★★★★★,よく噛んで食べる習慣をつけましょう
10,18,29,なし,2100,★★,冬,和食,玄米ご飯・納豆・味噌汁,親子丼・サラダ,さば味噌煮・野菜のおひたし,筋肉維持に必要な栄養素を補給,たんぱく質★★★★★ 野菜★★★★☆,大豆食品を積極的に食べましょう
11,18,29,なし,2200,★★,春,洋食,全粒パン・チーズ・牛乳,鶏肉トマト煮・ご飯,鮭のムニエル・温野菜,ビタミンとたんぱく質を補給する献立,たんぱく質★★★★☆ 野菜★★★★★,加工食品は控えめにしましょう
12,18,29,なし,1900,★,夏,和食,ご飯・しらす・味噌汁・オレンジ,豚しゃぶ・ご飯・サラダ,赤魚の煮付け・冷奴,脂質を抑えた健康的な献立,たんぱく質★★★★☆ 野菜★★★★★,果物も毎日の食事に取り入れましょう
13,18,29,なし,2300,★★,秋,和食,ご飯・卵焼き・味噌汁,鶏肉の照り焼き丼・野菜サラダ,ぶり大根・小松菜のおひたし,エネルギーと栄養素を両立した献立,たんぱく質★★★★★ 野菜★★★★★,魚料理を定期的に取り入れましょう
14,18,29,なし,1800,★,冬,和食,オートミール・牛乳・バナナ,鶏むね肉サラダ・ご飯,豆腐ハンバーグ・味噌汁,低カロリーでも栄養を確保する献立,たんぱく質★★★★☆ 野菜★★★★★,無理な食事制限は避けましょう
15,18,29,なし,2200,★★,通年,中華,ご飯・卵スープ・ヨーグルト,麻婆豆腐・野菜サラダ・ご飯,蒸し魚・野菜炒め,複数の食品群を取り入れた献立,たんぱく質★★★★★ 野菜★★★★☆,油の量を調整しましょう
16,18,29,なし,2100,★★,春,和食,ご飯・納豆・味噌汁・いちご,鶏肉と野菜の甘酢炒め,鮭の塩焼き・ひじき煮,抗酸化食品を含む献立,たんぱく質★★★★★ 野菜★★★★★,旬の食材を楽しみましょう
17,18,29,なし,2400,★★★,夏,洋食,パン・卵・ヨーグルト,ハンバーグ・サラダ・ご飯,魚のグリル・野菜スープ,活動量の高い人向けのエネルギー補給,たんぱく質★★★★★ 野菜★★★★☆,運動量に応じて食事量を調整しましょう
18,18,29,なし,2000,★,秋,和食,ご飯・納豆・味噌汁・りんご,鮭の南蛮漬け・ご飯,豚肉と野菜の炒め物,魚と肉を組み合わせた献立,たんぱく質★★★★★ 野菜★★★★☆,バランスよく食品を選びましょう
19,18,29,なし,2300,★★,冬,和食,ご飯・卵・味噌汁・バナナ,豚肉の生姜焼き・サラダ,鶏肉の鍋料理・ご飯,冬場のエネルギー不足を防ぐ献立,たんぱく質★★★★★ 野菜★★★★★,温かい料理で体調管理しましょう
20,18,29,なし,2200,★★,通年,和食,ご飯・納豆・味噌汁・果物,鶏肉の照り焼き・野菜サラダ,さばの塩焼き・冷奴・味噌汁,基本的な栄養バランスを整えた献立,たんぱく質★★★★★ 野菜★★★★★,毎日3食を意識しましょう
21,18,29,なし,1900,★,春,和食,ご飯・納豆・味噌汁・いちご,鶏むね肉の照り焼き・野菜サラダ・ご飯,さわらの塩焼き・ひじき煮・味噌汁,低脂質なたんぱく質を中心に整えた献立,たんぱく質★★★★★ 野菜★★★★★,朝食でエネルギーを補給しましょう
22,18,29,なし,2000,★★,夏,和食,玄米ご飯・卵焼き・味噌汁・バナナ,豚しゃぶサラダ・ご飯,鮭の南蛮漬け・冷奴,夏場でも栄養を確保できる献立,たんぱく質★★★★☆ 野菜★★★★★,汗をかいた日は水分と塩分を適度に補給しましょう
23,18,29,なし,2100,★★,秋,和食,ご飯・納豆・豆腐味噌汁・りんご,鶏肉の野菜炒め・ご飯,ぶりの照り焼き・ほうれん草のおひたし,主食と主菜のバランスを考えた献立,たんぱく質★★★★★ 野菜★★★★☆,食事時間をできるだけ一定にしましょう
24,18,29,なし,2200,★★,冬,和食,ご飯・焼き鮭・味噌汁・みかん,豚肉の生姜焼き・キャベツ・ご飯,鶏団子鍋・野菜料理,体を温めながら栄養を補給する献立,たんぱく質★★★★★ 野菜★★★★★,鍋料理で野菜量を増やしましょう
25,18,29,なし,2300,★★,通年,洋食,トースト・スクランブルエッグ・ヨーグルト,チキンステーキ・サラダ・ご飯,白身魚のムニエル・野菜スープ,活動量に合わせてエネルギーを確保,たんぱく質★★★★★ 野菜★★★★☆,運動習慣と食事を組み合わせましょう
26,18,29,なし,2400,★★★,春,和食,ご飯・納豆・卵・味噌汁,牛肉野菜炒め・ご飯,鮭の塩焼き・豆腐・野菜煮物,消費量が多い人向けの充実した献立,たんぱく質★★★★★ 野菜★★★★☆,不足を感じたら主食量を調整しましょう
27,18,29,なし,1800,★,夏,和食,オートミール・牛乳・キウイ,鶏ささみサラダ・ご飯,豆腐ハンバーグ・味噌汁,低エネルギーでも栄養を確保した献立,たんぱく質★★★★☆ 野菜★★★★★,極端な食事制限は避けましょう
28,18,29,なし,2500,★★★,秋,混合,ご飯・納豆・卵・ヨーグルト,豚肉丼・野菜サラダ,鶏肉の照り焼き・ご飯・味噌汁,活動的な生活を支える高エネルギー献立,たんぱく質★★★★★ 野菜★★★★☆,運動量に合わせて食事量を調整しましょう
29,18,29,なし,2000,★,冬,和食,玄米ご飯・納豆・味噌汁・みかん,鮭おにぎり・野菜サラダ,鶏肉の塩麹焼き・小松菜のおひたし,消化しやすく栄養価を整えた献立,たんぱく質★★★★★ 野菜★★★★★,よく噛んで食べることを意識しましょう
30,18,29,なし,2100,★★,通年,中華,ご飯・卵スープ・ヨーグルト,八宝菜・ご飯,蒸し鶏・野菜炒め,多種類の食材を取り入れた献立,たんぱく質★★★★☆ 野菜★★★★★,野菜の種類を増やしましょう
31,18,29,なし,2200,★★,春,和食,ご飯・納豆・味噌汁・オレンジ,鶏肉の照り焼き・サラダ,さばの味噌煮・冷奴,魚と肉を組み合わせたバランス献立,たんぱく質★★★★★ 野菜★★★★☆,青魚を定期的に食べましょう
32,18,29,なし,2300,★★,夏,洋食,パン・卵・牛乳・バナナ,パスタ・サラダ・スープ,鶏肉のグリル・温野菜,エネルギー補給と栄養バランスを両立,たんぱく質★★★★☆ 野菜★★★★☆,主食だけに偏らないようにしましょう
33,18,29,なし,1900,★,秋,和食,ご飯・豆腐味噌汁・納豆,豚しゃぶ・野菜添え,鮭のホイル焼き・ひじき煮,脂質を抑えながら栄養を確保,たんぱく質★★★★★ 野菜★★★★★,食物繊維を毎食取り入れましょう
34,18,29,なし,2400,★★★,冬,和食,ご飯・卵焼き・納豆・味噌汁,鶏肉の親子丼・サラダ,ぶり大根・ご飯,冬の活動量低下を防ぐ献立,たんぱく質★★★★★ 野菜★★★★☆,不足しやすい栄養素を意識しましょう
35,18,29,なし,2100,★★,春,洋食,全粒パン・ヨーグルト・果物,チキントマト煮・ご飯,魚のグリル・野菜スープ,ビタミン類を補える献立,たんぱく質★★★★☆ 野菜★★★★★,果物も適量取り入れましょう
36,18,29,なし,2200,★★,夏,和食,ご飯・納豆・味噌汁・キウイ,豚肉と野菜炒め・ご飯,鮭の塩焼き・冷奴,夏場の栄養不足を防ぐ献立,たんぱく質★★★★★ 野菜★★★★☆,食欲がない時も欠食を避けましょう
37,18,29,なし,2000,★,秋,和食,玄米ご飯・卵・味噌汁,鶏むね肉の蒸し焼き・サラダ,さばの塩焼き・野菜煮物,筋肉維持を意識した献立,たんぱく質★★★★★ 野菜★★★★★,たんぱく質を毎食摂りましょう
38,18,29,なし,2300,★★,冬,混合,ご飯・納豆・ヨーグルト,牛肉炒め・ご飯・サラダ,鮭鍋・野菜料理,寒い時期のエネルギー補給を考慮,たんぱく質★★★★★ 野菜★★★★★,温かい食事を取り入れましょう
39,18,29,なし,1800,★,通年,和食,ご飯・納豆・味噌汁・りんご,鶏ささみ丼・野菜サラダ,豆腐料理・魚料理,低カロリーでも栄養を確保した献立,たんぱく質★★★★☆ 野菜★★★★★,間食の量にも注意しましょう
40,18,29,なし,2200,★★,春,和食,ご飯・焼き鮭・味噌汁・いちご,豚肉の野菜巻き・ご飯,鶏肉の照り焼き・ほうれん草のおひたし,基本的な栄養バランスを整えた献立,たんぱく質★★★★★ 野菜★★★★★,毎日3食を継続しましょう
41,18,29,なし,1900,★,春,和食,ご飯・納豆・味噌汁・バナナ,鶏むね肉の野菜炒め・ご飯,鮭の塩焼き・ひじき煮,筋肉維持に必要なたんぱく質を確保する献立,たんぱく質★★★★★ 野菜★★★★★,毎食主菜を取り入れましょう
42,18,29,なし,2000,★★,夏,和食,玄米ご飯・卵焼き・味噌汁・キウイ,豚しゃぶサラダ・ご飯,さばの味噌煮・冷奴,良質な脂質と野菜を補給できる献立,たんぱく質★★★★★ 野菜★★★★☆,魚料理を週に数回取り入れましょう
43,18,29,なし,2100,★★,秋,和食,ご飯・納豆・豆腐味噌汁・りんご,鶏肉の照り焼き・野菜サラダ,ぶり大根・小松菜のおひたし,秋の食材を活用したバランス献立,たんぱく質★★★★★ 野菜★★★★★,旬の食材を楽しみながら食べましょう
44,18,29,なし,2200,★★,冬,和食,ご飯・焼き鮭・味噌汁・みかん,豚肉の生姜焼き・キャベツ・ご飯,鶏団子鍋・野菜料理,エネルギーと栄養を両立した献立,たんぱく質★★★★★ 野菜★★★★★,温かい汁物で野菜を補いましょう
45,18,29,なし,2300,★★,通年,洋食,トースト・卵・ヨーグルト・バナナ,チキンステーキ・サラダ・ご飯,白身魚のムニエル・野菜スープ,活動量が多い人向けのエネルギー補給,たんぱく質★★★★★ 野菜★★★★☆,運動後はたんぱく質を摂取しましょう
46,18,29,なし,2400,★★★,春,和食,ご飯・納豆・卵・味噌汁,牛肉と野菜炒め・ご飯,鮭の塩焼き・豆腐・煮物,消費エネルギーが高い人向けの献立,たんぱく質★★★★★ 野菜★★★★☆,活動量に合わせて量を調整しましょう
47,18,29,なし,1800,★,夏,和食,オートミール・牛乳・果物,鶏ささみサラダ・ご飯,豆腐ハンバーグ・味噌汁,低エネルギーでも栄養を確保した献立,たんぱく質★★★★☆ 野菜★★★★★,無理な減量は避けましょう
48,18,29,なし,2500,★★★,秋,混合,ご飯・納豆・卵・ヨーグルト,豚肉丼・野菜サラダ,鶏肉の照り焼き・ご飯・味噌汁,高い活動量を支える十分なエネルギー量,たんぱく質★★★★★ 野菜★★★★☆,必要以上の間食に注意しましょう
49,18,29,なし,2000,★,冬,和食,玄米ご飯・納豆・味噌汁・りんご,鮭のおにぎり・野菜サラダ,鶏肉の塩麹焼き・青菜のおひたし,消化に配慮した栄養バランス献立,たんぱく質★★★★★ 野菜★★★★★,ゆっくり食事を楽しみましょう
50,18,29,なし,2100,★★,通年,中華,ご飯・卵スープ・ヨーグルト,八宝菜・ご飯,蒸し鶏・野菜炒め,多種類の食材を使用した献立,たんぱく質★★★★☆ 野菜★★★★★,野菜の種類を増やす工夫をしましょう
51,18,29,なし,2200,★★,春,和食,ご飯・納豆・味噌汁・オレンジ,鶏肉の照り焼き・サラダ,さばの塩焼き・冷奴,魚と肉を組み合わせた献立,たんぱく質★★★★★ 野菜★★★★☆,主菜を毎食変えて楽しみましょう
52,18,29,なし,2300,★★,夏,洋食,パン・スクランブルエッグ・牛乳,パスタ・サラダ・スープ,鶏肉のグリル・温野菜,エネルギー不足を防ぐ洋風献立,たんぱく質★★★★☆ 野菜★★★★☆,主食だけにならないよう注意しましょう
53,18,29,なし,1900,★,秋,和食,ご飯・豆腐味噌汁・納豆,豚しゃぶ・野菜添え,鮭のホイル焼き・ひじき煮,脂質を抑えた健康的な献立,たんぱく質★★★★★ 野菜★★★★★,食物繊維を毎食摂りましょう
54,18,29,なし,2400,★★★,冬,和食,ご飯・卵焼き・納豆・味噌汁,親子丼・サラダ,ぶり大根・ご飯,冬のエネルギー消費を考えた献立,たんぱく質★★★★★ 野菜★★★★☆,不足する栄養素を補いましょう
55,18,29,なし,2100,★★,春,洋食,全粒パン・ヨーグルト・果物,チキントマト煮・ご飯,魚のグリル・野菜スープ,ビタミンやミネラルを補える献立,たんぱく質★★★★☆ 野菜★★★★★,果物を適量取り入れましょう
56,18,29,なし,2200,★★,夏,和食,ご飯・納豆・味噌汁・キウイ,豚肉と野菜炒め・ご飯,鮭の塩焼き・冷奴,夏の食欲低下を防ぐ献立,たんぱく質★★★★★ 野菜★★★★☆,食欲がなくても欠食を避けましょう
57,18,29,なし,2000,★,秋,和食,玄米ご飯・卵・味噌汁,鶏むね肉の蒸し焼き・サラダ,さばの塩焼き・野菜煮物,筋肉維持を意識した献立,たんぱく質★★★★★ 野菜★★★★★,たんぱく質を毎食意識しましょう
58,18,29,なし,2300,★★,冬,混合,ご飯・納豆・ヨーグルト,牛肉炒め・ご飯・サラダ,鮭鍋・野菜料理,寒い季節の体力維持を支える献立,たんぱく質★★★★★ 野菜★★★★★,温かい料理を活用しましょう
59,18,29,なし,1800,★,通年,和食,ご飯・納豆・味噌汁・りんご,鶏ささみ丼・野菜サラダ,豆腐料理・魚料理,低カロリーでも栄養密度を高めた献立,たんぱく質★★★★☆ 野菜★★★★★,間食量を調整しましょう
60,18,29,なし,2200,★★,春,和食,ご飯・焼き鮭・味噌汁・いちご,豚肉の野菜巻き・ご飯,鶏肉の照り焼き・ほうれん草のおひたし,基本的な栄養バランスを整えた献立,たんぱく質★★★★★ 野菜★★★★★,規則正しい食事を続けましょう
61,18,29,高血圧,1800,★,通年,和食,玄米ご飯・納豆・減塩味噌汁・バナナ,鶏むね肉の蒸し焼き・野菜サラダ・ご飯,鮭の塩焼き・小松菜のおひたし・豆腐,塩分を抑えながら筋肉維持に必要なたんぱく質を確保,たんぱく質★★★★★ 野菜★★★★★ 減塩★★★★★,調味料は控えめにして素材の味を楽しみましょう
62,18,29,高血圧,1900,★,春,和食,ご飯・納豆・減塩味噌汁・りんご,豚しゃぶサラダ・ご飯,さわらの焼き物・ひじき煮,野菜と食物繊維を多く取り入れた献立,たんぱく質★★★★☆ 野菜★★★★★ 減塩★★★★★,野菜を毎食取り入れる習慣をつけましょう
63,18,29,高血圧,2000,★★,夏,和食,玄米ご飯・卵焼き・豆腐味噌汁・キウイ,鶏肉の冷しゃぶ・野菜サラダ,鮭のホイル焼き・ほうれん草のおひたし,カリウムを含む食品を意識した献立,たんぱく質★★★★★ 野菜★★★★★ 減塩★★★★★,水分補給も血圧管理には重要です
64,18,29,高血圧,2100,★★,秋,和食,ご飯・納豆・減塩味噌汁・みかん,鶏肉の照り焼き・野菜添え・ご飯,ぶり大根・青菜のおひたし,エネルギーを確保しながら塩分を調整,たんぱく質★★★★★ 野菜★★★★☆ 減塩★★★★☆,加工食品の摂取量に注意しましょう
65,18,29,高血圧,2200,★★,冬,和食,ご飯・焼き鮭・減塩味噌汁・果物,豚肉の生姜焼き・キャベツ・ご飯,鶏団子鍋・野菜料理,温かい料理で野菜量を増やす献立,たんぱく質★★★★★ 野菜★★★★★ 減塩★★★★☆,汁物は飲み過ぎないようにしましょう
66,18,29,高血圧,2300,★★,通年,洋食,全粒パン・ヨーグルト・バナナ,鶏肉のトマト煮・サラダ,白身魚のムニエル・野菜スープ,野菜を使って満足感を高めた献立,たんぱく質★★★★☆ 野菜★★★★★ 減塩★★★★★,酸味や香辛料を活用しましょう
67,18,29,高血圧,2400,★★★,春,和食,ご飯・納豆・卵・減塩味噌汁,牛肉と野菜炒め・ご飯,鮭の塩麹焼き・冷奴・野菜煮物,活動量が多い人向けの減塩献立,たんぱく質★★★★★ 野菜★★★★☆ 減塩★★★★☆,主食量は活動量に合わせて調整しましょう
68,18,29,高血圧,2500,★★★,夏,混合,ご飯・卵・ヨーグルト・果物,鶏肉カレー・サラダ,豚肉の生姜焼き・温野菜,エネルギーを確保しながら塩分を管理,たんぱく質★★★★★ 野菜★★★★☆ 減塩★★★★☆,カレーなどは塩分量を意識しましょう
69,18,29,高血圧,2000,★,秋,和食,玄米ご飯・納豆・減塩味噌汁・梨,鮭のおにぎり・野菜サラダ,鶏肉の塩麹焼き・小松菜のおひたし,食物繊維とミネラルを補える献立,たんぱく質★★★★★ 野菜★★★★★ 減塩★★★★★,果物や野菜からカリウムを摂取しましょう
70,18,29,高血圧,2100,★★,冬,和食,ご飯・卵焼き・減塩味噌汁,親子丼・サラダ,さばの味噌煮・冷奴,魚の脂質を活用した献立,たんぱく質★★★★★ 野菜★★★★☆ 減塩★★★★☆,魚料理を取り入れましょう
71,18,29,高血圧,2200,★★,春,和食,ご飯・納豆・豆腐味噌汁・いちご,鶏肉の香草焼き・野菜サラダ,あじの南蛮漬け・ひじき煮,香味を利用して減塩した献立,たんぱく質★★★★★ 野菜★★★★★ 減塩★★★★★,塩ではなく香りで満足感を高めましょう
72,18,29,高血圧,1900,★,夏,和食,オートミール・牛乳・キウイ,豚しゃぶサラダ・ご飯,赤魚の煮付け・野菜のおひたし,低塩で栄養バランスを整えた献立,たんぱく質★★★★☆ 野菜★★★★★ 減塩★★★★★,外食時は汁物を控えめにしましょう
73,18,29,高血圧,2300,★★,秋,和食,ご飯・納豆・減塩味噌汁・りんご,鶏肉の照り焼き・サラダ,鮭のホイル焼き・野菜煮物,抗酸化食品を取り入れた献立,たんぱく質★★★★★ 野菜★★★★★ 減塩★★★★★,野菜の種類を増やしましょう
74,18,29,高血圧,1800,★,冬,和食,玄米ご飯・納豆・味噌汁・みかん,鶏ささみサラダ・ご飯,豆腐ハンバーグ・野菜スープ,低カロリーでも塩分管理を意識した献立,たんぱく質★★★★☆ 野菜★★★★★ 減塩★★★★★,極端な食事制限は避けましょう
75,18,29,高血圧,2200,★★,通年,中華,ご飯・卵スープ・ヨーグルト,八宝菜・ご飯,蒸し鶏・野菜炒め,油と塩分を調整した中華献立,たんぱく質★★★★☆ 野菜★★★★★ 減塩★★★★☆,味付けを薄めに調整しましょう
76,18,29,高血圧,2100,★★,春,和食,ご飯・納豆・減塩味噌汁・オレンジ,豚肉と野菜炒め・ご飯,さばの塩焼き・冷奴,血圧管理に配慮した家庭料理,たんぱく質★★★★★ 野菜★★★★☆ 減塩★★★★★,野菜料理を一品追加しましょう
77,18,29,高血圧,2400,★★★,夏,洋食,全粒パン・卵・ヨーグルト,チキンステーキ・サラダ,魚のグリル・野菜スープ,活動量に合わせた減塩洋食,たんぱく質★★★★★ 野菜★★★★★ 減塩★★★★☆,脂質と塩分を確認しましょう
78,18,29,高血圧,2000,★,秋,和食,ご飯・納豆・味噌汁・柿,鶏むね肉の蒸し料理・野菜サラダ,ぶり大根・小松菜のおひたし,血圧管理と栄養補給を両立した献立,たんぱく質★★★★★ 野菜★★★★★ 減塩★★★★★,旬の野菜を活用しましょう
79,18,29,高血圧,2300,★★,冬,和食,ご飯・卵・減塩味噌汁・バナナ,豚しゃぶ・ご飯・サラダ,鮭鍋・野菜料理,野菜量を確保した冬向け献立,たんぱく質★★★★★ 野菜★★★★★ 減塩★★★★★,鍋料理では汁を飲みすぎないようにしましょう
80,18,29,高血圧,2200,★★,通年,和食,ご飯・納豆・減塩味噌汁・果物,鶏肉の照り焼き・野菜サラダ,さばのレモン焼き・冷奴,基本的な減塩バランス献立,たんぱく質★★★★★ 野菜★★★★★ 減塩★★★★★,継続できる減塩習慣を作りましょう
81,18,29,高血圧,1900,★,春,和食,ご飯・納豆・減塩味噌汁・いちご,鶏むね肉の照り焼き・野菜サラダ・ご飯,さわらの焼き物・ひじき煮・豆腐,低脂質で塩分を控えた基本献立,たんぱく質★★★★★ 野菜★★★★★ 減塩★★★★★,香味野菜を使って薄味でも満足感を出しましょう
82,18,29,高血圧,2000,★★,夏,和食,玄米ご飯・卵焼き・減塩味噌汁・キウイ,豚しゃぶサラダ・ご飯,鮭のホイル焼き・小松菜のおひたし,カリウム豊富な野菜を取り入れた献立,たんぱく質★★★★☆ 野菜★★★★★ 減塩★★★★★,汗をかく季節も塩分摂取量に注意しましょう
83,18,29,高血圧,2100,★★,秋,和食,ご飯・納豆・豆腐味噌汁・りんご,鶏肉の野菜炒め・ご飯,ぶりの照り焼き・ほうれん草のおひたし,エネルギーと減塩を両立した献立,たんぱく質★★★★★ 野菜★★★★☆ 減塩★★★★★,食事記録をつけると管理しやすくなります
84,18,29,高血圧,2200,★★,冬,和食,ご飯・焼き鮭・減塩味噌汁・みかん,豚肉の生姜焼き・キャベツ・ご飯,鶏団子鍋・野菜料理,温かい料理で野菜摂取量を確保,たんぱく質★★★★★ 野菜★★★★★ 減塩★★★★☆,汁物の回数を調整しましょう
85,18,29,高血圧,2300,★★,通年,洋食,全粒パン・ヨーグルト・バナナ,鶏肉のトマト煮・サラダ・ご飯,白身魚のグリル・野菜スープ,野菜の旨味を活用した減塩献立,たんぱく質★★★★☆ 野菜★★★★★ 減塩★★★★★,トマトや酢で味付けを工夫しましょう
86,18,29,高血圧,2400,★★★,春,和食,ご飯・納豆・卵・減塩味噌汁,牛肉と野菜炒め・ご飯,鮭の塩麹焼き・冷奴・煮物,活動量が高い人向けの栄養確保献立,たんぱく質★★★★★ 野菜★★★★☆ 減塩★★★★☆,食べる量と運動量のバランスを意識しましょう
87,18,29,高血圧,2500,★★★,夏,混合,ご飯・卵・ヨーグルト・果物,鶏肉カレー・野菜サラダ,豚肉の生姜焼き・温野菜,高エネルギーでも塩分に配慮した献立,たんぱく質★★★★★ 野菜★★★★☆ 減塩★★★★☆,加工ルーの量に注意しましょう
88,18,29,高血圧,1800,★,秋,和食,玄米ご飯・納豆・減塩味噌汁・梨,鶏ささみサラダ・ご飯,赤魚の煮付け・青菜のおひたし,低カロリーで血圧管理を意識した献立,たんぱく質★★★★☆ 野菜★★★★★ 減塩★★★★★,無理な食事制限は続きませんので注意しましょう
89,18,29,高血圧,2100,★★,冬,和食,ご飯・卵焼き・減塩味噌汁,親子丼・野菜サラダ,さばの味噌煮・冷奴,魚と大豆食品を組み合わせた献立,たんぱく質★★★★★ 野菜★★★★☆ 減塩★★★★☆,魚の脂質を上手に活用しましょう
90,18,29,高血圧,2200,★★,春,和食,ご飯・納豆・味噌汁・オレンジ,鶏肉の香草焼き・野菜サラダ,あじの南蛮漬け・ひじき煮,香りを利用して塩分を抑えた献立,たんぱく質★★★★★ 野菜★★★★★ 減塩★★★★★,酢や香辛料で味の変化を楽しみましょう
91,18,29,高血圧,1900,★,夏,和食,オートミール・牛乳・キウイ,豚しゃぶ・野菜サラダ,赤魚の煮付け・小松菜のおひたし,食物繊維を重視した献立,たんぱく質★★★★☆ 野菜★★★★★ 減塩★★★★★,野菜から食べる習慣をつけましょう
92,18,29,高血圧,2300,★★,秋,和食,ご飯・納豆・減塩味噌汁・柿,鶏肉の照り焼き・サラダ,鮭のホイル焼き・野菜煮物,旬の食材で栄養を補う献立,たんぱく質★★★★★ 野菜★★★★★ 減塩★★★★★,旬の食材は栄養価も高くおすすめです
93,18,29,高血圧,1800,★,冬,和食,ご飯・納豆・味噌汁・みかん,鶏ささみ丼・野菜サラダ,豆腐ハンバーグ・野菜スープ,塩分とエネルギーを調整した献立,たんぱく質★★★★☆ 野菜★★★★★ 減塩★★★★★,薄味でも継続することが大切です
94,18,29,高血圧,2200,★★,通年,中華,ご飯・卵スープ・ヨーグルト,八宝菜・ご飯,蒸し鶏・野菜炒め,油と塩分を控えた中華献立,たんぱく質★★★★☆ 野菜★★★★★ 減塩★★★★☆,中華料理は調味料量を意識しましょう
95,18,29,高血圧,2100,★★,春,和食,ご飯・納豆・減塩味噌汁・いちご,豚肉と野菜炒め・ご飯,さばの塩焼き・冷奴,家庭料理で続けやすい減塩献立,たんぱく質★★★★★ 野菜★★★★☆ 減塩★★★★★,毎日の小さな減塩を積み重ねましょう
96,18,29,高血圧,2400,★★★,夏,洋食,全粒パン・卵・ヨーグルト,チキンステーキ・サラダ,魚のグリル・野菜スープ,活動量に合わせた洋風減塩献立,たんぱく質★★★★★ 野菜★★★★★ 減塩★★★★☆,ソース類は控えめに使用しましょう
97,18,29,高血圧,2000,★,秋,和食,玄米ご飯・納豆・味噌汁・りんご,鶏むね肉の蒸し料理・サラダ,ぶり大根・小松菜のおひたし,食物繊維とたんぱく質を確保した献立,たんぱく質★★★★★ 野菜★★★★★ 減塩★★★★★,海藻や豆類も取り入れましょう
98,18,29,高血圧,2300,★★,冬,和食,ご飯・卵・減塩味噌汁・バナナ,豚しゃぶ・ご飯・サラダ,鮭鍋・野菜料理,冬場の栄養不足を防ぐ献立,たんぱく質★★★★★ 野菜★★★★★ 減塩★★★★★,鍋料理では具材を多くしましょう
99,18,29,高血圧,1900,★,通年,和食,ご飯・納豆・減塩味噌汁・果物,鶏ささみ丼・野菜サラダ,豆腐料理・魚料理,継続しやすい低塩献立,たんぱく質★★★★☆ 野菜★★★★★ 減塩★★★★★,無理なく続けられる方法を選びましょう
100,18,29,高血圧,2200,★★,春,和食,ご飯・焼き鮭・減塩味噌汁・いちご,豚肉の野菜巻き・ご飯,鶏肉の照り焼き・ほうれん草のおひたし,基本栄養と血圧管理を両立した献立,たんぱく質★★★★★ 野菜★★★★★ 減塩★★★★★,定期的に血圧を確認しましょう
101,18,29,高血圧,1800,★,春,和食,玄米ご飯・納豆・減塩味噌汁・りんご,鶏むね肉の蒸し焼き・野菜サラダ,鮭の塩焼き・冷奴・小松菜のおひたし,低エネルギーでも野菜とたんぱく質を確保した献立,たんぱく質★★★★★ 野菜★★★★★ 減塩★★★★★,薄味に慣れることで減塩を継続しやすくなります
102,18,29,高血圧,1900,★,夏,和食,ご飯・納豆・豆腐味噌汁・キウイ,豚しゃぶサラダ・ご飯,さわらの焼き物・ひじき煮,カリウムを含む食品を取り入れた献立,たんぱく質★★★★☆ 野菜★★★★★ 減塩★★★★★,野菜や果物を毎日取り入れましょう
103,18,29,高血圧,2000,★★,秋,和食,ご飯・卵焼き・減塩味噌汁・柿,鶏肉と野菜の炒め物・ご飯,鮭のホイル焼き・青菜のおひたし,栄養バランスを保ちながら塩分を調整した献立,たんぱく質★★★★★ 野菜★★★★★ 減塩★★★★☆,味付けは最後に調整すると減塩できます
104,18,29,高血圧,2100,★★,冬,和食,ご飯・納豆・減塩味噌汁・みかん,豚肉の生姜焼き・キャベツ,鶏肉と野菜の鍋料理,冬でも野菜摂取量を確保できる献立,たんぱく質★★★★★ 野菜★★★★★ 減塩★★★★★,汁物の塩分量に注意しましょう
105,18,29,高血圧,2200,★★,通年,和食,ご飯・焼き鮭・卵・味噌汁,鶏肉の照り焼き・サラダ,さばのレモン焼き・冷奴,魚の脂質を活用した健康的な献立,たんぱく質★★★★★ 野菜★★★★☆ 減塩★★★★★,レモンや酢で味付けを工夫しましょう
106,18,29,高血圧,2300,★★,春,洋食,全粒パン・卵・ヨーグルト,鶏肉のトマト煮・サラダ,白身魚のグリル・野菜スープ,野菜量を増やした洋風減塩献立,たんぱく質★★★★☆ 野菜★★★★★ 減塩★★★★★,ドレッシングの量にも注意しましょう
107,18,29,高血圧,2400,★★★,夏,和食,ご飯・納豆・卵・減塩味噌汁,牛肉野菜炒め・ご飯,鮭の塩麹焼き・豆腐・煮物,活動量が多い人向けの栄養確保献立,たんぱく質★★★★★ 野菜★★★★☆ 減塩★★★★☆,食事量と運動量のバランスを確認しましょう
108,18,29,高血圧,2500,★★★,秋,混合,ご飯・卵・ヨーグルト・果物,鶏肉丼・野菜サラダ,豚肉の生姜焼き・温野菜,高エネルギーでも減塩を意識した献立,たんぱく質★★★★★ 野菜★★★★☆ 減塩★★★★☆,外食時も塩分量を意識しましょう
109,18,29,高血圧,1800,★,冬,和食,オートミール・牛乳・バナナ,鶏ささみサラダ・ご飯,豆腐ハンバーグ・野菜スープ,栄養密度を高めた低塩献立,たんぱく質★★★★☆ 野菜★★★★★ 減塩★★★★★,不足しやすい栄養素を補いましょう
110,18,29,高血圧,2000,★★,春,和食,玄米ご飯・納豆・減塩味噌汁・いちご,鮭のおにぎり・野菜サラダ,鶏肉の塩麹焼き・ひじき煮,食物繊維とたんぱく質を確保した献立,たんぱく質★★★★★ 野菜★★★★★ 減塩★★★★★,食物繊維は血圧管理にも役立ちます
111,18,29,高血圧,2100,★★,夏,和食,ご飯・卵焼き・味噌汁・オレンジ,豚しゃぶ・野菜サラダ,あじの南蛮漬け・冷奴,酸味を活用して塩分を抑えた献立,たんぱく質★★★★★ 野菜★★★★★ 減塩★★★★★,酸味や香りを利用しましょう
112,18,29,高血圧,2200,★★,秋,和食,ご飯・納豆・豆腐味噌汁・りんご,鶏肉の照り焼き・野菜添え,ぶり大根・青菜のおひたし,秋の食材を利用した減塩献立,たんぱく質★★★★★ 野菜★★★★★ 減塩★★★★☆,加工食品の頻度を減らしましょう
113,18,29,高血圧,2300,★★,冬,和食,ご飯・焼き魚・減塩味噌汁・みかん,豚肉と野菜炒め,鶏鍋・豆腐料理,体を温めながら塩分を管理する献立,たんぱく質★★★★★ 野菜★★★★★ 減塩★★★★★,鍋の汁は飲み過ぎないようにしましょう
114,18,29,高血圧,1900,★,通年,和食,ご飯・納豆・味噌汁・果物,鶏むね肉サラダ・ご飯,魚の煮付け・野菜料理,継続しやすい家庭的な献立,たんぱく質★★★★☆ 野菜★★★★★ 減塩★★★★★,毎日の食事習慣を大切にしましょう
115,18,29,高血圧,2400,★★★,春,洋食,パン・卵・ヨーグルト,チキンソテー・温野菜,魚料理・野菜スープ,活動量に応じた減塩洋食献立,たんぱく質★★★★★ 野菜★★★★★ 減塩★★★★☆,ソースや調味料は控えめにしましょう
116,18,29,高血圧,2000,★,夏,和食,ご飯・納豆・減塩味噌汁・桃,鶏肉の蒸し料理・サラダ,鮭の焼き物・ひじき煮,夏野菜を取り入れた献立,たんぱく質★★★★★ 野菜★★★★★ 減塩★★★★★,旬の野菜を積極的に使いましょう
117,18,29,高血圧,2100,★★,秋,中華,ご飯・卵スープ・ヨーグルト,八宝菜・ご飯,蒸し鶏・野菜炒め,調味料を調整した中華献立,たんぱく質★★★★☆ 野菜★★★★★ 減塩★★★★☆,味付けを薄めに調整しましょう
118,18,29,高血圧,2200,★★,冬,和食,ご飯・納豆・減塩味噌汁・バナナ,親子丼・サラダ,さばの味噌煮・豆腐,魚と大豆食品を組み合わせた献立,たんぱく質★★★★★ 野菜★★★★☆ 減塩★★★★☆,大豆食品を積極的に取り入れましょう
119,18,29,高血圧,2300,★★,通年,和食,玄米ご飯・卵・味噌汁,豚しゃぶ・ご飯・サラダ,鮭鍋・野菜料理,野菜量を確保したバランス献立,たんぱく質★★★★★ 野菜★★★★★ 減塩★★★★★,継続できる減塩方法を探しましょう
120,18,29,高血圧,2200,★★,春,和食,ご飯・納豆・減塩味噌汁・いちご,鶏肉の照り焼き・野菜サラダ,さばのレモン焼き・冷奴,血圧管理と栄養補給を両立した献立,たんぱく質★★★★★ 野菜★★★★★ 減塩★★★★★,定期的に血圧を測定して健康管理しましょう
121,18,29,糖尿病,1800,★,通年,和食,玄米ご飯・納豆・味噌汁・ゆで卵,鶏むね肉の蒸し焼き・野菜サラダ・ご飯,鮭の塩焼き・豆腐・野菜煮物,食物繊維を確保し血糖値の安定を考えた献立,たんぱく質★★★★★ 野菜★★★★★ 糖質管理★★★★★,野菜から食べる習慣を意識しましょう
122,18,29,糖尿病,1900,★,春,和食,ご飯・納豆・味噌汁・りんご,豚しゃぶサラダ・少なめご飯,さわらの焼き物・ひじき煮,糖質量を調整しながら栄養を確保する献立,たんぱく質★★★★★ 野菜★★★★★ 糖質管理★★★★★,食事時間を規則正しくしましょう
123,18,29,糖尿病,2000,★★,夏,和食,玄米ご飯・卵焼き・豆腐味噌汁・キウイ,鶏肉の冷しゃぶ・野菜サラダ・ご飯,鮭のホイル焼き・ほうれん草のおひたし,低GI食品を取り入れた献立,たんぱく質★★★★★ 野菜★★★★★ 糖質管理★★★★★,甘い飲料は控えめにしましょう
124,18,29,糖尿病,2100,★★,秋,和食,ご飯・納豆・味噌汁・梨,鶏肉と野菜炒め・ご飯,ぶり大根・小松菜のおひたし,野菜量を増やして血糖上昇を抑える献立,たんぱく質★★★★★ 野菜★★★★★ 糖質管理★★★★☆,食物繊維を毎食取り入れましょう
125,18,29,糖尿病,2200,★★,冬,和食,ご飯・卵・納豆・味噌汁,豚肉の生姜焼き・キャベツ・ご飯,鶏団子鍋・野菜料理,活動量に合わせたエネルギー確保献立,たんぱく質★★★★★ 野菜★★★★☆ 糖質管理★★★★☆,食べ過ぎを防ぐため量を意識しましょう
126,18,29,糖尿病,2300,★★★,春,洋食,全粒パン・卵・ヨーグルト,チキントマト煮・サラダ,白身魚のグリル・野菜スープ,糖質を調整した洋風献立,たんぱく質★★★★★ 野菜★★★★★ 糖質管理★★★★★,主食量を一定に保ちましょう
127,18,29,糖尿病,2400,★★★,夏,混合,ご飯・納豆・卵・ヨーグルト,鶏肉丼・野菜サラダ,豚肉炒め・温野菜,活動量が多い人向けの栄養バランス献立,たんぱく質★★★★★ 野菜★★★★☆ 糖質管理★★★★☆,運動習慣と食事管理を組み合わせましょう
128,18,29,糖尿病,1800,★,秋,和食,玄米ご飯・豆腐味噌汁・納豆,鶏ささみサラダ・ご飯,鮭の焼き物・ひじき煮,低エネルギーでも栄養密度を高めた献立,たんぱく質★★★★☆ 野菜★★★★★ 糖質管理★★★★★,間食量に注意しましょう
129,18,29,糖尿病,2000,★★,冬,和食,ご飯・卵焼き・味噌汁・みかん,親子丼・野菜サラダ,さばの塩焼き・冷奴,主食と主菜のバランスを考えた献立,たんぱく質★★★★★ 野菜★★★★☆ 糖質管理★★★★★,果物は量を決めて食べましょう
130,18,29,糖尿病,2100,★★,通年,和食,玄米ご飯・納豆・味噌汁,豚しゃぶ・野菜サラダ,鮭のホイル焼き・野菜煮物,血糖管理を考えた家庭料理,たんぱく質★★★★★ 野菜★★★★★ 糖質管理★★★★★,よく噛んでゆっくり食べましょう
131,18,29,糖尿病,2200,★★,春,和食,ご飯・納豆・卵・味噌汁・いちご,鶏肉の照り焼き・野菜サラダ,あじの南蛮漬け・豆腐,栄養バランスを整えた献立,たんぱく質★★★★★ 野菜★★★★★ 糖質管理★★★★☆,食事記録をつけると管理しやすくなります
132,18,29,糖尿病,1900,★,夏,和食,オートミール・牛乳・キウイ,豚しゃぶ・ご飯・サラダ,赤魚の煮付け・青菜のおひたし,血糖変動を抑える食品を取り入れた献立,たんぱく質★★★★☆ 野菜★★★★★ 糖質管理★★★★★,加工された糖分を控えましょう
133,18,29,糖尿病,2300,★★,秋,和食,玄米ご飯・納豆・味噌汁・りんご,鶏肉の照り焼き・野菜添え,鮭鍋・野菜料理,食物繊維を多く含む献立,たんぱく質★★★★★ 野菜★★★★★ 糖質管理★★★★★,野菜料理を一品追加しましょう
134,18,29,糖尿病,1800,★,冬,和食,ご飯・納豆・味噌汁・みかん,鶏ささみ丼・サラダ,豆腐ハンバーグ・野菜スープ,カロリーと糖質を調整した献立,たんぱく質★★★★☆ 野菜★★★★★ 糖質管理★★★★★,欠食は血糖管理に影響します
135,18,29,糖尿病,2200,★★,通年,中華,ご飯・卵スープ・ヨーグルト,八宝菜・少量ご飯,蒸し鶏・野菜炒め,野菜を多く使用した中華献立,たんぱく質★★★★☆ 野菜★★★★★ 糖質管理★★★★☆,外食時も栄養バランスを意識しましょう
136,18,29,糖尿病,2100,★★,春,和食,ご飯・納豆・味噌汁・オレンジ,豚肉と野菜炒め・ご飯,さばの塩焼き・冷奴,魚と肉を組み合わせた献立,たんぱく質★★★★★ 野菜★★★★☆ 糖質管理★★★★★,食物繊維を先に摂取しましょう
137,18,29,糖尿病,2400,★★★,夏,洋食,全粒パン・卵・ヨーグルト,チキンステーキ・サラダ,魚のグリル・野菜スープ,エネルギー確保と糖質管理を両立,たんぱく質★★★★★ 野菜★★★★★ 糖質管理★★★★☆,運動量に合わせて調整しましょう
138,18,29,糖尿病,2000,★,秋,和食,玄米ご飯・納豆・味噌汁・柿,鶏むね肉料理・野菜サラダ,ぶり大根・小松菜のおひたし,血糖管理を意識した秋の献立,たんぱく質★★★★★ 野菜★★★★★ 糖質管理★★★★★,旬の食材を活用しましょう
139,18,29,糖尿病,2300,★★,冬,和食,ご飯・卵・納豆・味噌汁,豚しゃぶ・ご飯・サラダ,鮭鍋・豆腐料理,体力維持を考えた糖質調整献立,たんぱく質★★★★★ 野菜★★★★★ 糖質管理★★★★☆,体重管理も意識しましょう
140,18,29,糖尿病,2100,★★,通年,和食,ご飯・納豆・味噌汁・果物,鶏肉の照り焼き・野菜サラダ,さばのレモン焼き・冷奴,継続しやすい糖尿病配慮献立,たんぱく質★★★★★ 野菜★★★★★ 糖質管理★★★★★,毎日の食事リズムを整えましょう
141,18,29,糖尿病,1800,★,春,和食,玄米ご飯・納豆・味噌汁・いちご,鶏むね肉の蒸し焼き・野菜サラダ,鮭の塩焼き・ひじき煮・豆腐,血糖値の急上昇を防ぐ食物繊維重視の献立,たんぱく質★★★★★ 野菜★★★★★ 糖質管理★★★★★,食事の最初に野菜を食べるよう意識しましょう
142,18,29,糖尿病,1900,★,夏,和食,ご飯・卵焼き・豆腐味噌汁・キウイ,豚しゃぶサラダ・ご飯,さわらの焼き物・青菜のおひたし,低脂質で栄養バランスを整えた献立,たんぱく質★★★★★ 野菜★★★★★ 糖質管理★★★★★,甘いお菓子の量を調整しましょう
143,18,29,糖尿病,2000,★★,秋,和食,玄米ご飯・納豆・味噌汁・りんご,鶏肉と野菜炒め・ご飯,ぶり大根・小松菜のおひたし,糖質量と野菜量を考慮した献立,たんぱく質★★★★★ 野菜★★★★★ 糖質管理★★★★☆,主食量を毎食一定にしましょう
144,18,29,糖尿病,2100,★★,冬,和食,ご飯・卵・納豆・味噌汁,豚肉の生姜焼き・キャベツ・ご飯,鶏鍋・野菜料理,エネルギーを確保しながら血糖管理を考えた献立,たんぱく質★★★★★ 野菜★★★★★ 糖質管理★★★★☆,食べ過ぎを防ぐため腹八分目を意識しましょう
145,18,29,糖尿病,2200,★★,通年,洋食,全粒パン・卵・ヨーグルト,チキンソテー・サラダ,白身魚のグリル・野菜スープ,糖質を調整した洋風メニュー,たんぱく質★★★★★ 野菜★★★★★ 糖質管理★★★★★,飲み物の糖分にも注意しましょう
146,18,29,糖尿病,2300,★★★,春,和食,ご飯・納豆・味噌汁・果物,鶏肉丼・野菜サラダ,鮭のホイル焼き・豆腐,活動量に合わせた栄養確保献立,たんぱく質★★★★★ 野菜★★★★☆ 糖質管理★★★★☆,運動習慣を取り入れましょう
147,18,29,糖尿病,2400,★★★,夏,混合,ご飯・卵・ヨーグルト,豚肉と野菜炒め・ご飯,鶏肉の照り焼き・温野菜,高エネルギーでも糖質を調整した献立,たんぱく質★★★★★ 野菜★★★★★ 糖質管理★★★★☆,活動量が多い日は量を調整しましょう
148,18,29,糖尿病,1800,★,秋,和食,オートミール・牛乳・バナナ,鶏ささみサラダ・ご飯,豆腐ハンバーグ・野菜スープ,低カロリーでも栄養を確保した献立,たんぱく質★★★★☆ 野菜★★★★★ 糖質管理★★★★★,間食は時間と量を決めましょう
149,18,29,糖尿病,2000,★★,冬,和食,玄米ご飯・納豆・味噌汁,親子丼・サラダ,さばの塩焼き・冷奴,主食と主菜のバランスを考えた献立,たんぱく質★★★★★ 野菜★★★★☆ 糖質管理★★★★★,魚料理も積極的に取り入れましょう
150,18,29,糖尿病,2100,★★,春,和食,ご飯・納豆・卵・味噌汁・いちご,豚しゃぶ・野菜サラダ,鮭の南蛮漬け・ひじき煮,食物繊維を補える献立,たんぱく質★★★★★ 野菜★★★★★ 糖質管理★★★★★,野菜不足に注意しましょう
151,18,29,糖尿病,2200,★★,夏,和食,玄米ご飯・豆腐味噌汁・ヨーグルト,鶏肉の冷しゃぶ・ご飯,あじの焼き物・野菜煮物,血糖変化を穏やかにする献立,たんぱく質★★★★★ 野菜★★★★★ 糖質管理★★★★★,ゆっくり食べることを意識しましょう
152,18,29,糖尿病,2300,★★★,秋,洋食,全粒パン・卵・果物,チキントマト煮・サラダ,魚のグリル・野菜スープ,野菜量を確保した洋風献立,たんぱく質★★★★☆ 野菜★★★★★ 糖質管理★★★★★,加工食品の摂取量を減らしましょう
153,18,29,糖尿病,1900,★,冬,和食,ご飯・納豆・味噌汁・みかん,鶏むね肉サラダ・ご飯,赤魚の煮付け・青菜のおひたし,血糖管理を意識した家庭料理,たんぱく質★★★★☆ 野菜★★★★★ 糖質管理★★★★★,毎日同じ時間帯に食事をしましょう
154,18,29,糖尿病,2400,★★★,通年,和食,ご飯・卵・納豆・味噌汁,牛肉野菜炒め・ご飯,鮭鍋・豆腐料理,活動量が高い人向けの献立,たんぱく質★★★★★ 野菜★★★★☆ 糖質管理★★★★☆,食後の軽い運動もおすすめです
155,18,29,糖尿病,2000,★,春,和食,玄米ご飯・納豆・味噌汁・りんご,鶏肉の蒸し料理・野菜サラダ,さばの塩焼き・ひじき煮,栄養密度を高めた献立,たんぱく質★★★★★ 野菜★★★★★ 糖質管理★★★★★,食物繊維を意識して摂りましょう
156,18,29,糖尿病,2100,★★,夏,中華,ご飯・卵スープ・ヨーグルト,八宝菜・少量ご飯,蒸し鶏・野菜炒め,糖質と脂質を調整した中華献立,たんぱく質★★★★☆ 野菜★★★★★ 糖質管理★★★★☆,外食では量を調整しましょう
157,18,29,糖尿病,2200,★★,秋,和食,ご飯・納豆・味噌汁・柿,豚肉と野菜炒め,ぶり大根・豆腐,秋野菜を活用した献立,たんぱく質★★★★★ 野菜★★★★★ 糖質管理★★★★★,季節の野菜を取り入れましょう
158,18,29,糖尿病,2300,★★★,冬,和食,ご飯・卵焼き・納豆,鶏肉の照り焼き・サラダ,鮭鍋・野菜料理,体力維持を考えた糖質調整献立,たんぱく質★★★★★ 野菜★★★★★ 糖質管理★★★★☆,体重変化も確認しましょう
159,18,29,糖尿病,1900,★,通年,和食,オートミール・牛乳・果物,豚しゃぶ・野菜サラダ,魚料理・豆腐料理,血糖管理を継続しやすい献立,たんぱく質★★★★☆ 野菜★★★★★ 糖質管理★★★★★,継続できる食習慣を作りましょう
160,18,29,糖尿病,2200,★★,春,和食,ご飯・納豆・味噌汁・いちご,鶏肉の照り焼き・野菜サラダ,さばのレモン焼き・冷奴,日常生活で続けやすい糖尿病配慮献立,たんぱく質★★★★★ 野菜★★★★★ 糖質管理★★★★★,定期的な健康チェックを行いましょう
161,18,29,腎臓病,1800,★,通年,和食,ご飯・卵・減塩味噌汁・りんご,鶏肉と野菜の炒め物・ご飯,白身魚の焼き物・野菜煮物,エネルギーを確保しながら塩分に配慮した献立,エネルギー★★★★★ 塩分配慮★★★★★ 腎臓配慮★★★★★,医師や管理栄養士の指示に合わせて調整しましょう
162,18,29,腎臓病,1900,★,春,和食,ご飯・卵焼き・果物・減塩味噌汁,豚肉と野菜炒め・ご飯,鮭の焼き物・豆腐料理,必要なエネルギーを確保したバランス献立,エネルギー★★★★★ 塩分配慮★★★★★ 腎臓配慮★★★★☆,塩分の多い加工食品は控えましょう
163,18,29,腎臓病,2000,★★,夏,和食,ご飯・卵・減塩味噌汁・梨,鶏むね肉料理・ご飯・野菜料理,白身魚の蒸し焼き,低塩で栄養バランスを整えた献立,エネルギー★★★★★ 塩分配慮★★★★★ 腎臓配慮★★★★★,水分管理は体調に合わせて行いましょう
164,18,29,腎臓病,2100,★★,秋,和食,ご飯・卵焼き・減塩味噌汁,豚しゃぶ・ご飯,さわらの焼き物・野菜料理,十分なエネルギーを補える献立,エネルギー★★★★★ 塩分配慮★★★★☆ 腎臓配慮★★★★★,食品表示の塩分量を確認しましょう
165,18,29,腎臓病,2200,★★,冬,和食,ご飯・卵・果物・減塩味噌汁,鶏肉料理・野菜サラダ,白身魚の鍋料理,活動量に応じたエネルギー確保献立,エネルギー★★★★★ 塩分配慮★★★★☆ 腎臓配慮★★★★☆,食事制限は自己判断で変更しないようにしましょう
166,18,29,腎臓病,1800,★,春,洋食,パン・卵・ヨーグルト,鶏肉のソテー・野菜料理,白身魚のムニエル・スープ,洋風で塩分を抑えた献立,エネルギー★★★★☆ 塩分配慮★★★★★ 腎臓配慮★★★★★,調味料を使いすぎない工夫をしましょう
167,18,29,腎臓病,1900,★,夏,和食,ご飯・卵・果物,豚肉の生姜焼き・ご飯,鮭の焼き物・野菜料理,食事量を確保しながら調整した献立,エネルギー★★★★★ 塩分配慮★★★★☆ 腎臓配慮★★★★★,主食からエネルギーを確保しましょう
168,18,29,腎臓病,2000,★★,秋,和食,ご飯・卵焼き・減塩味噌汁,鶏肉の照り焼き・野菜料理,白身魚の蒸し料理,家庭で続けやすい腎臓配慮献立,エネルギー★★★★★ 塩分配慮★★★★★ 腎臓配慮★★★★★,薄味でも素材の味を楽しみましょう
169,18,29,腎臓病,2100,★★,冬,和食,ご飯・卵・減塩味噌汁・みかん,豚肉野菜炒め・ご飯,魚の焼き物・豆腐,必要栄養量を考慮した献立,エネルギー★★★★★ 塩分配慮★★★★☆ 腎臓配慮★★★★★,定期的に検査結果を確認しましょう
170,18,29,腎臓病,1800,★,通年,和食,ご飯・卵・味噌汁・りんご,鶏ささみ料理・野菜サラダ,白身魚料理・煮物,栄養不足を防ぐ低塩献立,エネルギー★★★★☆ 塩分配慮★★★★★ 腎臓配慮★★★★★,食欲低下時もエネルギー確保を意識しましょう
171,18,29,腎臓病,1900,★,春,和食,ご飯・卵焼き・果物,豚しゃぶ・野菜料理,鮭のホイル焼き,食事制限中でも楽しめる献立,エネルギー★★★★★ 塩分配慮★★★★★ 腎臓配慮★★★★☆,加工食品の利用を減らしましょう
172,18,29,腎臓病,2000,★★,夏,洋食,パン・卵・牛乳,鶏肉料理・サラダ,白身魚料理・野菜スープ,エネルギー不足を防ぐ洋風献立,エネルギー★★★★★ 塩分配慮★★★★★ 腎臓配慮★★★★★,食事量を急に減らさないようにしましょう
173,18,29,腎臓病,2200,★★,秋,和食,ご飯・卵・減塩味噌汁,豚肉料理・ご飯,魚料理・野菜煮物,活動量に合わせたエネルギー補給献立,エネルギー★★★★★ 塩分配慮★★★★☆ 腎臓配慮★★★★☆,体調に応じて食事内容を調整しましょう
174,18,29,腎臓病,1800,★,冬,和食,ご飯・卵・果物,鶏肉料理・野菜炒め,白身魚の焼き物,低塩で継続しやすい献立,エネルギー★★★★☆ 塩分配慮★★★★★ 腎臓配慮★★★★★,食事記録を活用しましょう
175,18,29,腎臓病,2000,★★,春,和食,ご飯・卵焼き・減塩味噌汁,鶏肉の蒸し料理,魚料理・豆腐,バランスを意識した家庭料理,エネルギー★★★★★ 塩分配慮★★★★★ 腎臓配慮★★★★★,味付けは控えめを心掛けましょう
176,18,29,腎臓病,2100,★★,夏,和食,ご飯・卵・果物,豚肉と野菜炒め,白身魚の料理,栄養不足予防を目的とした献立,エネルギー★★★★★ 塩分配慮★★★★☆ 腎臓配慮★★★★★,食事制限は専門家へ相談しましょう
177,18,29,腎臓病,1900,★,秋,和食,ご飯・卵・味噌汁,鶏肉料理・野菜サラダ,鮭料理・煮物,シンプルで継続しやすい献立,エネルギー★★★★★ 塩分配慮★★★★★ 腎臓配慮★★★★★,薄味の習慣を身につけましょう
178,18,29,腎臓病,2200,★★★,冬,洋食,パン・卵・ヨーグルト,鶏肉料理・野菜料理,白身魚料理・スープ,エネルギーを補える洋風献立,エネルギー★★★★★ 塩分配慮★★★★☆ 腎臓配慮★★★★☆,栄養バランスを優先しましょう
179,18,29,腎臓病,2000,★★,通年,和食,ご飯・卵・果物,豚しゃぶ・野菜料理,魚の焼き物・豆腐,腎臓への負担を考えた献立,エネルギー★★★★★ 塩分配慮★★★★★ 腎臓配慮★★★★★,自己判断で制限を強めすぎないようにしましょう
180,18,29,腎臓病,2100,★★,春,和食,ご飯・卵焼き・減塩味噌汁,鶏肉料理・野菜料理,白身魚の蒸し焼き,日常生活で続けやすい腎臓配慮献立,エネルギー★★★★★ 塩分配慮★★★★★ 腎臓配慮★★★★★,定期的な健康管理を続けましょう
181,18,29,脂質異常症,1800,★,通年,和食,玄米ご飯・納豆・味噌汁・りんご,鶏むね肉の蒸し焼き・野菜サラダ・ご飯,鮭の塩焼き・豆腐・野菜煮物,脂質を抑えながら必要なたんぱく質を確保した献立,たんぱく質★★★★★ 野菜★★★★★ 脂質管理★★★★★,揚げ物の頻度を減らしましょう
182,18,29,脂質異常症,1900,★,春,和食,ご飯・納豆・卵焼き・味噌汁,豚しゃぶサラダ・ご飯,さわらの焼き物・ひじき煮,食物繊維を増やした脂質管理献立,たんぱく質★★★★★ 野菜★★★★★ 脂質管理★★★★★,野菜や海藻を積極的に摂りましょう
183,18,29,脂質異常症,2000,★★,夏,和食,玄米ご飯・豆腐味噌汁・ヨーグルト・キウイ,鶏肉の冷しゃぶ・野菜サラダ,鮭のホイル焼き・ほうれん草のおひたし,良質な脂質を取り入れた献立,たんぱく質★★★★★ 野菜★★★★★ 脂質管理★★★★★,魚の脂は適量取り入れましょう
184,18,29,脂質異常症,2100,★★,秋,和食,ご飯・納豆・味噌汁・梨,鶏肉と野菜炒め・ご飯,ぶり大根・小松菜のおひたし,魚と野菜を組み合わせた献立,たんぱく質★★★★★ 野菜★★★★★ 脂質管理★★★★☆,脂身の多い肉は控えめにしましょう
185,18,29,脂質異常症,2200,★★,冬,和食,ご飯・卵・納豆・味噌汁,豚肉の生姜焼き・キャベツ,鶏団子鍋・野菜料理,体を温めながら脂質を調整した献立,たんぱく質★★★★★ 野菜★★★★★ 脂質管理★★★★☆,鍋料理では野菜を多めにしましょう
186,18,29,脂質異常症,2300,★★★,春,洋食,全粒パン・ヨーグルト・果物,鶏肉のトマト煮・サラダ,白身魚のグリル・野菜スープ,低脂質な洋風献立,たんぱく質★★★★★ 野菜★★★★★ 脂質管理★★★★★,バターやクリーム系料理は控えめにしましょう
187,18,29,脂質異常症,2400,★★★,夏,混合,ご飯・卵・ヨーグルト,鶏肉丼・野菜サラダ,豚肉と野菜炒め・温野菜,活動量に合わせた脂質調整献立,たんぱく質★★★★★ 野菜★★★★☆ 脂質管理★★★★☆,食事量と運動量を合わせましょう
188,18,29,脂質異常症,1800,★,秋,和食,玄米ご飯・納豆・味噌汁・柿,鶏ささみサラダ・ご飯,鮭の焼き物・ひじき煮,脂質を控えた栄養密度の高い献立,たんぱく質★★★★☆ 野菜★★★★★ 脂質管理★★★★★,食物繊維を毎食意識しましょう
189,18,29,脂質異常症,2000,★★,冬,和食,ご飯・卵焼き・味噌汁・みかん,親子丼・野菜サラダ,さばの塩焼き・冷奴,魚の脂質を活用した献立,たんぱく質★★★★★ 野菜★★★★☆ 脂質管理★★★★★,青魚を定期的に取り入れましょう
190,18,29,脂質異常症,2100,★★,通年,和食,玄米ご飯・納豆・豆腐味噌汁,豚しゃぶ・野菜サラダ,鮭のホイル焼き・野菜煮物,コレステロール管理を意識した献立,たんぱく質★★★★★ 野菜★★★★★ 脂質管理★★★★★,肉だけでなく魚や豆類も活用しましょう
191,18,29,脂質異常症,2200,★★,春,和食,ご飯・納豆・卵・いちご,鶏肉の照り焼き・野菜サラダ,あじの南蛮漬け・豆腐,不飽和脂肪酸を意識した献立,たんぱく質★★★★★ 野菜★★★★★ 脂質管理★★★★★,調理法は焼く・蒸すを選びましょう
192,18,29,脂質異常症,1900,★,夏,和食,オートミール・牛乳・キウイ,豚しゃぶ・ご飯・サラダ,赤魚の煮付け・青菜のおひたし,脂質を抑えながら満足感を高めた献立,たんぱく質★★★★☆ 野菜★★★★★ 脂質管理★★★★★,間食の脂質量にも注意しましょう
193,18,29,脂質異常症,2300,★★,秋,和食,ご飯・納豆・味噌汁・りんご,鶏肉の照り焼き・野菜添え,鮭鍋・野菜料理,魚と野菜を中心にした献立,たんぱく質★★★★★ 野菜★★★★★ 脂質管理★★★★★,旬の魚を活用しましょう
194,18,29,脂質異常症,1800,★,冬,和食,ご飯・納豆・味噌汁・みかん,鶏ささみ丼・サラダ,豆腐ハンバーグ・野菜スープ,低脂質でも栄養を確保した献立,たんぱく質★★★★☆ 野菜★★★★★ 脂質管理★★★★★,脂質を極端に減らしすぎないよう注意しましょう
195,18,29,脂質異常症,2200,★★,通年,中華,ご飯・卵スープ・ヨーグルト,八宝菜・ご飯,蒸し鶏・野菜炒め,油量を調整した中華献立,たんぱく質★★★★☆ 野菜★★★★★ 脂質管理★★★★☆,油の量を確認しましょう
196,18,29,脂質異常症,2100,★★,春,和食,ご飯・納豆・味噌汁・オレンジ,豚肉と野菜炒め・ご飯,さばの塩焼き・冷奴,魚と野菜を組み合わせた献立,たんぱく質★★★★★ 野菜★★★★☆ 脂質管理★★★★★,魚料理を週に数回取り入れましょう
197,18,29,脂質異常症,2400,★★★,夏,洋食,全粒パン・卵・ヨーグルト,チキンステーキ・サラダ,魚のグリル・野菜スープ,運動量が多い人向け低脂質献立,たんぱく質★★★★★ 野菜★★★★★ 脂質管理★★★★☆,ソース類の量に注意しましょう
198,18,29,脂質異常症,2000,★,秋,和食,玄米ご飯・納豆・味噌汁・柿,鶏むね肉料理・野菜サラダ,ぶり大根・小松菜のおひたし,食物繊維を増やした献立,たんぱく質★★★★★ 野菜★★★★★ 脂質管理★★★★★,野菜量を意識しましょう
199,18,29,脂質異常症,2300,★★,冬,和食,ご飯・卵・納豆・味噌汁,豚しゃぶ・ご飯・サラダ,鮭鍋・豆腐料理,脂質バランスを考えた冬向け献立,たんぱく質★★★★★ 野菜★★★★★ 脂質管理★★★★☆,食べ過ぎに注意しましょう
200,18,29,脂質異常症,2200,★★,通年,和食,ご飯・納豆・味噌汁・果物,鶏肉の照り焼き・野菜サラダ,さばのレモン焼き・冷奴,継続しやすい脂質管理献立,たんぱく質★★★★★ 野菜★★★★★ 脂質管理★★★★★,定期的な健康診断を受けましょう
201,18,29,脂質異常症,1800,★,春,和食,玄米ご飯・納豆・減塩味噌汁・りんご,鶏むね肉の蒸し焼き・野菜サラダ,鮭の塩焼き・豆腐・ひじき煮,低脂質で食物繊維を意識した献立,たんぱく質★★★★★ 野菜★★★★★ 脂質管理★★★★★,脂質の多い菓子類を控えましょう
202,18,29,脂質異常症,1900,★,夏,和食,ご飯・卵焼き・豆腐味噌汁・キウイ,豚しゃぶサラダ・ご飯,さわらの焼き物・小松菜のおひたし,魚と野菜を取り入れた脂質改善献立,たんぱく質★★★★★ 野菜★★★★★ 脂質管理★★★★★,青魚を積極的に取り入れましょう
203,18,29,脂質異常症,2000,★★,秋,和食,玄米ご飯・納豆・味噌汁・梨,鶏肉と野菜炒め・ご飯,ぶり大根・野菜煮物,コレステロール管理を考えた献立,たんぱく質★★★★★ 野菜★★★★★ 脂質管理★★★★☆,食物繊維を毎日摂取しましょう
204,18,29,脂質異常症,2100,★★,冬,和食,ご飯・卵・納豆・味噌汁,豚肉の生姜焼き・キャベツ,鶏団子鍋・野菜料理,温かい料理で野菜量を確保した献立,たんぱく質★★★★★ 野菜★★★★★ 脂質管理★★★★☆,脂身の少ない肉を選びましょう
205,18,29,脂質異常症,2200,★★,通年,洋食,全粒パン・ヨーグルト・果物,鶏肉のトマト煮・サラダ,白身魚のグリル・野菜スープ,動物性脂質を控えた洋風献立,たんぱく質★★★★★ 野菜★★★★★ 脂質管理★★★★★,調理法は揚げるより焼く・蒸すがおすすめです
206,18,29,脂質異常症,2300,★★★,春,和食,ご飯・納豆・卵・味噌汁,鶏肉丼・野菜サラダ,鮭のホイル焼き・冷奴,活動量に合わせた脂質調整献立,たんぱく質★★★★★ 野菜★★★★☆ 脂質管理★★★★★,適度な運動も取り入れましょう
207,18,29,脂質異常症,2400,★★★,夏,混合,ご飯・卵・ヨーグルト,豚肉と野菜炒め・ご飯,魚のグリル・温野菜,エネルギーを確保しながら脂質を調整した献立,たんぱく質★★★★★ 野菜★★★★★ 脂質管理★★★★☆,食事量が多い場合は主食量を調整しましょう
208,18,29,脂質異常症,1800,★,秋,和食,オートミール・牛乳・果物,鶏ささみサラダ・ご飯,豆腐ハンバーグ・野菜スープ,脂質を抑えた栄養密度の高い献立,たんぱく質★★★★☆ 野菜★★★★★ 脂質管理★★★★★,不足しやすい食物繊維を補いましょう
209,18,29,脂質異常症,2000,★★,冬,和食,ご飯・卵焼き・味噌汁・みかん,親子丼・野菜サラダ,さばの塩焼き・冷奴,魚と大豆食品を組み合わせた献立,たんぱく質★★★★★ 野菜★★★★☆ 脂質管理★★★★★,肉と魚のバランスを考えましょう
210,18,29,脂質異常症,2100,★★,春,和食,玄米ご飯・納豆・味噌汁・いちご,豚しゃぶ・野菜サラダ,鮭の南蛮漬け・ひじき煮,脂質バランスを考えた春向け献立,たんぱく質★★★★★ 野菜★★★★★ 脂質管理★★★★★,油の種類にも注目しましょう
211,18,29,脂質異常症,2200,★★,夏,和食,ご飯・豆腐味噌汁・ヨーグルト,鶏肉の冷しゃぶ・サラダ,あじの焼き物・野菜煮物,魚由来の良質な脂質を含む献立,たんぱく質★★★★★ 野菜★★★★★ 脂質管理★★★★★,魚料理を習慣化しましょう
212,18,29,脂質異常症,2300,★★★,秋,洋食,全粒パン・卵・果物,チキントマト煮・サラダ,白身魚料理・野菜スープ,脂質を抑えた洋食献立,たんぱく質★★★★☆ 野菜★★★★★ 脂質管理★★★★★,乳脂肪の多い食品に注意しましょう
213,18,29,脂質異常症,1900,★,冬,和食,ご飯・納豆・味噌汁・みかん,鶏むね肉サラダ・ご飯,赤魚の煮付け・青菜のおひたし,低脂質で継続しやすい献立,たんぱく質★★★★☆ 野菜★★★★★ 脂質管理★★★★★,毎日の食事バランスを確認しましょう
214,18,29,脂質異常症,2400,★★★,通年,和食,ご飯・卵・納豆・味噌汁,牛肉野菜炒め・ご飯,鮭鍋・豆腐料理,活動量に合わせた栄養管理献立,たんぱく質★★★★★ 野菜★★★★☆ 脂質管理★★★★☆,肉の脂身を減らす工夫をしましょう
215,18,29,脂質異常症,2000,★,春,和食,玄米ご飯・納豆・味噌汁・りんご,鶏肉の蒸し料理・野菜サラダ,さばの塩焼き・ひじき煮,食物繊維豊富な献立,たんぱく質★★★★★ 野菜★★★★★ 脂質管理★★★★★,海藻や豆類を取り入れましょう
216,18,29,脂質異常症,2100,★★,夏,中華,ご飯・卵スープ・ヨーグルト,八宝菜・ご飯,蒸し鶏・野菜炒め,油を控えた中華献立,たんぱく質★★★★☆ 野菜★★★★★ 脂質管理★★★★☆,炒め油の量を意識しましょう
217,18,29,脂質異常症,2200,★★,秋,和食,ご飯・納豆・味噌汁・柿,豚肉と野菜炒め,ぶり大根・豆腐,秋の食材を活用した献立,たんぱく質★★★★★ 野菜★★★★★ 脂質管理★★★★☆,旬の食材で栄養を補いましょう
218,18,29,脂質異常症,2300,★★★,冬,和食,ご飯・卵焼き・納豆,鶏肉の照り焼き・サラダ,鮭鍋・野菜料理,冬でも脂質管理を意識した献立,たんぱく質★★★★★ 野菜★★★★★ 脂質管理★★★★★,鍋料理では野菜を増やしましょう
219,18,29,脂質異常症,1900,★,通年,和食,オートミール・牛乳・果物,豚しゃぶ・野菜サラダ,魚料理・豆腐料理,継続しやすい脂質改善献立,たんぱく質★★★★☆ 野菜★★★★★ 脂質管理★★★★★,間食内容も見直しましょう
220,18,29,脂質異常症,2200,★★,春,和食,ご飯・納豆・味噌汁・いちご,鶏肉の照り焼き・野菜サラダ,さばのレモン焼き・冷奴,健康維持を目的とした脂質管理献立,たんぱく質★★★★★ 野菜★★★★★ 脂質管理★★★★★,定期的に血液検査を受け健康状態を確認しましょう
221,30,39,なし,1900,★,通年,和食,ご飯・納豆・味噌汁・バナナ,鶏むね肉の照り焼き・サラダ・ご飯,鮭の塩焼き・ほうれん草のおひたし・豆腐,健康維持に必要なたんぱく質と野菜を確保した献立,たんぱく質★★★★★ 野菜★★★★★ 栄養バランス★★★★★,朝食を抜かず規則正しい食生活を心掛けましょう
222,30,39,なし,2000,★,春,和食,玄米ご飯・卵焼き・味噌汁・りんご,豚しゃぶサラダ・ご飯,さわらの焼き物・ひじき煮,食物繊維を取り入れた生活習慣病予防献立,たんぱく質★★★★★ 野菜★★★★★ 栄養バランス★★★★★,野菜を毎食取り入れましょう
223,30,39,なし,2100,★★,夏,和食,ご飯・納豆・豆腐味噌汁・キウイ,鶏肉の冷しゃぶ・野菜サラダ,鮭のホイル焼き・小松菜のおひたし,バランスよく栄養を補給できる献立,たんぱく質★★★★★ 野菜★★★★★ 栄養バランス★★★★★,水分補給も忘れずに行いましょう
224,30,39,なし,2200,★★,秋,和食,玄米ご飯・納豆・味噌汁・梨,鶏肉と野菜炒め・ご飯,ぶり大根・青菜のおひたし,筋肉維持と健康管理を意識した献立,たんぱく質★★★★★ 野菜★★★★☆ 栄養バランス★★★★★,適度な運動も取り入れましょう
225,30,39,なし,2300,★★,冬,和食,ご飯・焼き鮭・卵・味噌汁,豚肉の生姜焼き・キャベツ,鶏団子鍋・野菜料理,活動量に応じたエネルギー確保献立,たんぱく質★★★★★ 野菜★★★★★ 栄養バランス★★★★☆,食べ過ぎに注意し体重管理をしましょう
226,30,39,なし,2400,★★★,春,洋食,全粒パン・卵・ヨーグルト,鶏肉のトマト煮・サラダ,白身魚のグリル・野菜スープ,忙しい世代でも続けやすい洋風献立,たんぱく質★★★★★ 野菜★★★★★ 栄養バランス★★★★★,外食時も野菜を意識しましょう
227,30,39,なし,1800,★,夏,和食,オートミール・牛乳・果物,鶏ささみサラダ・ご飯,豆腐ハンバーグ・野菜スープ,低カロリーでも栄養を確保した献立,たんぱく質★★★★☆ 野菜★★★★★ 栄養バランス★★★★★,極端な食事制限は避けましょう
228,30,39,なし,2000,★★,秋,和食,ご飯・納豆・味噌汁・柿,豚しゃぶ・野菜サラダ,鮭の焼き物・ひじき煮,抗酸化食品を含む健康維持献立,たんぱく質★★★★★ 野菜★★★★★ 栄養バランス★★★★★,旬の食材を活用しましょう
229,30,39,なし,2100,★★,冬,和食,玄米ご飯・卵焼き・味噌汁,親子丼・サラダ,さばの塩焼き・冷奴,肉と魚をバランスよく摂れる献立,たんぱく質★★★★★ 野菜★★★★☆ 栄養バランス★★★★★,魚料理を週に数回取り入れましょう
230,30,39,なし,2200,★★,通年,和食,ご飯・納豆・味噌汁・オレンジ,鶏肉の照り焼き・野菜サラダ,あじの南蛮漬け・豆腐,栄養素を幅広く摂取できる献立,たんぱく質★★★★★ 野菜★★★★★ 栄養バランス★★★★★,食事のバリエーションを増やしましょう
231,30,39,なし,2300,★★,春,洋食,パン・卵・ヨーグルト,チキンステーキ・サラダ,魚のグリル・野菜スープ,たんぱく質を確保した洋風献立,たんぱく質★★★★★ 野菜★★★★★ 栄養バランス★★★★☆,脂質の摂り過ぎに注意しましょう
232,30,39,なし,1900,★,夏,和食,ご飯・納豆・味噌汁・桃,豚しゃぶ・野菜サラダ,赤魚の煮付け・青菜のおひたし,胃腸に優しいバランス献立,たんぱく質★★★★☆ 野菜★★★★★ 栄養バランス★★★★★,ゆっくりよく噛んで食べましょう
233,30,39,なし,2100,★★,秋,和食,玄米ご飯・納豆・味噌汁・りんご,鶏肉の蒸し焼き・サラダ,鮭鍋・野菜料理,健康維持を目的とした献立,たんぱく質★★★★★ 野菜★★★★★ 栄養バランス★★★★★,食物繊維を意識しましょう
234,30,39,なし,1800,★,冬,和食,ご飯・卵・味噌汁・みかん,鶏ささみ丼・野菜サラダ,豆腐ハンバーグ・野菜スープ,低エネルギーでも満足感を得られる献立,たんぱく質★★★★☆ 野菜★★★★★ 栄養バランス★★★★★,無理なく継続できる食生活を目指しましょう
235,30,39,なし,2200,★★,通年,中華,ご飯・卵スープ・ヨーグルト,八宝菜・ご飯,蒸し鶏・野菜炒め,野菜量を確保した中華献立,たんぱく質★★★★☆ 野菜★★★★★ 栄養バランス★★★★☆,油の量に注意しましょう
236,30,39,なし,2400,★★★,春,和食,ご飯・納豆・卵・味噌汁,牛肉野菜炒め・ご飯,鮭のホイル焼き・豆腐,活動量が多い人向けの献立,たんぱく質★★★★★ 野菜★★★★☆ 栄養バランス★★★★★,運動量に合わせて食事量を調整しましょう
237,30,39,なし,2000,★,夏,和食,玄米ご飯・納豆・味噌汁・キウイ,鶏肉料理・野菜サラダ,魚料理・ひじき煮,生活習慣病予防を意識した献立,たんぱく質★★★★★ 野菜★★★★★ 栄養バランス★★★★★,毎日同じ時間に食事をしましょう
238,30,39,なし,2300,★★,秋,和食,ご飯・卵焼き・味噌汁・梨,豚肉と野菜炒め,ぶり大根・冷奴,秋の食材を活用した健康献立,たんぱく質★★★★★ 野菜★★★★☆ 栄養バランス★★★★★,旬の食材を楽しみましょう
239,30,39,なし,2100,★★,冬,洋食,全粒パン・ヨーグルト・果物,鶏肉のソテー・サラダ,白身魚料理・野菜スープ,栄養バランスを整えた洋風献立,たんぱく質★★★★★ 野菜★★★★★ 栄養バランス★★★★★,加工食品を摂り過ぎないよう注意しましょう
240,30,39,なし,2200,★★,春,和食,ご飯・納豆・味噌汁・いちご,鶏肉の照り焼き・野菜サラダ,さばのレモン焼き・冷奴,健康維持に適した基本献立,たんぱく質★★★★★ 野菜★★★★★ 栄養バランス★★★★★,定期的に健康チェックを行いましょう
241,30,39,なし,1900,★,春,和食,玄米ご飯・納豆・味噌汁・いちご,鶏むね肉の蒸し焼き・野菜サラダ・ご飯,鮭の塩焼き・豆腐・ひじき煮,低脂質で栄養バランスを整えた献立,たんぱく質★★★★★ 野菜★★★★★ 栄養バランス★★★★★,朝食を習慣化して体調を整えましょう
242,30,39,なし,2000,★,夏,和食,ご飯・卵焼き・納豆・味噌汁,豚しゃぶサラダ・ご飯,白身魚の焼き物・野菜煮物,生活習慣病予防を意識した献立,たんぱく質★★★★★ 野菜★★★★★ 栄養バランス★★★★★,野菜量を意識して増やしましょう
243,30,39,なし,2100,★★,秋,和食,玄米ご飯・豆腐味噌汁・ヨーグルト・柿,鶏肉と野菜炒め・ご飯,ぶり大根・小松菜のおひたし,秋の食材を活用した健康維持献立,たんぱく質★★★★★ 野菜★★★★★ 栄養バランス★★★★★,食物繊維を毎日摂取しましょう
244,30,39,なし,2200,★★,冬,和食,ご飯・納豆・卵・味噌汁,豚肉の生姜焼き・キャベツ,鶏鍋・野菜料理,筋肉維持を考えたエネルギー確保献立,たんぱく質★★★★★ 野菜★★★★☆ 栄養バランス★★★★★,適度な運動と食事を組み合わせましょう
245,30,39,なし,2300,★★,通年,洋食,全粒パン・卵・ヨーグルト,チキントマト煮・サラダ,白身魚のグリル・野菜スープ,忙しい生活でも取り入れやすい献立,たんぱく質★★★★★ 野菜★★★★★ 栄養バランス★★★★★,外食時も栄養バランスを意識しましょう
246,30,39,なし,2400,★★★,春,和食,ご飯・納豆・卵・味噌汁・果物,鶏肉丼・野菜サラダ,鮭のホイル焼き・冷奴,活動量が多い人向けの献立,たんぱく質★★★★★ 野菜★★★★☆ 栄養バランス★★★★★,消費量に合わせて食事量を調整しましょう
247,30,39,なし,1800,★,夏,和食,オートミール・牛乳・バナナ,鶏ささみサラダ・ご飯,豆腐ハンバーグ・野菜スープ,カロリーを抑えつつ栄養を確保した献立,たんぱく質★★★★☆ 野菜★★★★★ 栄養バランス★★★★★,極端な減量は避けましょう
248,30,39,なし,2000,★★,秋,和食,ご飯・納豆・味噌汁・りんご,豚しゃぶ・野菜サラダ,鮭の焼き物・ひじき煮,抗酸化食品を取り入れた献立,たんぱく質★★★★★ 野菜★★★★★ 栄養バランス★★★★★,果物も適量取り入れましょう
249,30,39,なし,2200,★★,冬,和食,玄米ご飯・卵焼き・味噌汁,親子丼・サラダ,さばの塩焼き・冷奴,肉と魚のバランスを考えた献立,たんぱく質★★★★★ 野菜★★★★☆ 栄養バランス★★★★★,魚料理を積極的に取り入れましょう
250,30,39,なし,2100,★★,通年,和食,ご飯・納豆・味噌汁・オレンジ,鶏肉の照り焼き・野菜サラダ,あじの南蛮漬け・豆腐,健康維持を継続できる基本献立,たんぱく質★★★★★ 野菜★★★★★ 栄養バランス★★★★★,食事記録をつけると管理しやすくなります
251,30,39,高血圧,1900,★,通年,和食,玄米ご飯・納豆・減塩味噌汁・バナナ,鶏むね肉の蒸し焼き・野菜サラダ・ご飯,鮭の塩焼き・豆腐・ほうれん草のおひたし,減塩しながら栄養バランスを整えた献立,たんぱく質★★★★★ 野菜★★★★★ 塩分管理★★★★★,調味料は控えめに使いましょう
252,30,39,高血圧,2000,★,春,和食,ご飯・卵焼き・納豆・減塩味噌汁,豚しゃぶサラダ・ご飯,さわらの焼き物・ひじき煮,野菜量を確保した血圧管理献立,たんぱく質★★★★★ 野菜★★★★★ 塩分管理★★★★★,野菜を毎食取り入れましょう
253,30,39,高血圧,2100,★★,夏,和食,玄米ご飯・豆腐味噌汁・ヨーグルト・キウイ,鶏肉の冷しゃぶ・野菜サラダ,鮭のホイル焼き・小松菜のおひたし,カリウムを含む食品を取り入れた献立,たんぱく質★★★★★ 野菜★★★★★ 塩分管理★★★★★,汁物は飲み過ぎないよう注意しましょう
254,30,39,高血圧,2200,★★,秋,和食,ご飯・納豆・減塩味噌汁・梨,鶏肉と野菜炒め・ご飯,ぶり大根・青菜のおひたし,家庭料理で続けやすい減塩献立,たんぱく質★★★★★ 野菜★★★★★ 塩分管理★★★★☆,加工食品の塩分量を確認しましょう
255,30,39,高血圧,2300,★★,冬,和食,ご飯・卵・納豆・減塩味噌汁,豚肉の生姜焼き・キャベツ,鶏団子鍋・野菜料理,野菜を多く摂れる冬向け献立,たんぱく質★★★★★ 野菜★★★★★ 塩分管理★★★★☆,鍋の汁は飲み過ぎないようにしましょう
256,30,39,高血圧,2400,★★★,春,洋食,全粒パン・ヨーグルト・果物,鶏肉のトマト煮・サラダ,白身魚のグリル・野菜スープ,洋風でも減塩を意識した献立,たんぱく質★★★★★ 野菜★★★★★ 塩分管理★★★★★,香辛料や酸味で味付けを工夫しましょう
257,30,39,高血圧,1800,★,夏,和食,オートミール・牛乳・バナナ,鶏ささみサラダ・ご飯,豆腐ハンバーグ・野菜スープ,低塩で栄養を確保した献立,たんぱく質★★★★☆ 野菜★★★★★ 塩分管理★★★★★,極端な食事制限は避けましょう
258,30,39,高血圧,2000,★★,秋,和食,玄米ご飯・納豆・味噌汁・柿,豚しゃぶ・野菜サラダ,鮭の焼き物・ひじき煮,食物繊維を増やした血圧管理献立,たんぱく質★★★★★ 野菜★★★★★ 塩分管理★★★★★,果物も適量取り入れましょう
259,30,39,高血圧,2100,★★,冬,和食,ご飯・卵焼き・減塩味噌汁,親子丼・サラダ,さばの塩焼き・冷奴,魚と大豆食品を活用した献立,たんぱく質★★★★★ 野菜★★★★☆ 塩分管理★★★★★,魚料理を積極的に取り入れましょう
260,30,39,高血圧,2200,★★,通年,和食,ご飯・納豆・味噌汁・オレンジ,鶏肉の照り焼き・野菜サラダ,あじの南蛮漬け・豆腐,血圧維持を考えた基本献立,たんぱく質★★★★★ 野菜★★★★★ 塩分管理★★★★★,薄味に慣れることが大切です
261,30,39,高血圧,2300,★★,春,和食,玄米ご飯・卵・納豆・味噌汁,鶏肉の蒸し料理・野菜サラダ,鮭鍋・豆腐料理,野菜量を確保した献立,たんぱく質★★★★★ 野菜★★★★★ 塩分管理★★★★★,旬の野菜を活用しましょう
262,30,39,高血圧,1900,★,夏,和食,ご飯・納豆・減塩味噌汁・桃,豚しゃぶ・サラダ,赤魚の煮付け・青菜料理,塩分を抑えながら満足感を高めた献立,たんぱく質★★★★☆ 野菜★★★★★ 塩分管理★★★★★,だしや香味野菜を活用しましょう
263,30,39,高血圧,2100,★★,秋,和食,玄米ご飯・納豆・味噌汁・りんご,鶏肉料理・野菜サラダ,鮭鍋・野菜料理,血圧管理を意識した秋の献立,たんぱく質★★★★★ 野菜★★★★★ 塩分管理★★★★★,食物繊維を意識しましょう
264,30,39,高血圧,1800,★,冬,和食,ご飯・卵・減塩味噌汁・みかん,鶏ささみ丼・サラダ,豆腐ハンバーグ・野菜スープ,低塩で継続しやすい献立,たんぱく質★★★★☆ 野菜★★★★★ 塩分管理★★★★★,食事量を急に減らさないようにしましょう
265,30,39,高血圧,2200,★★,通年,中華,ご飯・卵スープ・ヨーグルト,八宝菜・ご飯,蒸し鶏・野菜炒め,油と塩分を調整した中華献立,たんぱく質★★★★☆ 野菜★★★★★ 塩分管理★★★★☆,外食時の塩分にも注意しましょう
266,30,39,高血圧,2400,★★★,春,和食,ご飯・納豆・卵・味噌汁,牛肉野菜炒め・ご飯,鮭のホイル焼き・豆腐,活動量に合わせた減塩献立,たんぱく質★★★★★ 野菜★★★★☆ 塩分管理★★★★★,運動習慣も血圧管理に役立ちます
267,30,39,高血圧,2000,★,夏,和食,玄米ご飯・納豆・味噌汁・キウイ,鶏肉料理・野菜サラダ,魚料理・ひじき煮,生活習慣改善を意識した献立,たんぱく質★★★★★ 野菜★★★★★ 塩分管理★★★★★,水分補給を意識しましょう
268,30,39,高血圧,2300,★★,秋,和食,ご飯・卵焼き・味噌汁・梨,豚肉と野菜炒め,ぶり大根・冷奴,季節の食材を活用した献立,たんぱく質★★★★★ 野菜★★★★☆ 塩分管理★★★★☆,味付けを薄めに調整しましょう
269,30,39,高血圧,2100,★★,冬,洋食,全粒パン・ヨーグルト・果物,鶏肉のソテー・サラダ,白身魚料理・野菜スープ,塩分を控えた洋風献立,たんぱく質★★★★★ 野菜★★★★★ 塩分管理★★★★★,ソース類の量に注意しましょう
270,30,39,高血圧,2200,★★,春,和食,ご飯・納豆・味噌汁・いちご,鶏肉の照り焼き・野菜サラダ,さばのレモン焼き・冷奴,継続しやすい高血圧配慮献立,たんぱく質★★★★★ 野菜★★★★★ 塩分管理★★★★★,定期的に血圧を測定しましょう
271,30,39,高血圧,1900,★,春,和食,玄米ご飯・納豆・減塩味噌汁・いちご,鶏むね肉の蒸し焼き・野菜サラダ,鮭の塩焼き・豆腐・ひじき煮,減塩しながら栄養バランスを整えた献立,たんぱく質★★★★★ 野菜★★★★★ 塩分管理★★★★★,薄味でもだしや香りを活用しましょう
272,30,39,高血圧,2000,★,夏,和食,ご飯・卵焼き・納豆・減塩味噌汁,豚しゃぶサラダ・ご飯,白身魚の焼き物・野菜煮物,野菜と魚を組み合わせた血圧管理献立,たんぱく質★★★★★ 野菜★★★★★ 塩分管理★★★★★,加工食品の利用を減らしましょう
273,30,39,高血圧,2100,★★,秋,和食,玄米ご飯・豆腐味噌汁・ヨーグルト・柿,鶏肉と野菜炒め・ご飯,ぶり大根・小松菜のおひたし,食物繊維を多く含む献立,たんぱく質★★★★★ 野菜★★★★★ 塩分管理★★★★★,野菜から食べる習慣をつけましょう
274,30,39,高血圧,2200,★★,冬,和食,ご飯・納豆・卵・減塩味噌汁,豚肉の生姜焼き・キャベツ,鶏鍋・野菜料理,冬でも野菜を確保できる献立,たんぱく質★★★★★ 野菜★★★★★ 塩分管理★★★★☆,鍋の汁は控えめにしましょう
275,30,39,高血圧,2300,★★,通年,洋食,全粒パン・卵・ヨーグルト,鶏肉のトマト煮・サラダ,白身魚のグリル・野菜スープ,塩分を抑えた洋風献立,たんぱく質★★★★★ 野菜★★★★★ 塩分管理★★★★★,香辛料を活用して減塩しましょう
276,30,39,高血圧,2400,★★★,春,和食,ご飯・納豆・卵・味噌汁,鶏肉丼・野菜サラダ,鮭のホイル焼き・冷奴,活動量に合わせた血圧管理献立,たんぱく質★★★★★ 野菜★★★★☆ 塩分管理★★★★★,体重管理も血圧改善につながります
277,30,39,高血圧,1800,★,夏,和食,オートミール・牛乳・バナナ,鶏ささみサラダ・ご飯,豆腐ハンバーグ・野菜スープ,低塩で栄養を確保した献立,たんぱく質★★★★☆ 野菜★★★★★ 塩分管理★★★★★,食事量を極端に減らさないようにしましょう
278,30,39,高血圧,2000,★★,秋,和食,ご飯・納豆・味噌汁・りんご,豚しゃぶ・野菜サラダ,鮭の焼き物・ひじき煮,血圧維持を考えた家庭料理,たんぱく質★★★★★ 野菜★★★★★ 塩分管理★★★★★,果物も適量取り入れましょう
279,30,39,高血圧,2200,★★,冬,和食,玄米ご飯・卵焼き・減塩味噌汁,親子丼・サラダ,さばの塩焼き・冷奴,魚と大豆食品を取り入れた献立,たんぱく質★★★★★ 野菜★★★★☆ 塩分管理★★★★★,魚料理を週に数回摂りましょう
280,30,39,高血圧,2100,★★,通年,和食,ご飯・納豆・味噌汁・オレンジ,鶏肉の照り焼き・野菜サラダ,あじの南蛮漬け・豆腐,継続しやすい減塩献立,たんぱく質★★★★★ 野菜★★★★★ 塩分管理★★★★★,毎日の血圧確認を習慣にしましょう
281,30,39,糖尿病,1800,★,通年,和食,玄米ご飯・納豆・味噌汁・ゆで卵,鶏むね肉の蒸し焼き・野菜サラダ・ご飯,鮭の塩焼き・豆腐・ひじき煮,血糖値の安定を考えた食物繊維豊富な献立,たんぱく質★★★★★ 野菜★★★★★ 糖質管理★★★★★,野菜から先に食べる習慣をつけましょう
282,30,39,糖尿病,1900,★,春,和食,玄米ご飯・卵焼き・納豆・味噌汁,豚しゃぶサラダ・少量ご飯,さわらの焼き物・青菜のおひたし,糖質量を調整したバランス献立,たんぱく質★★★★★ 野菜★★★★★ 糖質管理★★★★★,主食量を毎食一定にしましょう
283,30,39,糖尿病,2000,★★,夏,和食,ご飯・納豆・豆腐味噌汁・キウイ,鶏肉の冷しゃぶ・野菜サラダ,鮭のホイル焼き・ほうれん草のおひたし,血糖上昇を緩やかにする献立,たんぱく質★★★★★ 野菜★★★★★ 糖質管理★★★★★,甘い飲料は控えましょう
284,30,39,糖尿病,2100,★★,秋,和食,玄米ご飯・納豆・味噌汁・りんご,鶏肉と野菜炒め・ご飯,ぶり大根・小松菜のおひたし,野菜量を確保した糖尿病配慮献立,たんぱく質★★★★★ 野菜★★★★★ 糖質管理★★★★☆,食物繊維を毎食取り入れましょう
285,30,39,糖尿病,2200,★★,冬,和食,ご飯・卵・納豆・味噌汁,豚肉の生姜焼き・キャベツ,鶏鍋・野菜料理,活動量に合わせたエネルギー確保献立,たんぱく質★★★★★ 野菜★★★★★ 糖質管理★★★★☆,食べ過ぎを防ぎ腹八分目を意識しましょう
286,30,39,糖尿病,2300,★★★,春,洋食,全粒パン・卵・ヨーグルト,チキントマト煮・サラダ,白身魚のグリル・野菜スープ,糖質を調整した洋風献立,たんぱく質★★★★★ 野菜★★★★★ 糖質管理★★★★★,加工された糖分に注意しましょう
287,30,39,糖尿病,2400,★★★,夏,混合,ご飯・卵・ヨーグルト,鶏肉丼・野菜サラダ,豚肉と野菜炒め・温野菜,活動量が多い人向けの献立,たんぱく質★★★★★ 野菜★★★★☆ 糖質管理★★★★☆,運動と食事管理を組み合わせましょう
288,30,39,糖尿病,1800,★,秋,和食,オートミール・牛乳・果物,鶏ささみサラダ・ご飯,豆腐ハンバーグ・野菜スープ,低カロリーでも栄養を確保した献立,たんぱく質★★★★☆ 野菜★★★★★ 糖質管理★★★★★,間食量を調整しましょう
289,30,39,糖尿病,2000,★★,冬,和食,ご飯・卵焼き・味噌汁・みかん,親子丼・野菜サラダ,さばの塩焼き・冷奴,主食と主菜のバランスを考えた献立,たんぱく質★★★★★ 野菜★★★★☆ 糖質管理★★★★★,果物は適量を守りましょう
290,30,39,糖尿病,2100,★★,通年,和食,玄米ご飯・納豆・味噌汁,豚しゃぶ・野菜サラダ,鮭のホイル焼き・野菜煮物,継続しやすい糖尿病予防献立,たんぱく質★★★★★ 野菜★★★★★ 糖質管理★★★★★,よく噛んでゆっくり食べましょう
291,30,39,糖尿病,2200,★★,春,和食,ご飯・納豆・卵・味噌汁・いちご,鶏肉の照り焼き・野菜サラダ,あじの南蛮漬け・豆腐,栄養バランスを整えた献立,たんぱく質★★★★★ 野菜★★★★★ 糖質管理★★★★☆,食事記録をつけると管理しやすくなります
292,30,39,糖尿病,1900,★,夏,和食,オートミール・牛乳・キウイ,豚しゃぶ・ご飯・サラダ,赤魚の煮付け・青菜のおひたし,糖質量を意識した献立,たんぱく質★★★★☆ 野菜★★★★★ 糖質管理★★★★★,清涼飲料水を控えましょう
293,30,39,糖尿病,2300,★★,秋,和食,玄米ご飯・納豆・味噌汁・梨,鶏肉の照り焼き・野菜添え,鮭鍋・野菜料理,食物繊維を多く含む献立,たんぱく質★★★★★ 野菜★★★★★ 糖質管理★★★★★,野菜料理を一品追加しましょう
294,30,39,糖尿病,1800,★,冬,和食,ご飯・納豆・味噌汁・みかん,鶏ささみ丼・サラダ,豆腐ハンバーグ・野菜スープ,血糖管理を意識した低脂質献立,たんぱく質★★★★☆ 野菜★★★★★ 糖質管理★★★★★,欠食を避けましょう
295,30,39,糖尿病,2200,★★,通年,中華,ご飯・卵スープ・ヨーグルト,八宝菜・少量ご飯,蒸し鶏・野菜炒め,油と糖質を調整した中華献立,たんぱく質★★★★☆ 野菜★★★★★ 糖質管理★★★★☆,外食時も量を調整しましょう
296,30,39,糖尿病,2100,★★,春,和食,ご飯・納豆・味噌汁・オレンジ,豚肉と野菜炒め・ご飯,さばの塩焼き・冷奴,魚と肉を組み合わせた献立,たんぱく質★★★★★ 野菜★★★★☆ 糖質管理★★★★★,食物繊維を先に摂りましょう
297,30,39,糖尿病,2400,★★★,夏,洋食,全粒パン・卵・ヨーグルト,チキンステーキ・サラダ,魚のグリル・野菜スープ,エネルギー確保と糖質管理を両立した献立,たんぱく質★★★★★ 野菜★★★★★ 糖質管理★★★★☆,運動量に合わせて調整しましょう
298,30,39,糖尿病,2000,★,秋,和食,玄米ご飯・納豆・味噌汁・柿,鶏むね肉料理・野菜サラダ,ぶり大根・小松菜のおひたし,血糖管理を意識した秋の献立,たんぱく質★★★★★ 野菜★★★★★ 糖質管理★★★★★,旬の食材を活用しましょう
299,30,39,糖尿病,2300,★★,冬,和食,ご飯・卵・納豆・味噌汁,豚しゃぶ・ご飯・サラダ,鮭鍋・豆腐料理,体力維持を考えた献立,たんぱく質★★★★★ 野菜★★★★★ 糖質管理★★★★☆,体重変化も確認しましょう
300,30,39,糖尿病,2100,★★,春,和食,ご飯・納豆・味噌汁・果物,鶏肉の照り焼き・野菜サラダ,さばのレモン焼き・冷奴,長期継続しやすい糖尿病配慮献立,たんぱく質★★★★★ 野菜★★★★★ 糖質管理★★★★★,規則正しい食生活を続けましょう
301,30,39,糖尿病,1800,★,春,和食,玄米ご飯・納豆・減塩味噌汁・いちご,鶏むね肉の蒸し焼き・野菜サラダ,鮭の塩焼き・豆腐・ひじき煮,血糖値の安定を意識した低脂質献立,たんぱく質★★★★★ 野菜★★★★★ 糖質管理★★★★★,食事の順番を意識して野菜から食べましょう
302,30,39,糖尿病,1900,★,夏,和食,ご飯・卵焼き・納豆・味噌汁,豚しゃぶサラダ・少量ご飯,白身魚の焼き物・野菜煮物,糖質量を調整した継続しやすい献立,たんぱく質★★★★★ 野菜★★★★★ 糖質管理★★★★★,主食量を一定に保ちましょう
303,30,39,糖尿病,2000,★★,秋,和食,玄米ご飯・豆腐味噌汁・ヨーグルト・柿,鶏肉と野菜炒め・ご飯,ぶり大根・小松菜のおひたし,食物繊維を多く含む献立,たんぱく質★★★★★ 野菜★★★★★ 糖質管理★★★★★,野菜や海藻を積極的に摂りましょう
304,30,39,糖尿病,2100,★★,冬,和食,ご飯・納豆・卵・味噌汁,豚肉の生姜焼き・キャベツ,鶏鍋・野菜料理,エネルギーと糖質管理を両立した献立,たんぱく質★★★★★ 野菜★★★★★ 糖質管理★★★★☆,食べ過ぎを防ぎましょう
305,30,39,糖尿病,2200,★★,通年,洋食,全粒パン・卵・ヨーグルト,鶏肉のトマト煮・サラダ,白身魚のグリル・野菜スープ,血糖管理を考えた洋風献立,たんぱく質★★★★★ 野菜★★★★★ 糖質管理★★★★★,甘い飲料を控えましょう
306,30,39,糖尿病,2300,★★★,春,和食,ご飯・納豆・卵・味噌汁,鶏肉丼・野菜サラダ,鮭のホイル焼き・冷奴,活動量に合わせた糖質調整献立,たんぱく質★★★★★ 野菜★★★★☆ 糖質管理★★★★☆,運動習慣も取り入れましょう
307,30,39,糖尿病,2400,★★★,夏,混合,ご飯・卵・ヨーグルト,豚肉と野菜炒め・ご飯,魚のグリル・温野菜,エネルギー不足を防ぐ献立,たんぱく質★★★★★ 野菜★★★★★ 糖質管理★★★★☆,消費量に合わせて量を調整しましょう
308,30,39,糖尿病,1800,★,秋,和食,オートミール・牛乳・りんご,鶏ささみサラダ・ご飯,豆腐ハンバーグ・野菜スープ,低カロリーでも栄養を確保した献立,たんぱく質★★★★☆ 野菜★★★★★ 糖質管理★★★★★,間食内容を見直しましょう
309,30,39,糖尿病,2000,★★,冬,和食,ご飯・卵焼き・味噌汁・みかん,親子丼・野菜サラダ,さばの塩焼き・冷奴,主食と主菜のバランスを考えた献立,たんぱく質★★★★★ 野菜★★★★☆ 糖質管理★★★★★,果物の量に注意しましょう
310,30,39,糖尿病,2100,★★,通年,和食,玄米ご飯・納豆・味噌汁,豚しゃぶ・野菜サラダ,鮭のホイル焼き・野菜煮物,継続しやすい糖尿病配慮献立,たんぱく質★★★★★ 野菜★★★★★ 糖質管理★★★★★,毎日の食事リズムを整えましょう
311,30,39,糖尿病,2200,★★,春,和食,ご飯・納豆・卵・味噌汁・いちご,鶏肉の照り焼き・野菜サラダ,あじの南蛮漬け・豆腐,栄養バランスを考えた献立,たんぱく質★★★★★ 野菜★★★★★ 糖質管理★★★★☆,食事記録を活用しましょう
312,30,39,糖尿病,1900,★,夏,和食,オートミール・牛乳・キウイ,豚しゃぶ・サラダ,赤魚の煮付け・青菜のおひたし,糖質調整を意識した献立,たんぱく質★★★★☆ 野菜★★★★★ 糖質管理★★★★★,清涼飲料水を避けましょう
313,30,39,糖尿病,2300,★★,秋,和食,玄米ご飯・納豆・味噌汁・梨,鶏肉の照り焼き・野菜添え,鮭鍋・野菜料理,食物繊維を補える献立,たんぱく質★★★★★ 野菜★★★★★ 糖質管理★★★★★,野菜料理を毎食加えましょう
314,30,39,糖尿病,1800,★,冬,和食,ご飯・納豆・味噌汁・みかん,鶏ささみ丼・サラダ,豆腐ハンバーグ・野菜スープ,血糖管理を意識した献立,たんぱく質★★★★☆ 野菜★★★★★ 糖質管理★★★★★,欠食を避けましょう
315,30,39,糖尿病,2200,★★,通年,中華,ご飯・卵スープ・ヨーグルト,八宝菜・少量ご飯,蒸し鶏・野菜炒め,油と糖質を調整した中華献立,たんぱく質★★★★☆ 野菜★★★★★ 糖質管理★★★★☆,外食では量を確認しましょう
316,30,39,糖尿病,2100,★★,春,和食,ご飯・納豆・味噌汁・オレンジ,豚肉と野菜炒め,さばの塩焼き・冷奴,魚と肉を組み合わせた献立,たんぱく質★★★★★ 野菜★★★★☆ 糖質管理★★★★★,食物繊維を意識しましょう
317,30,39,糖尿病,2400,★★★,夏,洋食,全粒パン・卵・ヨーグルト,チキンステーキ・サラダ,魚のグリル・野菜スープ,活動量が多い人向け献立,たんぱく質★★★★★ 野菜★★★★★ 糖質管理★★★★☆,運動後の食事にも注意しましょう
318,30,39,糖尿病,2000,★,秋,和食,玄米ご飯・納豆・味噌汁・柿,鶏むね肉料理・野菜サラダ,ぶり大根・小松菜のおひたし,秋の食材を活用した献立,たんぱく質★★★★★ 野菜★★★★★ 糖質管理★★★★★,旬の食品を取り入れましょう
319,30,39,糖尿病,2300,★★,冬,和食,ご飯・卵・納豆・味噌汁,豚しゃぶ・ご飯・サラダ,鮭鍋・豆腐料理,体力維持を考えた糖質管理献立,たんぱく質★★★★★ 野菜★★★★★ 糖質管理★★★★☆,体重管理も行いましょう
320,30,39,糖尿病,2100,★★,春,和食,ご飯・納豆・味噌汁・果物,鶏肉の照り焼き・野菜サラダ,さばのレモン焼き・冷奴,長期継続しやすい糖尿病配慮献立,たんぱく質★★★★★ 野菜★★★★★ 糖質管理★★★★★,規則正しい食生活を継続しましょう
321,30,39,腎臓病,1800,★,通年,和食,ご飯・卵焼き・減塩味噌汁・りんご,鶏肉の蒸し焼き・野菜サラダ・ご飯,白身魚の焼き物・豆腐・野菜料理,塩分とたんぱく質量に配慮した献立,エネルギー★★★★★ 塩分管理★★★★★ 栄養バランス★★★★☆,味付けを薄めにする工夫をしましょう
322,30,39,腎臓病,1900,★,春,和食,ご飯・納豆少量・味噌汁・いちご,豚しゃぶ・野菜料理,さわらの焼き物・ひじき煮,必要エネルギーを確保した腎臓配慮献立,エネルギー★★★★★ 塩分管理★★★★★ 栄養バランス★★★★☆,加工食品の塩分に注意しましょう
323,30,39,腎臓病,2000,★★,夏,和食,ご飯・卵・豆腐味噌汁・キウイ,鶏むね肉料理・野菜サラダ,鮭のホイル焼き・野菜煮物,低塩で継続しやすい献立,エネルギー★★★★★ 塩分管理★★★★★ 栄養バランス★★★★☆,医師の指示がある場合は制限量を守りましょう
324,30,39,腎臓病,2100,★★,秋,和食,玄米ご飯・卵焼き・味噌汁・梨,鶏肉と野菜炒め,白身魚料理・豆腐料理,栄養不足を防ぐ献立,エネルギー★★★★★ 塩分管理★★★★☆ 栄養バランス★★★★☆,食事量を極端に減らさないようにしましょう
325,30,39,腎臓病,2200,★★,冬,和食,ご飯・卵・減塩味噌汁,豚肉料理・野菜サラダ,鱈鍋・野菜料理,体力維持を考慮した献立,エネルギー★★★★★ 塩分管理★★★★★ 栄養バランス★★★★☆,汁物の量に注意しましょう
326,30,39,腎臓病,2300,★★★,春,洋食,パン・卵・ヨーグルト,鶏肉のトマト煮・サラダ,白身魚のグリル・野菜スープ,エネルギーを確保した洋風献立,エネルギー★★★★★ 塩分管理★★★★☆ 栄養バランス★★★★☆,脂質の摂り過ぎにも注意しましょう
327,30,39,腎臓病,2400,★★★,夏,和食,ご飯・卵料理・果物,豚しゃぶサラダ・ご飯,魚料理・野菜料理,活動量に合わせた献立,エネルギー★★★★★ 塩分管理★★★★☆ 栄養バランス★★★★☆,食事量は体調に合わせて調整しましょう
328,30,39,腎臓病,1800,★,秋,和食,ご飯・卵焼き・味噌汁・りんご,鶏ささみ料理・野菜サラダ,豆腐料理・白身魚,低負担で継続しやすい献立,エネルギー★★★★☆ 塩分管理★★★★★ 栄養バランス★★★★☆,定期的に体調を確認しましょう
329,30,39,腎臓病,2000,★★,冬,和食,ご飯・納豆少量・味噌汁・みかん,鶏肉料理・野菜炒め,鮭の焼き物・豆腐,たんぱく質を調整した献立,エネルギー★★★★★ 塩分管理★★★★★ 栄養バランス★★★★☆,たんぱく質量は医師指示を優先しましょう
330,30,39,腎臓病,2100,★★,通年,和食,玄米ご飯・卵・味噌汁,豚肉と野菜炒め,白身魚の煮付け・野菜料理,家庭で続けやすい腎臓配慮献立,エネルギー★★★★★ 塩分管理★★★★★ 栄養バランス★★★★☆,薄味を習慣化しましょう
331,30,39,腎臓病,2200,★★,春,和食,ご飯・卵焼き・果物,鶏肉の蒸し料理・野菜サラダ,さわら料理・豆腐,栄養バランスを整えた献立,エネルギー★★★★★ 塩分管理★★★★★ 栄養バランス★★★★☆,食事記録を活用しましょう
332,30,39,腎臓病,1900,★,夏,洋食,パン・卵・果物,鶏肉料理・野菜スープ,白身魚グリル・サラダ,減塩を意識した洋風献立,エネルギー★★★★☆ 塩分管理★★★★★ 栄養バランス★★★★☆,調味料をかけ過ぎないようにしましょう
333,30,39,腎臓病,2300,★★★,秋,和食,ご飯・卵・味噌汁・柿,豚肉料理・野菜サラダ,魚料理・豆腐,エネルギー不足を防ぐ献立,エネルギー★★★★★ 塩分管理★★★★☆ 栄養バランス★★★★☆,体重減少に注意しましょう
334,30,39,腎臓病,1800,★,冬,和食,ご飯・卵・減塩味噌汁・みかん,鶏ささみ丼・野菜料理,豆腐ハンバーグ・野菜スープ,低塩で栄養を補う献立,エネルギー★★★★☆ 塩分管理★★★★★ 栄養バランス★★★★☆,食事制限は自己判断で行わないようにしましょう
335,30,39,腎臓病,2200,★★,通年,中華,ご飯・卵スープ,八宝菜・ご飯,蒸し鶏・野菜炒め,油と塩分を調整した中華献立,エネルギー★★★★★ 塩分管理★★★★☆ 栄養バランス★★★★☆,外食時の塩分量に注意しましょう
336,30,39,腎臓病,2100,★★,春,和食,ご飯・卵・味噌汁・果物,鶏肉料理・野菜サラダ,白身魚・豆腐料理,安定した栄養摂取を目指す献立,エネルギー★★★★★ 塩分管理★★★★★ 栄養バランス★★★★☆,主治医の指示を確認しましょう
337,30,39,腎臓病,2400,★★★,夏,和食,ご飯・卵焼き・果物,豚肉料理・野菜料理,魚料理・豆腐,活動量が多い人向け献立,エネルギー★★★★★ 塩分管理★★★★☆ 栄養バランス★★★★☆,無理な食事制限を避けましょう
338,30,39,腎臓病,2000,★★,秋,和食,玄米ご飯・卵・味噌汁,鶏肉料理・野菜サラダ,白身魚料理,秋食材を活用した献立,エネルギー★★★★★ 塩分管理★★★★★ 栄養バランス★★★★☆,食生活を継続的に管理しましょう
339,30,39,腎臓病,1900,★,冬,和食,ご飯・卵焼き・果物,鶏肉料理・野菜スープ,豆腐料理・魚料理,身体への負担を考えた献立,エネルギー★★★★☆ 塩分管理★★★★★ 栄養バランス★★★★☆,水分管理も意識しましょう
340,30,39,腎臓病,2100,★★,春,和食,ご飯・卵・減塩味噌汁,鶏肉料理・野菜サラダ,白身魚の焼き物・豆腐,長期継続を意識した腎臓配慮献立,エネルギー★★★★★ 塩分管理★★★★★ 栄養バランス★★★★☆,定期的な検査で状態を確認しましょう
341,30,39,脂質異常症,1800,★,通年,和食,玄米ご飯・納豆・減塩味噌汁・バナナ,鶏むね肉の蒸し焼き・野菜サラダ・ご飯,鮭の塩焼き・豆腐・ひじき煮,脂質を抑えながら栄養を確保した献立,たんぱく質★★★★★ 野菜★★★★★ 脂質管理★★★★★,揚げ物の頻度を減らしましょう
342,30,39,脂質異常症,1900,★,春,和食,ご飯・卵焼き・納豆・味噌汁・りんご,豚しゃぶサラダ・ご飯,さわらの焼き物・小松菜のおひたし,食物繊維を取り入れた脂質改善献立,たんぱく質★★★★★ 野菜★★★★★ 脂質管理★★★★★,野菜を毎食取り入れましょう
343,30,39,脂質異常症,2000,★★,夏,和食,玄米ご飯・豆腐味噌汁・ヨーグルト・キウイ,鶏肉の冷しゃぶ・野菜サラダ,鮭のホイル焼き・ひじき煮,良質な脂質を含む魚を活用した献立,たんぱく質★★★★★ 野菜★★★★★ 脂質管理★★★★★,青魚を適度に食べましょう
344,30,39,脂質異常症,2100,★★,秋,和食,玄米ご飯・納豆・味噌汁・梨,鶏肉と野菜炒め・ご飯,ぶり大根・青菜のおひたし,コレステロール管理を意識した献立,たんぱく質★★★★★ 野菜★★★★★ 脂質管理★★★★☆,食物繊維を意識しましょう
345,30,39,脂質異常症,2200,★★,冬,和食,ご飯・卵・納豆・味噌汁,豚肉の生姜焼き・キャベツ,鶏団子鍋・野菜料理,脂質バランスを考えた冬向け献立,たんぱく質★★★★★ 野菜★★★★★ 脂質管理★★★★☆,脂身の少ない肉を選びましょう
346,30,39,脂質異常症,2300,★★★,春,洋食,全粒パン・ヨーグルト・果物,鶏肉のトマト煮・サラダ,白身魚のグリル・野菜スープ,洋食でも脂質を調整した献立,たんぱく質★★★★★ 野菜★★★★★ 脂質管理★★★★★,ソース類の量に注意しましょう
347,30,39,脂質異常症,2400,★★★,夏,和食,ご飯・納豆・卵・味噌汁,鶏肉丼・野菜サラダ,鮭のホイル焼き・冷奴,活動量に合わせた脂質管理献立,たんぱく質★★★★★ 野菜★★★★☆ 脂質管理★★★★★,運動習慣も取り入れましょう
348,30,39,脂質異常症,1800,★,秋,和食,オートミール・牛乳・りんご,鶏ささみサラダ・ご飯,豆腐ハンバーグ・野菜スープ,低脂質で栄養密度を高めた献立,たんぱく質★★★★☆ 野菜★★★★★ 脂質管理★★★★★,間食の脂質にも注意しましょう
349,30,39,脂質異常症,2000,★★,冬,和食,ご飯・卵焼き・味噌汁・みかん,親子丼・野菜サラダ,さばの塩焼き・冷奴,魚と大豆食品を活用した献立,たんぱく質★★★★★ 野菜★★★★☆ 脂質管理★★★★★,魚料理を習慣化しましょう
350,30,39,脂質異常症,2100,★★,通年,和食,玄米ご飯・納豆・味噌汁,豚しゃぶ・野菜サラダ,鮭の焼き物・ひじき煮,生活習慣改善を意識した献立,たんぱく質★★★★★ 野菜★★★★★ 脂質管理★★★★★,食事記録で脂質量を確認しましょう
351,30,39,脂質異常症,2200,★★,春,和食,ご飯・納豆・卵・味噌汁・いちご,鶏肉の照り焼き・野菜サラダ,あじの南蛮漬け・豆腐,脂質バランスを整えた献立,たんぱく質★★★★★ 野菜★★★★★ 脂質管理★★★★☆,油の種類を選びましょう
352,30,39,脂質異常症,1900,★,夏,和食,オートミール・牛乳・キウイ,豚しゃぶ・サラダ,赤魚の煮付け・青菜のおひたし,低脂質で続けやすい献立,たんぱく質★★★★☆ 野菜★★★★★ 脂質管理★★★★★,加工食品を控えましょう
353,30,39,脂質異常症,2300,★★,秋,和食,玄米ご飯・納豆・味噌汁・柿,鶏肉の照り焼き・野菜添え,鮭鍋・野菜料理,秋食材を活用した脂質改善献立,たんぱく質★★★★★ 野菜★★★★★ 脂質管理★★★★★,きのこ類も活用しましょう
354,30,39,脂質異常症,1800,★,冬,和食,ご飯・納豆・味噌汁・みかん,鶏ささみ丼・サラダ,豆腐ハンバーグ・野菜スープ,脂質を抑えた健康維持献立,たんぱく質★★★★☆ 野菜★★★★★ 脂質管理★★★★★,食事量を急に減らさないようにしましょう
355,30,39,脂質異常症,2200,★★,通年,中華,ご飯・卵スープ・ヨーグルト,八宝菜・ご飯,蒸し鶏・野菜炒め,油を控えた中華献立,たんぱく質★★★★☆ 野菜★★★★★ 脂質管理★★★★☆,炒め油の量を調整しましょう
356,30,39,脂質異常症,2100,★★,春,和食,ご飯・納豆・味噌汁・オレンジ,豚肉と野菜炒め,さばの塩焼き・冷奴,魚と肉をバランスよく摂れる献立,たんぱく質★★★★★ 野菜★★★★☆ 脂質管理★★★★★,肉と魚を偏らせないようにしましょう
357,30,39,脂質異常症,2400,★★★,夏,洋食,全粒パン・卵・ヨーグルト,チキンステーキ・サラダ,魚のグリル・野菜スープ,活動量を考えた脂質調整献立,たんぱく質★★★★★ 野菜★★★★★ 脂質管理★★★★☆,適度な運動を行いましょう
358,30,39,脂質異常症,2000,★,秋,和食,玄米ご飯・納豆・味噌汁・梨,鶏むね肉料理・野菜サラダ,ぶり大根・小松菜のおひたし,脂質改善を目的とした献立,たんぱく質★★★★★ 野菜★★★★★ 脂質管理★★★★★,食物繊維を増やしましょう
359,30,39,脂質異常症,2300,★★,冬,和食,ご飯・卵・納豆・味噌汁,豚しゃぶ・ご飯・サラダ,鮭鍋・豆腐料理,体力維持と脂質管理を両立した献立,たんぱく質★★★★★ 野菜★★★★★ 脂質管理★★★★☆,体重管理も意識しましょう
360,30,39,脂質異常症,2100,★★,春,和食,ご飯・納豆・味噌汁・果物,鶏肉の照り焼き・野菜サラダ,さばのレモン焼き・冷奴,継続しやすい脂質改善献立,たんぱく質★★★★★ 野菜★★★★★ 脂質管理★★★★★,定期的に健康状態を確認しましょう
361,30,39,脂質異常症,1900,★,春,和食,玄米ご飯・納豆・減塩味噌汁・いちご,鶏むね肉の蒸し焼き・野菜サラダ,鮭の塩焼き・豆腐・ひじき煮,脂質を抑えながら栄養を確保した献立,たんぱく質★★★★★ 野菜★★★★★ 脂質管理★★★★★,揚げ物を控えて焼く調理を選びましょう
362,30,39,脂質異常症,2000,★,夏,和食,ご飯・卵焼き・納豆・味噌汁,豚しゃぶサラダ・ご飯,白身魚の焼き物・野菜煮物,食物繊維を意識した脂質改善献立,たんぱく質★★★★★ 野菜★★★★★ 脂質管理★★★★★,野菜や海藻を取り入れましょう
363,30,39,脂質異常症,2100,★★,秋,和食,玄米ご飯・豆腐味噌汁・ヨーグルト・柿,鶏肉と野菜炒め・ご飯,ぶり大根・小松菜のおひたし,魚の脂質を活用した献立,たんぱく質★★★★★ 野菜★★★★★ 脂質管理★★★★★,青魚を適度に摂取しましょう
364,30,39,脂質異常症,2200,★★,冬,和食,ご飯・納豆・卵・味噌汁,豚肉の生姜焼き・キャベツ,鶏鍋・野菜料理,冬でも脂質管理できる献立,たんぱく質★★★★★ 野菜★★★★★ 脂質管理★★★★☆,脂身の多い肉を避けましょう
365,30,39,脂質異常症,2300,★★,通年,洋食,全粒パン・卵・ヨーグルト,鶏肉のトマト煮・サラダ,白身魚のグリル・野菜スープ,洋食でも脂質を調整した献立,たんぱく質★★★★★ 野菜★★★★★ 脂質管理★★★★★,ドレッシング量にも注意しましょう
366,30,39,脂質異常症,2400,★★★,春,和食,ご飯・納豆・卵・味噌汁,鶏肉丼・野菜サラダ,鮭のホイル焼き・冷奴,活動量に合わせた脂質管理献立,たんぱく質★★★★★ 野菜★★★★☆ 脂質管理★★★★★,運動と食事を組み合わせましょう
367,30,39,脂質異常症,1800,★,夏,和食,オートミール・牛乳・バナナ,鶏ささみサラダ・ご飯,豆腐ハンバーグ・野菜スープ,低脂質で満足感を得られる献立,たんぱく質★★★★☆ 野菜★★★★★ 脂質管理★★★★★,間食の内容を確認しましょう
368,30,39,脂質異常症,2000,★★,秋,和食,ご飯・納豆・味噌汁・りんご,豚しゃぶ・野菜サラダ,鮭の焼き物・ひじき煮,生活習慣改善を意識した献立,たんぱく質★★★★★ 野菜★★★★★ 脂質管理★★★★★,食物繊維を増やしましょう
369,30,39,脂質異常症,2200,★★,冬,和食,玄米ご飯・卵焼き・味噌汁,親子丼・サラダ,さばの塩焼き・冷奴,肉と魚のバランスを考えた献立,たんぱく質★★★★★ 野菜★★★★☆ 脂質管理★★★★★,魚料理を取り入れる習慣を作りましょう
370,30,39,脂質異常症,2100,★★,通年,和食,ご飯・納豆・味噌汁・オレンジ,鶏肉の照り焼き・野菜サラダ,あじの南蛮漬け・豆腐,継続しやすい脂質改善献立,たんぱく質★★★★★ 野菜★★★★★ 脂質管理★★★★★,食事記録を続けましょう
371,30,39,脂質異常症,2300,★★,春,和食,玄米ご飯・納豆・味噌汁・いちご,鶏肉の蒸し料理・サラダ,鮭鍋・野菜料理,脂質管理と栄養補給を両立した献立,たんぱく質★★★★★ 野菜★★★★★ 脂質管理★★★★★,調理法を工夫しましょう
372,30,39,脂質異常症,1900,★,夏,和食,ご飯・納豆・味噌汁・桃,豚しゃぶ・野菜サラダ,赤魚の煮付け・青菜のおひたし,低脂質で続けやすい献立,たんぱく質★★★★☆ 野菜★★★★★ 脂質管理★★★★★,加工食品を減らしましょう
373,30,39,脂質異常症,2100,★★,秋,和食,玄米ご飯・卵・味噌汁・梨,鶏肉料理・野菜サラダ,鮭鍋・豆腐料理,秋の食材を利用した献立,たんぱく質★★★★★ 野菜★★★★★ 脂質管理★★★★★,旬の食材を活用しましょう
374,30,39,脂質異常症,1800,★,冬,和食,ご飯・納豆・味噌汁・みかん,鶏ささみ丼・サラダ,豆腐ハンバーグ・野菜スープ,脂質を抑えた健康維持献立,たんぱく質★★★★☆ 野菜★★★★★ 脂質管理★★★★★,極端な食事制限は避けましょう
375,30,39,脂質異常症,2200,★★,通年,中華,ご飯・卵スープ・ヨーグルト,八宝菜・ご飯,蒸し鶏・野菜炒め,油を控えた中華献立,たんぱく質★★★★☆ 野菜★★★★★ 脂質管理★★★★☆,炒め油の量を調整しましょう
376,30,39,脂質異常症,2100,★★,春,和食,ご飯・納豆・味噌汁・オレンジ,豚肉と野菜炒め,さばの塩焼き・冷奴,魚と肉を組み合わせた献立,たんぱく質★★★★★ 野菜★★★★☆ 脂質管理★★★★★,食品の組み合わせを意識しましょう
377,30,39,脂質異常症,2400,★★★,夏,洋食,全粒パン・卵・ヨーグルト,チキンステーキ・サラダ,魚のグリル・野菜スープ,活動量に合わせた栄養管理献立,たんぱく質★★★★★ 野菜★★★★★ 脂質管理★★★★☆,適度な運動を行いましょう
378,30,39,脂質異常症,2000,★,秋,和食,玄米ご飯・納豆・味噌汁・柿,鶏むね肉料理・野菜サラダ,ぶり大根・小松菜のおひたし,脂質改善を目的とした献立,たんぱく質★★★★★ 野菜★★★★★ 脂質管理★★★★★,毎日の野菜量を確認しましょう
379,30,39,脂質異常症,2300,★★,冬,和食,ご飯・卵・納豆・味噌汁,豚しゃぶ・ご飯・サラダ,鮭鍋・豆腐料理,体力維持と脂質管理を考えた献立,たんぱく質★★★★★ 野菜★★★★★ 脂質管理★★★★☆,体重変化を確認しましょう
380,30,39,脂質異常症,2100,★★,春,和食,ご飯・納豆・味噌汁・果物,鶏肉の照り焼き・野菜サラダ,さばのレモン焼き・冷奴,長期的に続けやすい脂質改善献立,たんぱく質★★★★★ 野菜★★★★★ 脂質管理★★★★★,定期的な健康チェックを行いましょう
381,40,49,なし,1800,★,春,和食,玄米ご飯・納豆・味噌汁・バナナ,鶏むね肉の照り焼き・野菜サラダ・ご飯,鮭の塩焼き・豆腐・ひじき煮,筋肉維持と生活習慣病予防を意識した献立,たんぱく質★★★★★ 野菜★★★★★ 脂質管理★★★★☆,食事量と運動量のバランスを意識しましょう
382,40,49,なし,1900,★,夏,和食,ご飯・卵焼き・納豆・味噌汁,豚しゃぶサラダ・ご飯,白身魚の焼き物・野菜煮物,栄養バランスを整えた家庭料理,たんぱく質★★★★★ 野菜★★★★★ バランス★★★★★,朝食を抜かないようにしましょう
383,40,49,なし,2000,★★,秋,和食,玄米ご飯・豆腐味噌汁・ヨーグルト・りんご,鶏肉と野菜炒め・ご飯,ぶり大根・小松菜のおひたし,食物繊維を確保した健康維持献立,たんぱく質★★★★★ 野菜★★★★★ 食物繊維★★★★★,旬の野菜を取り入れましょう
384,40,49,なし,2100,★★,冬,和食,ご飯・納豆・卵・味噌汁,豚肉の生姜焼き・キャベツ,鶏鍋・野菜料理,体力維持を考えた献立,たんぱく質★★★★★ 野菜★★★★★ バランス★★★★☆,塩分摂取量にも注意しましょう
385,40,49,なし,2200,★★,通年,洋食,全粒パン・卵・ヨーグルト,鶏肉のトマト煮・サラダ,白身魚のグリル・野菜スープ,栄養バランスを考えた洋風献立,たんぱく質★★★★★ 野菜★★★★★ 脂質管理★★★★☆,加工食品を控えましょう
386,40,49,なし,2300,★★★,春,和食,ご飯・納豆・卵・味噌汁,鶏肉丼・野菜サラダ,鮭のホイル焼き・冷奴,活動量が多い人向けの献立,たんぱく質★★★★★ 野菜★★★★☆ エネルギー★★★★★,運動習慣を継続しましょう
387,40,49,なし,1800,★,夏,和食,オートミール・牛乳・バナナ,鶏ささみサラダ・ご飯,豆腐ハンバーグ・野菜スープ,低カロリーでも栄養を確保した献立,たんぱく質★★★★☆ 野菜★★★★★ バランス★★★★★,間食を摂りすぎないようにしましょう
388,40,49,なし,2000,★★,秋,和食,ご飯・納豆・味噌汁・柿,豚しゃぶ・野菜サラダ,鮭の焼き物・ひじき煮,健康維持を目的とした献立,たんぱく質★★★★★ 野菜★★★★★ 食物繊維★★★★★,よく噛んで食べましょう
389,40,49,なし,2200,★★,冬,和食,玄米ご飯・卵焼き・味噌汁,親子丼・サラダ,さばの塩焼き・冷奴,魚と肉を組み合わせた献立,たんぱく質★★★★★ 野菜★★★★☆ バランス★★★★★,魚料理を定期的に取り入れましょう
390,40,49,なし,2100,★★,通年,和食,ご飯・納豆・味噌汁・オレンジ,鶏肉の照り焼き・野菜サラダ,あじの南蛮漬け・豆腐,継続しやすい健康献立,たんぱく質★★★★★ 野菜★★★★★ バランス★★★★★,体重管理を意識しましょう
391,40,49,なし,1900,★,春,和食,玄米ご飯・納豆・味噌汁・いちご,鶏肉の蒸し料理・サラダ,鮭鍋・野菜料理,抗酸化食品を含む献立,たんぱく質★★★★★ 野菜★★★★★ バランス★★★★★,野菜を毎食摂りましょう
392,40,49,なし,2000,★★,夏,和食,ご飯・卵・豆腐味噌汁・桃,豚しゃぶ・野菜サラダ,白身魚料理・冷奴,暑い時期でも食べやすい献立,たんぱく質★★★★☆ 野菜★★★★★ バランス★★★★★,水分補給も意識しましょう
393,40,49,なし,2300,★★★,秋,和食,玄米ご飯・納豆・味噌汁・梨,鶏肉料理・野菜炒め,鮭の焼き物・豆腐,エネルギー確保と健康維持を両立した献立,たんぱく質★★★★★ 野菜★★★★★ エネルギー★★★★★,食べ過ぎには注意しましょう
394,40,49,なし,1800,★,冬,和食,ご飯・納豆・味噌汁・みかん,鶏ささみ丼・サラダ,豆腐ハンバーグ・野菜スープ,低脂質で健康的な献立,たんぱく質★★★★☆ 野菜★★★★★ バランス★★★★★,無理な減量は避けましょう
395,40,49,なし,2100,★★,通年,中華,ご飯・卵スープ・ヨーグルト,八宝菜・ご飯,蒸し鶏・野菜炒め,油を調整した中華献立,たんぱく質★★★★☆ 野菜★★★★★ バランス★★★★☆,外食時の量に注意しましょう
396,40,49,なし,2200,★★,春,和食,ご飯・納豆・味噌汁・オレンジ,豚肉と野菜炒め,さばの塩焼き・冷奴,バランスの良い和食献立,たんぱく質★★★★★ 野菜★★★★☆ 脂質管理★★★★★,食物繊維を意識しましょう
397,40,49,なし,2300,★★★,夏,洋食,全粒パン・卵・ヨーグルト,チキンステーキ・サラダ,魚のグリル・野菜スープ,活動量に合わせた献立,たんぱく質★★★★★ 野菜★★★★★ バランス★★★★☆,適度な運動を行いましょう
398,40,49,なし,2000,★,秋,和食,玄米ご飯・納豆・味噌汁・柿,鶏むね肉料理・野菜サラダ,ぶり大根・小松菜のおひたし,中年期の健康維持献立,たんぱく質★★★★★ 野菜★★★★★ バランス★★★★★,生活習慣を見直しましょう
399,40,49,なし,2300,★★,冬,和食,ご飯・卵・納豆・味噌汁,豚しゃぶ・ご飯・サラダ,鮭鍋・豆腐料理,体力維持を考えた献立,たんぱく質★★★★★ 野菜★★★★★ エネルギー★★★★☆,睡眠と食事リズムを整えましょう
400,40,49,なし,2100,★★,春,和食,ご飯・納豆・味噌汁・果物,鶏肉の照り焼き・野菜サラダ,さばのレモン焼き・冷奴,長期的に続けやすい健康献立,たんぱく質★★★★★ 野菜★★★★★ バランス★★★★★,定期的に健康チェックをしましょう
401,40,49,なし,1900,★,春,和食,玄米ご飯・納豆・減塩味噌汁・いちご,鶏むね肉の蒸し焼き・野菜サラダ,鮭の塩焼き・豆腐・ひじき煮,筋肉維持と健康管理を意識した献立,たんぱく質★★★★★ 野菜★★★★★ バランス★★★★★,毎食たんぱく質を取り入れましょう
402,40,49,なし,2000,★,夏,和食,ご飯・卵焼き・納豆・味噌汁,豚しゃぶサラダ・ご飯,白身魚の焼き物・野菜煮物,生活習慣病予防を考えた献立,たんぱく質★★★★★ 野菜★★★★★ バランス★★★★★,野菜量を意識しましょう
403,40,49,なし,2100,★★,秋,和食,玄米ご飯・豆腐味噌汁・ヨーグルト・柿,鶏肉と野菜炒め・ご飯,ぶり大根・小松菜のおひたし,食物繊維を確保した健康維持献立,たんぱく質★★★★★ 野菜★★★★★ 食物繊維★★★★★,旬の食材を楽しみましょう
404,40,49,なし,2200,★★,冬,和食,ご飯・納豆・卵・味噌汁,豚肉の生姜焼き・キャベツ,鶏鍋・野菜料理,体温維持と栄養補給を考えた献立,たんぱく質★★★★★ 野菜★★★★★ バランス★★★★☆,汁物の塩分に注意しましょう
405,40,49,なし,2300,★★,通年,洋食,全粒パン・卵・ヨーグルト,鶏肉のトマト煮・サラダ,白身魚のグリル・野菜スープ,脂質を抑えた洋風健康献立,たんぱく質★★★★★ 野菜★★★★★ 脂質管理★★★★★,調理方法を工夫しましょう
406,40,49,なし,1800,★,春,和食,オートミール・牛乳・バナナ,鶏ささみサラダ・ご飯,豆腐ハンバーグ・野菜スープ,摂取量を調整した健康献立,たんぱく質★★★★☆ 野菜★★★★★ バランス★★★★★,間食を見直しましょう
407,40,49,なし,2000,★★,夏,和食,ご飯・納豆・味噌汁・りんご,豚しゃぶ・野菜サラダ,鮭の焼き物・ひじき煮,抗酸化食品を含む献立,たんぱく質★★★★★ 野菜★★★★★ バランス★★★★★,果物は適量摂取しましょう
408,40,49,なし,2200,★★,秋,和食,玄米ご飯・卵焼き・味噌汁,親子丼・サラダ,さばの塩焼き・冷奴,魚と肉をバランスよく摂れる献立,たんぱく質★★★★★ 野菜★★★★☆ バランス★★★★★,青魚を取り入れましょう
409,40,49,なし,2100,★★,冬,和食,ご飯・納豆・味噌汁・みかん,鶏肉の照り焼き・野菜サラダ,あじの南蛮漬け・豆腐,継続しやすい家庭料理献立,たんぱく質★★★★★ 野菜★★★★★ バランス★★★★★,食事時間を整えましょう
410,40,49,なし,2300,★★★,通年,和食,玄米ご飯・納豆・味噌汁,豚しゃぶ・野菜サラダ,鮭のホイル焼き・野菜煮物,活動量に対応した献立,たんぱく質★★★★★ 野菜★★★★★ エネルギー★★★★★,運動習慣を続けましょう
411,40,49,なし,1900,★,春,和食,ご飯・卵・納豆・味噌汁・いちご,鶏肉料理・野菜サラダ,白身魚料理・豆腐,栄養バランス重視の献立,たんぱく質★★★★★ 野菜★★★★★ バランス★★★★★,朝食を大切にしましょう
412,40,49,なし,2000,★★,夏,和食,玄米ご飯・納豆・味噌汁・桃,豚しゃぶ・野菜料理,鮭の焼き物・冷奴,夏場でも栄養を確保する献立,たんぱく質★★★★★ 野菜★★★★★ バランス★★★★★,水分補給も行いましょう
413,40,49,なし,2300,★★★,秋,和食,ご飯・卵焼き・味噌汁・梨,鶏肉と野菜炒め,ぶり大根・野菜料理,エネルギー不足を防ぐ献立,たんぱく質★★★★★ 野菜★★★★★ エネルギー★★★★★,食事量を急に減らさないようにしましょう
414,40,49,なし,1800,★,冬,和食,ご飯・納豆・味噌汁・みかん,鶏ささみ丼・サラダ,豆腐ハンバーグ・野菜スープ,低脂質で健康的な献立,たんぱく質★★★★☆ 野菜★★★★★ バランス★★★★★,体重管理を意識しましょう
415,40,49,なし,2100,★★,通年,中華,ご飯・卵スープ・ヨーグルト,八宝菜・ご飯,蒸し鶏・野菜炒め,油を控えた中華献立,たんぱく質★★★★☆ 野菜★★★★★ バランス★★★★☆,外食時の油量に注意しましょう
416,40,49,なし,2200,★★,春,和食,ご飯・納豆・味噌汁・オレンジ,豚肉と野菜炒め,さばの塩焼き・冷奴,栄養素を幅広く摂れる献立,たんぱく質★★★★★ 野菜★★★★☆ 脂質管理★★★★★,食物繊維を増やしましょう
417,40,49,なし,2300,★★★,夏,洋食,全粒パン・卵・ヨーグルト,チキンステーキ・サラダ,魚のグリル・野菜スープ,活動的な人向け健康献立,たんぱく質★★★★★ 野菜★★★★★ バランス★★★★☆,適度な運動を継続しましょう
418,40,49,なし,2000,★,秋,和食,玄米ご飯・納豆・味噌汁・柿,鶏むね肉料理・野菜サラダ,ぶり大根・小松菜のおひたし,中年期の健康維持献立,たんぱく質★★★★★ 野菜★★★★★ バランス★★★★★,生活習慣を見直しましょう
419,40,49,なし,2300,★★,冬,和食,ご飯・卵・納豆・味噌汁,豚しゃぶ・ご飯・サラダ,鮭鍋・豆腐料理,体力維持を目的とした献立,たんぱく質★★★★★ 野菜★★★★★ エネルギー★★★★☆,睡眠と食事のリズムを整えましょう
420,40,49,なし,2100,★★,春,和食,ご飯・納豆・味噌汁・果物,鶏肉の照り焼き・野菜サラダ,さばのレモン焼き・冷奴,長期的に続けやすい健康献立,たんぱく質★★★★★ 野菜★★★★★ バランス★★★★★,定期的に健康状態を確認しましょう
421,40,49,高血圧,1800,★,春,和食,玄米ご飯・納豆・減塩味噌汁・いちご,鶏むね肉の蒸し焼き・野菜サラダ,鮭の塩焼き・豆腐・ひじき煮,減塩と栄養バランスを意識した献立,たんぱく質★★★★★ 野菜★★★★★ 塩分管理★★★★★,だしや香味野菜で薄味を補いましょう
422,40,49,高血圧,1900,★,夏,和食,ご飯・卵焼き・納豆・減塩味噌汁,豚しゃぶサラダ・ご飯,白身魚の焼き物・野菜煮物,血圧管理を考えた家庭料理,たんぱく質★★★★★ 野菜★★★★★ 塩分管理★★★★★,加工食品の塩分に注意しましょう
423,40,49,高血圧,2000,★★,秋,和食,玄米ご飯・豆腐味噌汁・ヨーグルト・柿,鶏肉と野菜炒め・ご飯,ぶり大根・小松菜のおひたし,食物繊維豊富な減塩献立,たんぱく質★★★★★ 野菜★★★★★ 塩分管理★★★★★,野菜を毎食取り入れましょう
424,40,49,高血圧,2100,★★,冬,和食,ご飯・納豆・卵・減塩味噌汁,豚肉の生姜焼き・キャベツ,鶏鍋・野菜料理,冬でも塩分を抑えた献立,たんぱく質★★★★★ 野菜★★★★★ 塩分管理★★★★☆,汁物は飲み過ぎないようにしましょう
425,40,49,高血圧,2200,★★,通年,洋食,全粒パン・卵・ヨーグルト,鶏肉のトマト煮・サラダ,白身魚のグリル・野菜スープ,洋食でも減塩できる献立,たんぱく質★★★★★ 野菜★★★★★ 塩分管理★★★★★,調味料の量を調整しましょう
426,40,49,高血圧,2300,★★★,春,和食,ご飯・納豆・卵・味噌汁,鶏肉丼・野菜サラダ,鮭のホイル焼き・冷奴,活動量に合わせた血圧管理献立,たんぱく質★★★★★ 野菜★★★★☆ 塩分管理★★★★★,体重管理も意識しましょう
427,40,49,高血圧,1800,★,夏,和食,オートミール・牛乳・バナナ,鶏ささみサラダ・ご飯,豆腐ハンバーグ・野菜スープ,低塩で栄養を確保した献立,たんぱく質★★★★☆ 野菜★★★★★ 塩分管理★★★★★,外食時は汁物を控えましょう
428,40,49,高血圧,2000,★★,秋,和食,ご飯・納豆・味噌汁・りんご,豚しゃぶ・野菜サラダ,鮭の焼き物・ひじき煮,魚と野菜を取り入れた献立,たんぱく質★★★★★ 野菜★★★★★ 塩分管理★★★★★,果物も適量摂取しましょう
429,40,49,高血圧,2200,★★,冬,和食,玄米ご飯・卵焼き・減塩味噌汁,親子丼・サラダ,さばの塩焼き・冷奴,血圧管理と満足感を両立した献立,たんぱく質★★★★★ 野菜★★★★☆ 塩分管理★★★★★,魚料理を習慣化しましょう
430,40,49,高血圧,2100,★★,通年,和食,ご飯・納豆・味噌汁・オレンジ,鶏肉の照り焼き・野菜サラダ,あじの南蛮漬け・豆腐,継続しやすい減塩献立,たんぱく質★★★★★ 野菜★★★★★ 塩分管理★★★★★,血圧を定期的に確認しましょう
431,40,49,高血圧,1900,★,春,和食,玄米ご飯・納豆・減塩味噌汁・いちご,鶏肉の蒸し料理・サラダ,鮭鍋・野菜料理,春野菜を活用した減塩献立,たんぱく質★★★★★ 野菜★★★★★ 塩分管理★★★★★,旬の野菜を取り入れましょう
432,40,49,高血圧,2000,★★,夏,和食,ご飯・卵・豆腐味噌汁・キウイ,豚しゃぶ・野菜サラダ,白身魚料理・冷奴,暑い季節でも続けやすい献立,たんぱく質★★★★☆ 野菜★★★★★ 塩分管理★★★★★,水分と塩分のバランスに注意しましょう
433,40,49,高血圧,2300,★★★,秋,和食,玄米ご飯・納豆・味噌汁・梨,鶏肉料理・野菜炒め,鮭の焼き物・豆腐,エネルギー確保と血圧管理を両立した献立,たんぱく質★★★★★ 野菜★★★★★ 塩分管理★★★★☆,食べ過ぎに注意しましょう
434,40,49,高血圧,1800,★,冬,和食,ご飯・納豆・減塩味噌汁・みかん,鶏ささみ丼・サラダ,豆腐ハンバーグ・野菜スープ,低塩で健康維持を考えた献立,たんぱく質★★★★☆ 野菜★★★★★ 塩分管理★★★★★,薄味に慣れることを意識しましょう
435,40,49,高血圧,2100,★★,通年,中華,ご飯・卵スープ,八宝菜・ご飯,蒸し鶏・野菜炒め,油と塩分を調整した中華献立,たんぱく質★★★★☆ 野菜★★★★★ 塩分管理★★★★☆,外食の塩分量に注意しましょう
436,40,49,高血圧,2200,★★,春,和食,ご飯・納豆・味噌汁・オレンジ,豚肉と野菜炒め,さばの塩焼き・冷奴,魚と肉をバランスよく摂る献立,たんぱく質★★★★★ 野菜★★★★☆ 塩分管理★★★★★,野菜量を増やしましょう
437,40,49,高血圧,2300,★★★,夏,洋食,全粒パン・卵・ヨーグルト,チキンステーキ・サラダ,魚のグリル・野菜スープ,活動量に合わせた献立,たんぱく質★★★★★ 野菜★★★★★ 塩分管理★★★★☆,適度な運動を行いましょう
438,40,49,高血圧,2000,★,秋,和食,玄米ご飯・納豆・味噌汁・柿,鶏むね肉料理・野菜サラダ,ぶり大根・小松菜のおひたし,生活習慣改善を意識した献立,たんぱく質★★★★★ 野菜★★★★★ 塩分管理★★★★★,食物繊維を意識しましょう
439,40,49,高血圧,2300,★★,冬,和食,ご飯・卵・納豆・減塩味噌汁,豚しゃぶ・ご飯・サラダ,鮭鍋・豆腐料理,体力維持と血圧管理を考えた献立,たんぱく質★★★★★ 野菜★★★★★ 塩分管理★★★★☆,体重管理を行いましょう
440,40,49,高血圧,2100,★★,春,和食,ご飯・納豆・味噌汁・果物,鶏肉の照り焼き・野菜サラダ,さばのレモン焼き・冷奴,長期継続しやすい血圧管理献立,たんぱく質★★★★★ 野菜★★★★★ 塩分管理★★★★★,毎日の減塩を続けましょう
441,40,49,高血圧,1900,★,春,和食,玄米ご飯・納豆・減塩味噌汁・いちご,鶏むね肉の蒸し焼き・野菜サラダ,鮭の塩焼き・豆腐・ひじき煮,減塩しながら筋肉維持を考えた献立,たんぱく質★★★★★ 野菜★★★★★ 塩分管理★★★★★,香辛料やだしで味を工夫しましょう
442,40,49,高血圧,2000,★,夏,和食,ご飯・卵焼き・納豆・減塩味噌汁,豚しゃぶサラダ・ご飯,白身魚の焼き物・野菜煮物,血圧管理を継続しやすい献立,たんぱく質★★★★★ 野菜★★★★★ 塩分管理★★★★★,醤油や味噌の量を控えめにしましょう
443,40,49,高血圧,2100,★★,秋,和食,玄米ご飯・豆腐味噌汁・ヨーグルト・柿,鶏肉と野菜炒め・ご飯,ぶり大根・小松菜のおひたし,野菜量を確保した減塩献立,たんぱく質★★★★★ 野菜★★★★★ 塩分管理★★★★★,カリウムを含む食品を取り入れましょう
444,40,49,高血圧,2200,★★,冬,和食,ご飯・納豆・卵・減塩味噌汁,豚肉の生姜焼き・キャベツ,鶏鍋・野菜料理,冬でも塩分を抑えた温かい献立,たんぱく質★★★★★ 野菜★★★★★ 塩分管理★★★★☆,鍋の汁は飲み干さないようにしましょう
445,40,49,高血圧,2300,★★,通年,洋食,全粒パン・卵・ヨーグルト,鶏肉のトマト煮・サラダ,白身魚のグリル・野菜スープ,洋風でも減塩を意識した献立,たんぱく質★★★★★ 野菜★★★★★ 塩分管理★★★★★,ドレッシングは少量にしましょう
446,40,49,高血圧,1800,★,春,和食,オートミール・牛乳・バナナ,鶏ささみサラダ・ご飯,豆腐ハンバーグ・野菜スープ,低カロリーでも栄養を確保した献立,たんぱく質★★★★☆ 野菜★★★★★ 塩分管理★★★★★,食事量を極端に減らさないようにしましょう
447,40,49,高血圧,2000,★★,夏,和食,ご飯・納豆・味噌汁・りんご,豚しゃぶ・野菜サラダ,鮭の焼き物・ひじき煮,魚と野菜を組み合わせた献立,たんぱく質★★★★★ 野菜★★★★★ 塩分管理★★★★★,魚料理を週数回取り入れましょう
448,40,49,高血圧,2200,★★,秋,和食,玄米ご飯・卵焼き・減塩味噌汁,親子丼・サラダ,さばの塩焼き・冷奴,満足感と減塩を両立した献立,たんぱく質★★★★★ 野菜★★★★☆ 塩分管理★★★★★,よく噛んで食べましょう
449,40,49,高血圧,2100,★★,冬,和食,ご飯・納豆・味噌汁・みかん,鶏肉の照り焼き・野菜サラダ,あじの南蛮漬け・豆腐,家庭で続けやすい血圧管理献立,たんぱく質★★★★★ 野菜★★★★★ 塩分管理★★★★★,毎日の血圧測定を習慣化しましょう
450,40,49,高血圧,2300,★★★,通年,和食,玄米ご飯・納豆・味噌汁,豚しゃぶ・野菜サラダ,鮭のホイル焼き・野菜煮物,活動量に合わせた献立,たんぱく質★★★★★ 野菜★★★★★ 塩分管理★★★★☆,運動習慣も意識しましょう
451,40,49,高血圧,1900,★,春,和食,ご飯・卵・納豆・味噌汁・いちご,鶏肉料理・野菜サラダ,白身魚料理・豆腐,春野菜を活用した献立,たんぱく質★★★★★ 野菜★★★★★ 塩分管理★★★★★,旬の食材で減塩しましょう
452,40,49,高血圧,2000,★★,夏,和食,玄米ご飯・納豆・味噌汁・桃,豚しゃぶ・野菜料理,鮭の焼き物・冷奴,夏でも続けやすい献立,たんぱく質★★★★★ 野菜★★★★★ 塩分管理★★★★★,水分補給も忘れないようにしましょう
453,40,49,高血圧,2300,★★★,秋,和食,ご飯・卵焼き・味噌汁・梨,鶏肉と野菜炒め,ぶり大根・野菜料理,栄養不足を防ぐ血圧管理献立,たんぱく質★★★★★ 野菜★★★★★ 塩分管理★★★★☆,食事量を調整しましょう
454,40,49,高血圧,1800,★,冬,和食,ご飯・納豆・減塩味噌汁・みかん,鶏ささみ丼・サラダ,豆腐ハンバーグ・野菜スープ,低塩で健康維持を考えた献立,たんぱく質★★★★☆ 野菜★★★★★ 塩分管理★★★★★,薄味を習慣化しましょう
455,40,49,高血圧,2100,★★,通年,中華,ご飯・卵スープ,八宝菜・ご飯,蒸し鶏・野菜炒め,塩分と油を調整した中華献立,たんぱく質★★★★☆ 野菜★★★★★ 塩分管理★★★★☆,外食時の味付けに注意しましょう
456,40,49,高血圧,2200,★★,春,和食,ご飯・納豆・味噌汁・オレンジ,豚肉と野菜炒め,さばの塩焼き・冷奴,魚と肉のバランスを考えた献立,たんぱく質★★★★★ 野菜★★★★☆ 塩分管理★★★★★,野菜料理を追加しましょう
457,40,49,高血圧,2300,★★★,夏,洋食,全粒パン・卵・ヨーグルト,チキンステーキ・サラダ,魚のグリル・野菜スープ,活動量を考えた健康献立,たんぱく質★★★★★ 野菜★★★★★ 塩分管理★★★★☆,適度な運動を行いましょう
458,40,49,高血圧,2000,★,秋,和食,玄米ご飯・納豆・味噌汁・柿,鶏むね肉料理・野菜サラダ,ぶり大根・小松菜のおひたし,生活習慣改善を意識した献立,たんぱく質★★★★★ 野菜★★★★★ 塩分管理★★★★★,食物繊維を意識しましょう
459,40,49,高血圧,2300,★★,冬,和食,ご飯・卵・納豆・減塩味噌汁,豚しゃぶ・ご飯・サラダ,鮭鍋・豆腐料理,体力維持と血圧管理を両立した献立,たんぱく質★★★★★ 野菜★★★★★ 塩分管理★★★★☆,体重管理も行いましょう
460,40,49,高血圧,2100,★★,春,和食,ご飯・納豆・味噌汁・果物,鶏肉の照り焼き・野菜サラダ,さばのレモン焼き・冷奴,長期継続しやすい減塩献立,たんぱく質★★★★★ 野菜★★★★★ 塩分管理★★★★★,毎日の減塩を継続しましょう
461,40,49,糖尿病,1800,★,春,和食,玄米ご飯・納豆・減塩味噌汁・ゆで卵,鶏むね肉の照り焼き・野菜サラダ・雑穀ご飯,鮭の塩焼き・豆腐・ひじき煮,血糖値の安定を意識した献立,たんぱく質★★★★★ 野菜★★★★★ 糖質管理★★★★★,食物繊維を先に摂りましょう
462,40,49,糖尿病,1900,★,夏,和食,雑穀ご飯・納豆・味噌汁・ヨーグルト,豚しゃぶサラダ・玄米ご飯,白身魚の焼き物・野菜煮物,糖質量を調整した献立,たんぱく質★★★★★ 野菜★★★★★ 糖質管理★★★★★,甘い飲料を控えましょう
463,40,49,糖尿病,2000,★★,秋,和食,玄米ご飯・豆腐味噌汁・卵・りんご,鶏肉と野菜炒め・雑穀ご飯,ぶり大根・小松菜のおひたし,食物繊維を確保した血糖管理献立,たんぱく質★★★★★ 野菜★★★★★ 食物繊維★★★★★,野菜から食べ始めましょう
464,40,49,糖尿病,2100,★★,冬,和食,雑穀ご飯・納豆・味噌汁,豚肉の生姜焼き・キャベツ・ご飯,鶏鍋・野菜料理,エネルギーと血糖管理を両立した献立,たんぱく質★★★★★ 野菜★★★★★ 糖質管理★★★★☆,食事時間を一定にしましょう
465,40,49,糖尿病,2200,★★,通年,洋食,全粒パン・卵・ヨーグルト,鶏肉のトマト煮・サラダ,白身魚のグリル・野菜スープ,糖質を調整した洋風献立,たんぱく質★★★★★ 野菜★★★★★ 糖質管理★★★★★,パンの量に注意しましょう
466,40,49,糖尿病,2300,★★★,春,和食,玄米ご飯・納豆・卵・味噌汁,鶏肉丼（雑穀米）・野菜サラダ,鮭のホイル焼き・冷奴,活動量に合わせた糖尿病予防献立,たんぱく質★★★★★ 野菜★★★★☆ 糖質管理★★★★★,運動も取り入れましょう
467,40,49,糖尿病,1800,★,夏,和食,オートミール・牛乳・バナナ少量,鶏ささみサラダ・雑穀ご飯,豆腐ハンバーグ・野菜スープ,低糖質ではなく適正糖質を意識した献立,たんぱく質★★★★☆ 野菜★★★★★ 糖質管理★★★★★,果物は量を調整しましょう
468,40,49,糖尿病,2000,★★,秋,和食,玄米ご飯・納豆・味噌汁・梨少量,豚しゃぶ・野菜サラダ・ご飯,鮭の焼き物・ひじき煮,血糖変動を抑える献立,たんぱく質★★★★★ 野菜★★★★★ 食物繊維★★★★★,食べ過ぎを避けましょう
469,40,49,糖尿病,2200,★★,冬,和食,雑穀ご飯・卵焼き・味噌汁,親子丼（ご飯少なめ）・サラダ,さばの塩焼き・冷奴,糖質量を考えた和食献立,たんぱく質★★★★★ 野菜★★★★☆ 糖質管理★★★★★,主食量を調整しましょう
470,40,49,糖尿病,2100,★★,通年,和食,玄米ご飯・納豆・味噌汁・オレンジ少量,鶏肉の照り焼き・野菜サラダ,あじの南蛮漬け・豆腐,継続しやすい血糖管理献立,たんぱく質★★★★★ 野菜★★★★★ 糖質管理★★★★★,毎日同じリズムで食べましょう
471,40,49,糖尿病,1900,★,春,和食,雑穀ご飯・納豆・味噌汁・いちご少量,鶏肉の蒸し料理・サラダ,鮭鍋・野菜料理,春野菜を活用した献立,たんぱく質★★★★★ 野菜★★★★★ 糖質管理★★★★★,野菜量を増やしましょう
472,40,49,糖尿病,2000,★★,夏,和食,玄米ご飯・卵・豆腐味噌汁,豚しゃぶ・野菜サラダ,白身魚料理・冷奴,夏でも食べやすい血糖管理献立,たんぱく質★★★★☆ 野菜★★★★★ 糖質管理★★★★★,水分補給を行いましょう
473,40,49,糖尿病,2300,★★★,秋,和食,雑穀ご飯・納豆・味噌汁・柿少量,鶏肉料理・野菜炒め,鮭の焼き物・豆腐,エネルギー不足を防ぐ献立,たんぱく質★★★★★ 野菜★★★★★ 糖質管理★★★★☆,極端な糖質制限は避けましょう
474,40,49,糖尿病,1800,★,冬,和食,玄米ご飯・納豆・味噌汁・みかん少量,鶏ささみ丼・サラダ,豆腐ハンバーグ・野菜スープ,血糖管理を意識した低脂質献立,たんぱく質★★★★☆ 野菜★★★★★ 糖質管理★★★★★,間食内容を確認しましょう
475,40,49,糖尿病,2100,★★,通年,中華,雑穀ご飯・卵スープ,八宝菜・ご飯少量,蒸し鶏・野菜炒め,油と糖質を調整した中華献立,たんぱく質★★★★☆ 野菜★★★★★ 糖質管理★★★★☆,外食の量に注意しましょう
476,40,49,糖尿病,2200,★★,春,和食,玄米ご飯・納豆・味噌汁・オレンジ少量,豚肉と野菜炒め・雑穀ご飯,さばの塩焼き・冷奴,血糖管理と満足感を両立した献立,たんぱく質★★★★★ 野菜★★★★☆ 糖質管理★★★★★,食物繊維を意識しましょう
477,40,49,糖尿病,2300,★★★,夏,洋食,全粒パン・卵・ヨーグルト,チキンステーキ・サラダ,魚のグリル・野菜スープ,糖質を調整した洋風献立,たんぱく質★★★★★ 野菜★★★★★ 糖質管理★★★★☆,パン量を調整しましょう
478,40,49,糖尿病,2000,★,秋,和食,玄米ご飯・納豆・味噌汁・柿少量,鶏むね肉料理・野菜サラダ,ぶり大根・小松菜のおひたし,生活習慣改善を意識した献立,たんぱく質★★★★★ 野菜★★★★★ 糖質管理★★★★★,継続することが大切です
479,40,49,糖尿病,2300,★★,冬,和食,雑穀ご飯・卵・納豆・味噌汁,豚しゃぶ・ご飯・サラダ,鮭鍋・豆腐料理,体力維持と血糖管理を考えた献立,たんぱく質★★★★★ 野菜★★★★★ 糖質管理★★★★☆,体重管理も行いましょう
480,40,49,糖尿病,2100,★★,春,和食,玄米ご飯・納豆・味噌汁・果物少量,鶏肉の照り焼き・野菜サラダ,さばのレモン焼き・冷奴,長期継続できる糖尿病管理献立,たんぱく質★★★★★ 野菜★★★★★ 糖質管理★★★★★,定期的に血糖を確認しましょう
481,40,49,糖尿病,1900,★,春,和食,玄米ご飯・納豆・減塩味噌汁・ゆで卵,鶏むね肉の蒸し焼き・野菜サラダ・雑穀ご飯,鮭の塩焼き・豆腐・ひじき煮,血糖値の安定と筋肉維持を考えた献立,たんぱく質★★★★★ 野菜★★★★★ 糖質管理★★★★★,食事は規則正しく摂りましょう
482,40,49,糖尿病,2000,★,夏,和食,雑穀ご飯・納豆・味噌汁・ヨーグルト,豚しゃぶサラダ・玄米ご飯,白身魚の焼き物・野菜煮物,食後血糖の上昇を抑える献立,たんぱく質★★★★★ 野菜★★★★★ 糖質管理★★★★★,野菜から食べる習慣をつけましょう
483,40,49,糖尿病,2100,★★,秋,和食,玄米ご飯・豆腐味噌汁・卵・りんご少量,鶏肉と野菜炒め・雑穀ご飯,ぶり大根・小松菜のおひたし,食物繊維を意識した献立,たんぱく質★★★★★ 野菜★★★★★ 食物繊維★★★★★,主食量を確認しましょう
484,40,49,糖尿病,2200,★★,冬,和食,雑穀ご飯・納豆・味噌汁,豚肉の生姜焼き・キャベツ・ご飯少量,鶏鍋・野菜料理,栄養不足を防ぎながら管理する献立,たんぱく質★★★★★ 野菜★★★★★ 糖質管理★★★★☆,食事を抜かないようにしましょう
485,40,49,糖尿病,2300,★★,通年,洋食,全粒パン・卵・ヨーグルト,鶏肉のトマト煮・サラダ,白身魚のグリル・野菜スープ,糖質と脂質を調整した洋風献立,たんぱく質★★★★★ 野菜★★★★★ 糖質管理★★★★★,パンや麺の量に注意しましょう
486,40,49,糖尿病,1800,★,春,和食,オートミール・牛乳・ナッツ少量,鶏ささみサラダ・雑穀ご飯,豆腐ハンバーグ・野菜スープ,低エネルギーでも栄養を確保した献立,たんぱく質★★★★☆ 野菜★★★★★ 糖質管理★★★★★,間食の種類を選びましょう
487,40,49,糖尿病,2000,★★,夏,和食,玄米ご飯・納豆・味噌汁・キウイ少量,豚しゃぶ・野菜サラダ,鮭の焼き物・ひじき煮,血糖管理を意識した和食献立,たんぱく質★★★★★ 野菜★★★★★ 糖質管理★★★★★,果物は適量を守りましょう
488,40,49,糖尿病,2200,★★,秋,和食,雑穀ご飯・卵焼き・味噌汁,親子丼（ご飯控えめ）・サラダ,さばの塩焼き・冷奴,主食量を調整した献立,たんぱく質★★★★★ 野菜★★★★☆ 糖質管理★★★★★,食後の軽い運動も有効です
489,40,49,糖尿病,2100,★★,冬,和食,玄米ご飯・納豆・味噌汁・みかん少量,鶏肉の照り焼き・野菜サラダ,あじの南蛮漬け・豆腐,継続しやすい糖尿病管理献立,たんぱく質★★★★★ 野菜★★★★★ 糖質管理★★★★★,毎日の食事時間を整えましょう
490,40,49,糖尿病,2300,★★★,通年,和食,雑穀ご飯・納豆・味噌汁,豚しゃぶ・野菜サラダ・ご飯,鮭のホイル焼き・野菜煮物,活動量に合わせた栄養管理献立,たんぱく質★★★★★ 野菜★★★★★ 糖質管理★★★★☆,運動習慣を取り入れましょう
491,40,49,糖尿病,1900,★,春,和食,玄米ご飯・納豆・味噌汁・いちご少量,鶏肉の蒸し料理・サラダ,鮭鍋・野菜料理,春食材を活用した血糖管理献立,たんぱく質★★★★★ 野菜★★★★★ 糖質管理★★★★★,旬の野菜を食べましょう
492,40,49,糖尿病,2000,★★,夏,和食,ご飯・卵・豆腐味噌汁・ヨーグルト,豚しゃぶ・野菜料理,白身魚料理・冷奴,暑い季節でも続けやすい献立,たんぱく質★★★★☆ 野菜★★★★★ 糖質管理★★★★★,水分補給を忘れないようにしましょう
493,40,49,糖尿病,2300,★★★,秋,和食,玄米ご飯・納豆・味噌汁・柿少量,鶏肉料理・野菜炒め,鮭の焼き物・豆腐,エネルギー不足を防ぐ献立,たんぱく質★★★★★ 野菜★★★★★ 糖質管理★★★★☆,極端な糖質制限は避けましょう
494,40,49,糖尿病,1800,★,冬,和食,雑穀ご飯・納豆・味噌汁・みかん少量,鶏ささみ丼・サラダ,豆腐ハンバーグ・野菜スープ,血糖コントロールを考えた献立,たんぱく質★★★★☆ 野菜★★★★★ 糖質管理★★★★★,食べる量を安定させましょう
495,40,49,糖尿病,2100,★★,通年,中華,雑穀ご飯・卵スープ,八宝菜・ご飯少量,蒸し鶏・野菜炒め,糖質と油を調整した中華献立,たんぱく質★★★★☆ 野菜★★★★★ 糖質管理★★★★☆,外食時は量に注意しましょう
496,40,49,糖尿病,2200,★★,春,和食,玄米ご飯・納豆・味噌汁・オレンジ少量,豚肉と野菜炒め・雑穀ご飯,さばの塩焼き・冷奴,栄養バランスを整えた献立,たんぱく質★★★★★ 野菜★★★★☆ 糖質管理★★★★★,食物繊維を増やしましょう
497,40,49,糖尿病,2300,★★★,夏,洋食,全粒パン・卵・ヨーグルト,チキンステーキ・サラダ,魚のグリル・野菜スープ,糖質調整した洋風献立,たんぱく質★★★★★ 野菜★★★★★ 糖質管理★★★★☆,甘いソースを控えましょう
498,40,49,糖尿病,2000,★,秋,和食,玄米ご飯・納豆・味噌汁・梨少量,鶏むね肉料理・野菜サラダ,ぶり大根・小松菜のおひたし,生活習慣改善を意識した献立,たんぱく質★★★★★ 野菜★★★★★ 糖質管理★★★★★,継続が改善につながります
499,40,49,糖尿病,2300,★★,冬,和食,雑穀ご飯・卵・納豆・味噌汁,豚しゃぶ・サラダ,鮭鍋・豆腐料理,体力維持と血糖管理を考えた献立,たんぱく質★★★★★ 野菜★★★★★ 糖質管理★★★★☆,体重変化を確認しましょう
500,40,49,糖尿病,2100,★★,春,和食,玄米ご飯・納豆・味噌汁・果物少量,鶏肉の照り焼き・野菜サラダ,さばのレモン焼き・冷奴,長期間続けやすい糖尿病管理献立,たんぱく質★★★★★ 野菜★★★★★ 糖質管理★★★★★,定期的に検査を受けましょう
501,40,49,腎臓病,1800,★,春,和食,ご飯・卵・減塩味噌汁・りんご少量,鶏肉と野菜の煮物・ご飯,白身魚の焼き物・豆腐料理,塩分とたんぱく質量を調整した献立,たんぱく質★★★★☆ 野菜★★★★☆ 塩分管理★★★★★,医師や管理栄養士の指示を優先しましょう
502,40,49,腎臓病,1900,★,夏,和食,ご飯・納豆少量・卵・減塩味噌汁,豚しゃぶ・野菜料理・ご飯,鮭の焼き物・冷奴,腎臓への負担を考えたバランス献立,たんぱく質★★★★☆ 野菜★★★★☆ 塩分管理★★★★★,汁物の量に注意しましょう
503,40,49,腎臓病,2000,★★,秋,和食,ご飯・卵焼き・味噌汁少量,鶏むね肉料理・野菜サラダ,白身魚の煮付け・野菜料理,必要エネルギーを確保した献立,たんぱく質★★★★☆ 野菜★★★★☆ エネルギー★★★★★,食事量を確保しましょう
504,40,49,腎臓病,2100,★★,冬,和食,ご飯・卵・減塩味噌汁,豚肉と野菜炒め・ご飯,鶏鍋（汁少なめ）・豆腐,塩分を控えた温かい献立,たんぱく質★★★★☆ 塩分管理★★★★★ バランス★★★★☆,鍋の汁は控えめにしましょう
505,40,49,腎臓病,2200,★★,通年,洋食,食パン・卵・ヨーグルト少量,鶏肉のトマト煮・サラダ,白身魚グリル・野菜スープ,エネルギー確保を意識した洋風献立,たんぱく質★★★★☆ 野菜★★★★☆ エネルギー★★★★★,加工食品を控えましょう
506,40,49,腎臓病,2300,★★★,春,和食,ご飯・卵焼き・減塩味噌汁,鶏肉丼・野菜料理,魚の焼き物・豆腐,活動量に合わせた献立,たんぱく質★★★★☆ エネルギー★★★★★ 塩分管理★★★★★,不足しないよう摂取量を確認しましょう
507,40,49,腎臓病,1800,★,夏,和食,ご飯・卵・果物少量,鶏ささみ料理・野菜料理,白身魚の焼き物・豆腐,低塩で続けやすい献立,たんぱく質★★★★☆ 野菜★★★★☆ 塩分管理★★★★★,薄味に慣れましょう
508,40,49,腎臓病,2000,★★,秋,和食,ご飯・卵・減塩味噌汁,豚しゃぶ・野菜サラダ,鮭料理・野菜煮物,栄養不足を防ぐ腎臓配慮献立,たんぱく質★★★★☆ バランス★★★★★ 塩分管理★★★★★,食事記録をつけましょう
509,40,49,腎臓病,2200,★★,冬,和食,ご飯・卵焼き・味噌汁少量,親子丼・野菜料理,白身魚・冷奴,主食量を確保した献立,エネルギー★★★★★ たんぱく質★★★★☆ 塩分管理★★★★★,エネルギー不足に注意しましょう
510,40,49,腎臓病,2100,★★,通年,和食,ご飯・卵・減塩味噌汁・果物少量,鶏肉料理・野菜サラダ,魚の焼き物・豆腐料理,継続しやすい腎臓配慮献立,たんぱく質★★★★☆ 野菜★★★★☆ バランス★★★★★,定期的に状態を確認しましょう
511,40,49,腎臓病,1900,★,春,和食,ご飯・卵・味噌汁少量,鶏肉の蒸し料理,白身魚料理・野菜煮物,春食材を使った献立,たんぱく質★★★★☆ 野菜★★★★☆ 塩分管理★★★★★,調味料を控えめにしましょう
512,40,49,腎臓病,2000,★★,夏,和食,ご飯・卵焼き・減塩味噌汁,豚しゃぶ・野菜料理,魚料理・豆腐,夏でも負担を抑えた献立,たんぱく質★★★★☆ 野菜★★★★☆ バランス★★★★★,水分管理も意識しましょう
513,40,49,腎臓病,2300,★★★,秋,和食,ご飯・卵・味噌汁少量,鶏肉と野菜炒め,魚料理・ご飯,エネルギー確保重視の献立,エネルギー★★★★★ たんぱく質★★★★☆,食事量を維持しましょう
514,40,49,腎臓病,1800,★,冬,和食,ご飯・卵・減塩味噌汁,鶏ささみ料理・野菜料理,豆腐料理・白身魚,低塩で栄養を補う献立,たんぱく質★★★★☆ 野菜★★★★☆ 塩分管理★★★★★,極端な制限は避けましょう
515,40,49,腎臓病,2100,★★,通年,中華,ご飯・卵スープ少量,野菜炒め・鶏肉料理,蒸し魚・野菜料理,塩分を抑えた中華献立,たんぱく質★★★★☆ 野菜★★★★☆ 塩分管理★★★★☆,味付けを薄めにしましょう
516,40,49,腎臓病,2200,★★,春,和食,ご飯・卵・味噌汁少量,豚肉と野菜炒め,白身魚・冷奴,栄養バランス重視の献立,たんぱく質★★★★☆ 野菜★★★★☆ バランス★★★★★,栄養不足を防ぎましょう
517,40,49,腎臓病,2300,★★★,夏,洋食,パン・卵・ヨーグルト少量,鶏肉料理・野菜サラダ,魚のグリル・スープ,活動量に合わせた献立,エネルギー★★★★★ たんぱく質★★★★☆,摂取量を調整しましょう
518,40,49,腎臓病,2000,★,秋,和食,ご飯・卵・減塩味噌汁,鶏むね肉料理・野菜料理,白身魚・豆腐,生活管理を意識した献立,たんぱく質★★★★☆ 塩分管理★★★★★,継続可能な食事を心掛けましょう
519,40,49,腎臓病,2200,★★,冬,和食,ご飯・卵焼き・味噌汁少量,豚しゃぶ・野菜料理,魚鍋（汁少なめ）,冬でも塩分を抑えた献立,たんぱく質★★★★☆ 野菜★★★★☆ 塩分管理★★★★★,汁物の摂取量を確認しましょう
520,40,49,腎臓病,2100,★★,春,和食,ご飯・卵・減塩味噌汁・果物少量,鶏肉の照り焼き・野菜サラダ,白身魚の焼き物・豆腐,長期継続を考えた腎臓配慮献立,たんぱく質★★★★☆ 野菜★★★★☆ バランス★★★★★,定期的な検査を受けましょう
521,40,49,脂質異常症,1800,★,春,和食,玄米ご飯・納豆・減塩味噌汁・バナナ,鶏むね肉の蒸し焼き・野菜サラダ・ご飯,鮭の塩焼き・豆腐・ひじき煮,脂質を抑えながら栄養を確保した献立,たんぱく質★★★★★ 野菜★★★★★ 脂質管理★★★★★,揚げ物の回数を減らしましょう
522,40,49,脂質異常症,1900,★,夏,和食,ご飯・卵焼き・納豆・味噌汁,豚しゃぶサラダ・ご飯,白身魚の焼き物・野菜煮物,低脂質で続けやすい献立,たんぱく質★★★★★ 野菜★★★★★ 脂質管理★★★★★,脂身の少ない肉を選びましょう
523,40,49,脂質異常症,2000,★★,秋,和食,玄米ご飯・豆腐味噌汁・ヨーグルト・りんご,鶏肉と野菜炒め・ご飯,ぶり大根・小松菜のおひたし,食物繊維を意識した脂質改善献立,たんぱく質★★★★★ 野菜★★★★★ 脂質管理★★★★★,海藻やきのこを取り入れましょう
524,40,49,脂質異常症,2100,★★,冬,和食,ご飯・納豆・卵・味噌汁,豚肉の生姜焼き・キャベツ,鶏鍋・野菜料理,脂質バランスを考えた献立,たんぱく質★★★★★ 野菜★★★★★ 脂質管理★★★★☆,肉の部位を選びましょう
525,40,49,脂質異常症,2200,★★,通年,洋食,全粒パン・卵・ヨーグルト,鶏肉のトマト煮・サラダ,白身魚のグリル・野菜スープ,洋食でも脂質を調整した献立,たんぱく質★★★★★ 野菜★★★★★ 脂質管理★★★★★,ドレッシング量に注意しましょう
526,40,49,脂質異常症,2300,★★★,春,和食,ご飯・納豆・卵・味噌汁,鶏肉丼・野菜サラダ,鮭のホイル焼き・冷奴,活動量に合わせた脂質管理献立,たんぱく質★★★★★ 野菜★★★★☆ 脂質管理★★★★★,運動習慣も取り入れましょう
527,40,49,脂質異常症,1800,★,夏,和食,オートミール・牛乳・バナナ,鶏ささみサラダ・ご飯,豆腐ハンバーグ・野菜スープ,低脂質でも満足感を得られる献立,たんぱく質★★★★☆ 野菜★★★★★ 脂質管理★★★★★,間食の脂質にも注意しましょう
528,40,49,脂質異常症,2000,★★,秋,和食,ご飯・納豆・味噌汁・柿,豚しゃぶ・野菜サラダ,鮭の焼き物・ひじき煮,魚と野菜を活用した献立,たんぱく質★★★★★ 野菜★★★★★ 脂質管理★★★★★,食物繊維を毎食摂りましょう
529,40,49,脂質異常症,2200,★★,冬,和食,玄米ご飯・卵焼き・味噌汁,親子丼・サラダ,さばの塩焼き・冷奴,魚の脂を活用した健康献立,たんぱく質★★★★★ 野菜★★★★☆ 脂質管理★★★★★,青魚を定期的に食べましょう
530,40,49,脂質異常症,2100,★★,通年,和食,ご飯・納豆・味噌汁・オレンジ,鶏肉の照り焼き・野菜サラダ,あじの南蛮漬け・豆腐,継続しやすい脂質改善献立,たんぱく質★★★★★ 野菜★★★★★ 脂質管理★★★★★,体重管理も意識しましょう
531,40,49,脂質異常症,1900,★,春,和食,玄米ご飯・納豆・味噌汁・いちご,鶏肉の蒸し料理・サラダ,鮭鍋・野菜料理,春食材を使った脂質改善献立,たんぱく質★★★★★ 野菜★★★★★ 脂質管理★★★★★,旬の野菜を取り入れましょう
532,40,49,脂質異常症,2000,★★,夏,和食,ご飯・卵・豆腐味噌汁・キウイ,豚しゃぶ・野菜サラダ,白身魚料理・冷奴,夏でも食べやすい献立,たんぱく質★★★★☆ 野菜★★★★★ 脂質管理★★★★★,水分補給も行いましょう
533,40,49,脂質異常症,2300,★★★,秋,和食,玄米ご飯・納豆・味噌汁・梨,鶏肉料理・野菜炒め,鮭の焼き物・豆腐,栄養不足を防ぐ脂質管理献立,たんぱく質★★★★★ 野菜★★★★★ 脂質管理★★★★☆,食べ過ぎに注意しましょう
534,40,49,脂質異常症,1800,★,冬,和食,ご飯・納豆・味噌汁・みかん,鶏ささみ丼・サラダ,豆腐ハンバーグ・野菜スープ,低脂質で健康的な献立,たんぱく質★★★★☆ 野菜★★★★★ 脂質管理★★★★★,極端な食事制限は避けましょう
535,40,49,脂質異常症,2100,★★,通年,中華,ご飯・卵スープ・ヨーグルト,八宝菜・ご飯,蒸し鶏・野菜炒め,油を控えた中華献立,たんぱく質★★★★☆ 野菜★★★★★ 脂質管理★★★★☆,調理油の量を調整しましょう
536,40,49,脂質異常症,2200,★★,春,和食,ご飯・納豆・味噌汁・オレンジ,豚肉と野菜炒め,さばの塩焼き・冷奴,肉と魚を組み合わせた献立,たんぱく質★★★★★ 野菜★★★★☆ 脂質管理★★★★★,食材の種類を増やしましょう
537,40,49,脂質異常症,2300,★★★,夏,洋食,全粒パン・卵・ヨーグルト,チキンステーキ・サラダ,魚のグリル・野菜スープ,活動量に合わせた脂質管理献立,たんぱく質★★★★★ 野菜★★★★★ 脂質管理★★★★☆,適度な運動を行いましょう
538,40,49,脂質異常症,2000,★,秋,和食,玄米ご飯・納豆・味噌汁・柿,鶏むね肉料理・野菜サラダ,ぶり大根・小松菜のおひたし,生活習慣改善を意識した献立,たんぱく質★★★★★ 野菜★★★★★ 脂質管理★★★★★,加工食品を控えましょう
539,40,49,脂質異常症,2300,★★,冬,和食,ご飯・卵・納豆・味噌汁,豚しゃぶ・ご飯・サラダ,鮭鍋・豆腐料理,体力維持と脂質管理を考えた献立,たんぱく質★★★★★ 野菜★★★★★ 脂質管理★★★★☆,食事量を調整しましょう
540,40,49,脂質異常症,2100,★★,春,和食,ご飯・納豆・味噌汁・果物,鶏肉の照り焼き・野菜サラダ,さばのレモン焼き・冷奴,長期的に続けやすい脂質改善献立,たんぱく質★★★★★ 野菜★★★★★ 脂質管理★★★★★,定期的に健康確認をしましょう
541,40,49,脂質異常症,1900,★,春,和食,玄米ご飯・納豆・減塩味噌汁・いちご,鶏むね肉の蒸し焼き・野菜サラダ・ご飯,鮭の塩焼き・豆腐・ひじき煮,低脂質で食物繊維を意識した献立,たんぱく質★★★★★ 野菜★★★★★ 脂質管理★★★★★,脂身の多い肉を控えましょう
542,40,49,脂質異常症,2000,★,夏,和食,雑穀ご飯・納豆・卵・味噌汁,豚しゃぶサラダ・ご飯,白身魚の焼き物・野菜煮物,コレステロール管理を考えた献立,たんぱく質★★★★★ 野菜★★★★★ 脂質管理★★★★★,野菜を毎食取り入れましょう
543,40,49,脂質異常症,2100,★★,秋,和食,玄米ご飯・豆腐味噌汁・ヨーグルト・柿,鶏肉と野菜炒め・ご飯,ぶり大根・小松菜のおひたし,食物繊維豊富な脂質改善献立,たんぱく質★★★★★ 野菜★★★★★ 脂質管理★★★★★,海藻やきのこを活用しましょう
544,40,49,脂質異常症,2200,★★,冬,和食,ご飯・納豆・卵・味噌汁,豚肉の生姜焼き・キャベツ,鶏鍋・野菜料理,脂質バランスを考えた冬向け献立,たんぱく質★★★★★ 野菜★★★★★ 脂質管理★★★★☆,調理方法は焼く・蒸すを選びましょう
545,40,49,脂質異常症,2300,★★,通年,洋食,全粒パン・卵・ヨーグルト,鶏肉のトマト煮・サラダ,白身魚グリル・野菜スープ,脂質を抑えた洋風献立,たんぱく質★★★★★ 野菜★★★★★ 脂質管理★★★★★,バターやクリームを控えましょう
546,40,49,脂質異常症,1800,★,春,和食,オートミール・牛乳・バナナ,鶏ささみサラダ・ご飯,豆腐ハンバーグ・野菜スープ,低脂質でも満足できる献立,たんぱく質★★★★☆ 野菜★★★★★ 脂質管理★★★★★,不足する栄養がないよう注意しましょう
547,40,49,脂質異常症,2000,★★,夏,和食,ご飯・納豆・味噌汁・りんご,豚しゃぶ・野菜サラダ,鮭の焼き物・ひじき煮,魚の良質な脂質を活用した献立,たんぱく質★★★★★ 野菜★★★★★ 脂質管理★★★★★,青魚を取り入れましょう
548,40,49,脂質異常症,2200,★★,秋,和食,玄米ご飯・卵焼き・味噌汁,親子丼・サラダ,さばの塩焼き・冷奴,満足感を保ちながら脂質調整した献立,たんぱく質★★★★★ 野菜★★★★☆ 脂質管理★★★★★,主食量を調整しましょう
549,40,49,脂質異常症,2100,★★,冬,和食,ご飯・納豆・味噌汁・みかん,鶏肉の照り焼き・野菜サラダ,あじの南蛮漬け・豆腐,継続しやすい生活習慣改善献立,たんぱく質★★★★★ 野菜★★★★★ 脂質管理★★★★★,体重管理を行いましょう
550,40,49,脂質異常症,2300,★★★,通年,和食,玄米ご飯・納豆・味噌汁,豚しゃぶ・野菜サラダ,鮭のホイル焼き・野菜煮物,活動量に合わせた脂質管理献立,たんぱく質★★★★★ 野菜★★★★★ 脂質管理★★★★☆,運動と食事を組み合わせましょう
551,40,49,脂質異常症,1900,★,春,和食,ご飯・納豆・卵・味噌汁・いちご,鶏肉の蒸し料理・サラダ,白身魚料理・豆腐,春野菜を取り入れた改善献立,たんぱく質★★★★★ 野菜★★★★★ 脂質管理★★★★★,旬の食材を活用しましょう
552,40,49,脂質異常症,2000,★★,夏,和食,玄米ご飯・納豆・味噌汁・キウイ,豚しゃぶ・野菜料理,魚料理・冷奴,夏でも続けやすい低脂質献立,たんぱく質★★★★☆ 野菜★★★★★ 脂質管理★★★★★,水分補給を意識しましょう
553,40,49,脂質異常症,2300,★★★,秋,和食,雑穀ご飯・納豆・味噌汁・梨,鶏肉料理・野菜炒め,鮭の焼き物・豆腐,栄養不足を防ぐ脂質管理献立,たんぱく質★★★★★ 野菜★★★★★ 脂質管理★★★★☆,食べ過ぎを防ぎましょう
554,40,49,脂質異常症,1800,★,冬,和食,ご飯・納豆・減塩味噌汁・みかん,鶏ささみ丼・サラダ,豆腐ハンバーグ・野菜スープ,低脂質で健康維持を考えた献立,たんぱく質★★★★☆ 野菜★★★★★ 脂質管理★★★★★,間食内容を見直しましょう
555,40,49,脂質異常症,2100,★★,通年,中華,ご飯・卵スープ,八宝菜・ご飯,蒸し鶏・野菜炒め,油を控えた中華献立,たんぱく質★★★★☆ 野菜★★★★★ 脂質管理★★★★☆,揚げ物を避けましょう
556,40,49,脂質異常症,2200,★★,春,和食,ご飯・納豆・味噌汁・オレンジ,豚肉と野菜炒め,さばの塩焼き・冷奴,肉と魚をバランスよく摂る献立,たんぱく質★★★★★ 野菜★★★★☆ 脂質管理★★★★★,食材の偏りに注意しましょう
557,40,49,脂質異常症,2300,★★★,夏,洋食,全粒パン・卵・ヨーグルト,チキンステーキ・サラダ,魚のグリル・野菜スープ,脂質量を調整した洋風献立,たんぱく質★★★★★ 野菜★★★★★ 脂質管理★★★★☆,ソース類を控えましょう
558,40,49,脂質異常症,2000,★,秋,和食,玄米ご飯・納豆・味噌汁・柿,鶏むね肉料理・野菜サラダ,ぶり大根・小松菜のおひたし,生活習慣改善を意識した献立,たんぱく質★★★★★ 野菜★★★★★ 脂質管理★★★★★,継続することを大切にしましょう
559,40,49,脂質異常症,2300,★★,冬,和食,ご飯・卵・納豆・味噌汁,豚しゃぶ・ご飯・サラダ,鮭鍋・豆腐料理,体力維持と脂質管理を両立した献立,たんぱく質★★★★★ 野菜★★★★★ 脂質管理★★★★☆,適正体重を維持しましょう
560,40,49,脂質異常症,2100,★★,春,和食,ご飯・納豆・味噌汁・果物,鶏肉の照り焼き・野菜サラダ,さばのレモン焼き・冷奴,長期継続しやすい脂質改善献立,たんぱく質★★★★★ 野菜★★★★★ 脂質管理★★★★★,定期的に健康チェックを行いましょう
561,50,64,なし,1900,★,春,和食,玄米ご飯・納豆・味噌汁・ゆで卵,鶏むね肉の照り焼き・野菜サラダ・ご飯,鮭の塩焼き・豆腐・ひじき煮,筋肉維持と生活習慣病予防を意識した献立,たんぱく質★★★★★ 野菜★★★★★ バランス★★★★★,毎食たんぱく質を取り入れましょう
562,50,64,なし,2000,★,夏,和食,ご飯・卵焼き・納豆・味噌汁,豚しゃぶサラダ・ご飯,さばの味噌煮・小松菜のおひたし,魚と野菜を組み合わせた健康献立,たんぱく質★★★★★ 野菜★★★★★ 脂質管理★★★★☆,青魚を定期的に食べましょう
563,50,64,なし,2100,★★,秋,和食,雑穀ご飯・豆腐味噌汁・ヨーグルト・りんご,鶏肉と野菜炒め・ご飯,ぶり大根・冷奴,栄養バランスを整えた献立,たんぱく質★★★★★ 野菜★★★★★ 食物繊維★★★★★,野菜量を意識しましょう
564,50,64,なし,2200,★★,冬,和食,ご飯・納豆・卵・味噌汁,豚肉の生姜焼き・キャベツ・ご飯,鶏鍋・野菜料理,体力維持を考えた献立,たんぱく質★★★★★ 野菜★★★★☆ バランス★★★★★,食べ過ぎには注意しましょう
565,50,64,なし,2300,★★,通年,洋食,全粒パン・卵・ヨーグルト,鶏肉のトマト煮・サラダ,白身魚のグリル・野菜スープ,洋食でも健康を意識した献立,たんぱく質★★★★★ 野菜★★★★★ バランス★★★★★,加工食品を控えましょう
566,50,64,なし,1800,★,春,和食,オートミール・牛乳・バナナ,鶏ささみサラダ・ご飯,豆腐ハンバーグ・野菜スープ,低カロリーでも栄養を確保した献立,たんぱく質★★★★☆ 野菜★★★★★ バランス★★★★★,食事量を減らしすぎないようにしましょう
567,50,64,なし,2000,★,夏,和食,玄米ご飯・納豆・味噌汁・みかん,豚しゃぶ・野菜サラダ,鮭の焼き物・ひじき煮,和食中心で続けやすい献立,たんぱく質★★★★★ 野菜★★★★★ バランス★★★★★,旬の食材を取り入れましょう
568,50,64,なし,2200,★★,秋,和食,ご飯・卵焼き・味噌汁,親子丼・サラダ,さばの塩焼き・冷奴,満足感と健康維持を両立した献立,たんぱく質★★★★★ 野菜★★★★☆ バランス★★★★★,よく噛んで食べましょう
569,50,64,なし,2100,★★,冬,和食,玄米ご飯・納豆・味噌汁・オレンジ,鶏肉の照り焼き・野菜サラダ,あじの南蛮漬け・豆腐,血管健康を意識した献立,たんぱく質★★★★★ 野菜★★★★★ バランス★★★★★,塩分を摂りすぎないようにしましょう
570,50,64,なし,2300,★★★,通年,和食,雑穀ご飯・卵・味噌汁・果物,豚しゃぶ・ご飯・サラダ,鮭のホイル焼き・野菜煮物,活動量に合わせたエネルギー補給献立,たんぱく質★★★★★ 野菜★★★★★ バランス★★★★☆,運動習慣を続けましょう
571,50,64,なし,1900,★,春,和食,ご飯・納豆・味噌汁・いちご,鶏肉の蒸し料理・サラダ,白身魚料理・豆腐,春野菜を活用した献立,たんぱく質★★★★★ 野菜★★★★★ バランス★★★★★,食物繊維を意識しましょう
572,50,64,なし,2000,★,夏,和食,玄米ご飯・卵・豆腐味噌汁・キウイ,豚しゃぶ・野菜料理,鮭の焼き物・冷奴,夏でも食べやすい健康献立,たんぱく質★★★★☆ 野菜★★★★★ バランス★★★★★,水分補給も行いましょう
573,50,64,なし,2200,★★,秋,和食,雑穀ご飯・納豆・味噌汁・梨,鶏肉料理・野菜炒め,ぶり大根・小松菜のおひたし,秋の食材を活用した献立,たんぱく質★★★★★ 野菜★★★★★ バランス★★★★★,食事の種類を増やしましょう
574,50,64,なし,1800,★,冬,和食,ご飯・納豆・減塩味噌汁・みかん,鶏ささみ丼・サラダ,豆腐ハンバーグ・野菜スープ,低脂質で健康維持を考えた献立,たんぱく質★★★★☆ 野菜★★★★★ バランス★★★★★,極端な食事制限は避けましょう
575,50,64,なし,2100,★★,通年,中華,ご飯・卵スープ,八宝菜・ご飯,蒸し鶏・野菜炒め,栄養バランスを考えた中華献立,たんぱく質★★★★☆ 野菜★★★★★ バランス★★★★☆,油の量を調整しましょう
576,50,64,なし,2200,★★,春,和食,ご飯・納豆・味噌汁・オレンジ,豚肉と野菜炒め,さばの塩焼き・冷奴,肉と魚をバランスよく摂る献立,たんぱく質★★★★★ 野菜★★★★☆ バランス★★★★★,食材の偏りを防ぎましょう
577,50,64,なし,2300,★★★,夏,洋食,全粒パン・卵・ヨーグルト,チキンステーキ・サラダ,魚のグリル・野菜スープ,活動的な年代向けの献立,たんぱく質★★★★★ 野菜★★★★★ バランス★★★★☆,適度な運動を続けましょう
578,50,64,なし,2000,★,秋,和食,玄米ご飯・納豆・味噌汁・柿,鶏むね肉料理・野菜サラダ,ぶり大根・豆腐,生活習慣改善を意識した献立,たんぱく質★★★★★ 野菜★★★★★ バランス★★★★★,継続することが大切です
579,50,64,なし,2300,★★,冬,和食,ご飯・卵・納豆・味噌汁,豚しゃぶ・サラダ,鮭鍋・豆腐料理,体力維持を考えた献立,たんぱく質★★★★★ 野菜★★★★★ バランス★★★★☆,体重管理を意識しましょう
580,50,64,なし,2100,★★,春,和食,ご飯・納豆・味噌汁・果物,鶏肉の照り焼き・野菜サラダ,さばのレモン焼き・冷奴,長期的に続けやすい健康献立,たんぱく質★★★★★ 野菜★★★★★ バランス★★★★★,定期的に健康チェックをしましょう
581,50,64,なし,1900,★,春,和食,ご飯・納豆・味噌汁・ゆで卵,鶏むね肉の塩麹焼き・野菜サラダ・ご飯,さわらの西京焼き・ひじき煮・豆腐,筋肉維持と骨の健康を考えた献立,たんぱく質★★★★★ 野菜★★★★★ バランス★★★★★,カルシウムも意識しましょう
582,50,64,なし,2000,★★,夏,和食,雑穀ご飯・冷奴・味噌汁・ヨーグルト,豚しゃぶおろしポン酢・野菜サラダ,鮭の南蛮漬け・小松菜のおひたし,夏場でも食べやすい栄養バランス献立,たんぱく質★★★★★ 野菜★★★★★ 食物繊維★★★★★,食欲が落ちても栄養を確保しましょう
583,50,64,なし,2100,★★,秋,和食,玄米ご飯・納豆・味噌汁・柿少量,鶏肉ときのこの炒め物・ご飯,さんまの塩焼き・根菜煮物,秋の食材を活用した健康維持献立,たんぱく質★★★★★ 野菜★★★★★ バランス★★★★★,旬の食材を取り入れましょう
584,50,64,なし,2200,★★,冬,和食,ご飯・卵焼き・納豆・味噌汁,豚肉と野菜の生姜炒め,たら鍋・豆腐・野菜料理,寒い時期の体力維持を考えた献立,たんぱく質★★★★★ 野菜★★★★★ バランス★★★★★,温かい料理で食事量を維持しましょう
585,50,64,なし,2300,★★★,通年,洋食,全粒パン・スクランブルエッグ・ヨーグルト,鶏肉のグリル・サラダ,白身魚のムニエル・野菜スープ,活動量が多い人向けの献立,たんぱく質★★★★★ 野菜★★★★★ エネルギー★★★★☆,運動量に合わせて調整しましょう
586,50,64,なし,1800,★,春,和食,雑穀ご飯・納豆・味噌汁・果物,豆腐入り鶏つくね・野菜サラダ,鮭の焼き物・野菜煮物,低エネルギーでも栄養を確保した献立,たんぱく質★★★★☆ 野菜★★★★★ バランス★★★★★,食事を抜かないようにしましょう
587,50,64,なし,2000,★★,夏,和食,ご飯・卵・納豆・味噌汁,冷しゃぶサラダ・ご飯,鯖の塩焼き・冷奴,血管健康を意識した献立,たんぱく質★★★★★ 野菜★★★★★ 脂質管理★★★★☆,魚を週数回取り入れましょう
588,50,64,なし,2100,★★,秋,和食,玄米ご飯・豆腐味噌汁・卵,鶏肉の照り焼き・野菜炒め,鮭のちゃんちゃん焼き・ひじき煮,食物繊維を増やした献立,たんぱく質★★★★★ 野菜★★★★★ 食物繊維★★★★★,野菜料理を一品追加しましょう
589,50,64,なし,2200,★★,冬,和食,ご飯・納豆・味噌汁・みかん,親子丼・サラダ,ぶり照り焼き・野菜煮物,満足感と健康維持を両立した献立,たんぱく質★★★★★ 野菜★★★★☆ バランス★★★★★,腹八分目を意識しましょう
590,50,64,なし,2300,★★★,通年,和食,雑穀ご飯・卵・納豆・味噌汁,豚しゃぶ・野菜たっぷりサラダ,鮭のホイル焼き・豆腐,筋肉量低下予防を考えた献立,たんぱく質★★★★★ 野菜★★★★★ バランス★★★★★,継続的な運動も行いましょう
591,50,64,なし,1900,★,春,和食,ご飯・納豆・味噌汁・いちご,鶏ささみと野菜の和え物,白身魚の煮付け・冷奴,脂質を控えた健康献立,たんぱく質★★★★☆ 野菜★★★★★ バランス★★★★★,調理方法を工夫しましょう
592,50,64,なし,2000,★★,夏,和食,玄米ご飯・卵焼き・味噌汁,豚肉の冷しゃぶ・野菜料理,あじの塩焼き・豆腐,暑い時期の栄養不足予防献立,たんぱく質★★★★★ 野菜★★★★★ バランス★★★★★,水分と食事を両立しましょう
593,50,64,なし,2100,★★,秋,和食,雑穀ご飯・納豆・味噌汁・梨,鶏肉と野菜の煮物,さばの味噌煮・小松菜料理,生活習慣病予防を意識した献立,たんぱく質★★★★★ 野菜★★★★★ バランス★★★★★,塩分量にも注意しましょう
594,50,64,なし,2200,★★,冬,和食,ご飯・卵・納豆・味噌汁,豚肉と白菜の煮込み,鮭鍋・野菜料理,冬の栄養管理を考えた献立,たんぱく質★★★★★ 野菜★★★★★ バランス★★★★★,鍋料理では野菜を増やしましょう
595,50,64,なし,2300,★★★,通年,洋食,パン・卵・ヨーグルト・果物,チキンソテー・野菜サラダ,魚のグリル・ミネストローネ,洋食でも健康を意識した献立,たんぱく質★★★★★ 野菜★★★★★ バランス★★★★★,脂質の摂りすぎに注意しましょう
596,50,64,なし,1800,★,春,和食,ご飯・納豆・味噌汁・果物,鶏肉の蒸し料理・野菜サラダ,豆腐ハンバーグ・野菜スープ,胃腸にも配慮した献立,たんぱく質★★★★☆ 野菜★★★★★ バランス★★★★★,ゆっくり食べましょう
597,50,64,なし,2000,★★,夏,和食,雑穀ご飯・冷奴・卵・味噌汁,豚しゃぶ・野菜サラダ,白身魚の焼き物・ひじき煮,バランスを重視した献立,たんぱく質★★★★★ 野菜★★★★★ 食物繊維★★★★★,海藻類も取り入れましょう
598,50,64,なし,2100,★★,秋,和食,玄米ご飯・納豆・味噌汁・果物,鶏肉のきのこ炒め・ご飯,秋鮭の焼き物・豆腐,季節を感じながら健康維持する献立,たんぱく質★★★★★ 野菜★★★★★ バランス★★★★★,食事を楽しむことも大切です
599,50,64,なし,2200,★★,冬,和食,ご飯・卵焼き・納豆・味噌汁,豚肉の野菜炒め,たらの煮付け・根菜料理,体温維持と栄養補給を考えた献立,たんぱく質★★★★★ 野菜★★★★★ バランス★★★★★,温かい料理を活用しましょう
600,50,64,なし,2100,★★,春,和食,雑穀ご飯・納豆・味噌汁・果物,鶏肉の照り焼き・野菜サラダ,さばのレモン焼き・冷奴,長く健康を維持するための献立,たんぱく質★★★★★ 野菜★★★★★ バランス★★★★★,定期的な健康管理を続けましょう
601,50,64,高血圧,1900,★,春,和食,玄米ご飯・納豆・減塩味噌汁・ゆで卵,鶏むね肉の照り焼き・春野菜サラダ・ご飯,鮭の塩麹焼き・豆腐・ひじき煮,減塩しながら栄養バランスを整えた献立,たんぱく質★★★★★ 野菜★★★★★ 塩分管理★★★★★,調味料は控えめにしてだしを活用しましょう
602,50,64,高血圧,2000,★★,夏,和食,ご飯・納豆・冷奴・味噌汁,豚しゃぶサラダ・ご飯,さばの南蛮漬け・小松菜のおひたし,野菜と魚を取り入れた血圧管理献立,たんぱく質★★★★★ 野菜★★★★★ 塩分管理★★★★★,酢や香味野菜で味付けしましょう
603,50,64,高血圧,2100,★★,秋,和食,雑穀ご飯・豆腐味噌汁・ヨーグルト・りんご,鶏肉ときのこの炒め物・ご飯,さんまの塩焼き・根菜煮物,カリウムと食物繊維を意識した献立,たんぱく質★★★★★ 野菜★★★★★ 塩分管理★★★★☆,野菜をしっかり摂りましょう
604,50,64,高血圧,2200,★★,冬,和食,ご飯・納豆・卵焼き・減塩味噌汁,豚肉と白菜の煮物,たら鍋・豆腐・野菜料理,冬でも減塩を意識した献立,たんぱく質★★★★★ 野菜★★★★★ 塩分管理★★★★★,汁物は飲み干さないようにしましょう
605,50,64,高血圧,2300,★★★,通年,和食,雑穀ご飯・納豆・味噌汁・果物,鶏肉のグリル・野菜サラダ,鮭のホイル焼き・冷奴,活動量に合わせた血圧管理献立,たんぱく質★★★★★ 野菜★★★★★ 塩分管理★★★★☆,適度な運動も取り入れましょう
606,50,64,高血圧,1800,★,春,和食,ご飯・納豆・減塩味噌汁・いちご,鶏ささみサラダ・ご飯,豆腐ハンバーグ・野菜スープ,低塩分で栄養を確保した献立,たんぱく質★★★★☆ 野菜★★★★★ 塩分管理★★★★★,加工食品の塩分に注意しましょう
607,50,64,高血圧,2000,★★,夏,和食,玄米ご飯・卵・冷奴・味噌汁,豚しゃぶおろしポン酢・野菜サラダ,鮭の焼き物・ひじき煮,さっぱり食べられる減塩献立,たんぱく質★★★★★ 野菜★★★★★ 塩分管理★★★★★,ポン酢なども量を調整しましょう
608,50,64,高血圧,2100,★★,秋,和食,ご飯・納豆・味噌汁・柿,鶏肉と野菜炒め・ご飯,さばの味噌煮・小松菜のおひたし,魚と野菜を組み合わせた献立,たんぱく質★★★★★ 野菜★★★★★ 塩分管理★★★★☆,味噌や醤油を使いすぎないようにしましょう
609,50,64,高血圧,2200,★★,冬,和食,玄米ご飯・卵焼き・納豆,親子丼・野菜サラダ,ぶり大根・豆腐料理,満足感を保ちながら減塩した献立,たんぱく質★★★★★ 野菜★★★★☆ 塩分管理★★★★★,香辛料を上手に使いましょう
610,50,64,高血圧,2300,★★★,通年,洋食,全粒パン・卵・ヨーグルト,鶏肉のトマト煮・サラダ,白身魚グリル・野菜スープ,洋食でも塩分を調整した献立,たんぱく質★★★★★ 野菜★★★★★ 塩分管理★★★★★,ソース類は少量にしましょう
611,50,64,高血圧,1900,★,春,和食,ご飯・納豆・減塩味噌汁・オレンジ,鶏肉の蒸し焼き・野菜サラダ,白身魚の煮付け・豆腐,血圧管理を意識した和食献立,たんぱく質★★★★★ 野菜★★★★★ 塩分管理★★★★★,だしの旨味を活用しましょう
612,50,64,高血圧,2000,★★,夏,和食,雑穀ご飯・冷奴・卵・味噌汁,豚肉と野菜の炒め物,あじの塩焼き・野菜煮物,夏の食欲低下を防ぐ献立,たんぱく質★★★★★ 野菜★★★★★ 塩分管理★★★★☆,水分と野菜を補給しましょう
613,50,64,高血圧,2100,★★,秋,和食,玄米ご飯・納豆・味噌汁・梨,鶏肉の煮物・サラダ,鮭の焼き物・ひじき煮,食物繊維を増やした献立,たんぱく質★★★★★ 野菜★★★★★ 塩分管理★★★★★,根菜類を取り入れましょう
614,50,64,高血圧,2200,★★,冬,和食,ご飯・納豆・卵・減塩味噌汁,豚しゃぶ・野菜サラダ,鮭鍋・冷奴,体力維持と血圧管理を考えた献立,たんぱく質★★★★★ 野菜★★★★★ 塩分管理★★★★★,鍋の汁は控えめにしましょう
615,50,64,高血圧,2300,★★★,通年,和食,雑穀ご飯・納豆・味噌汁・果物,鶏肉料理・野菜炒め,さばのレモン焼き・豆腐,魚の脂を活用した健康献立,たんぱく質★★★★★ 野菜★★★★★ 塩分管理★★★★☆,青魚を取り入れましょう
616,50,64,高血圧,1800,★,春,和食,ご飯・卵・納豆・味噌汁,鶏ささみ丼・野菜サラダ,豆腐ハンバーグ・野菜スープ,低塩分で食べやすい献立,たんぱく質★★★★☆ 野菜★★★★★ 塩分管理★★★★★,薄味に慣れることを意識しましょう
617,50,64,高血圧,2000,★★,夏,和食,玄米ご飯・冷奴・味噌汁・果物,豚しゃぶサラダ,白身魚料理・ひじき煮,血管の健康を考えた献立,たんぱく質★★★★★ 野菜★★★★★ 塩分管理★★★★★,野菜から食べる習慣をつけましょう
618,50,64,高血圧,2100,★★,秋,和食,雑穀ご飯・納豆・味噌汁,鶏肉の照り焼き・野菜サラダ,ぶり大根・豆腐,家庭で続けやすい減塩献立,たんぱく質★★★★★ 野菜★★★★★ 塩分管理★★★★☆,調味料を計量しましょう
619,50,64,高血圧,2200,★★,冬,和食,ご飯・卵焼き・納豆・味噌汁,豚肉と野菜炒め,たらの煮付け・根菜料理,冬の健康維持を意識した献立,たんぱく質★★★★★ 野菜★★★★★ 塩分管理★★★★★,温野菜を活用しましょう
620,50,64,高血圧,2100,★★,春,和食,玄米ご飯・納豆・減塩味噌汁・果物,鶏肉の照り焼き・野菜サラダ,さばのレモン焼き・冷奴,長期継続しやすい血圧管理献立,たんぱく質★★★★★ 野菜★★★★★ 塩分管理★★★★★,定期的に血圧を測定しましょう
621,50,64,高血圧,1900,★,春,和食,雑穀ご飯・納豆・減塩味噌汁・いちご,鶏むね肉の蒸し焼き・野菜サラダ・ご飯,さわらの焼き物・豆腐・ひじき煮,減塩と筋肉維持を意識した春向け献立,たんぱく質★★★★★ 野菜★★★★★ 塩分管理★★★★★,酢や香味野菜で味に変化をつけましょう
622,50,64,高血圧,2000,★★,夏,和食,ご飯・冷奴・納豆・味噌汁,豚しゃぶサラダ・ご飯,鮭の南蛮漬け・小松菜のおひたし,暑い時期でも食べやすい血圧管理献立,たんぱく質★★★★★ 野菜★★★★★ 塩分管理★★★★★,汗をかく時期も塩分量を意識しましょう
623,50,64,高血圧,2100,★★,秋,和食,玄米ご飯・卵焼き・味噌汁・りんご,鶏肉ときのこの炒め物・野菜サラダ,さんまの塩焼き・根菜煮物,秋食材を活用したバランス献立,たんぱく質★★★★★ 野菜★★★★★ 食物繊維★★★★★,きのこ類を取り入れましょう
624,50,64,高血圧,2200,★★,冬,和食,ご飯・納豆・減塩味噌汁・卵,豚肉と白菜の煮物,たら鍋・豆腐・野菜料理,冬の血圧管理を考えた温かい献立,たんぱく質★★★★★ 野菜★★★★★ 塩分管理★★★★★,鍋の汁は残しましょう
625,50,64,高血圧,2300,★★★,通年,和食,雑穀ご飯・納豆・味噌汁・果物,鶏肉のグリル・野菜たっぷりサラダ,鮭のホイル焼き・冷奴,活動量に合わせた健康維持献立,たんぱく質★★★★★ 野菜★★★★★ 塩分管理★★★★☆,運動習慣も取り入れましょう
626,50,64,高血圧,1800,★,春,和食,ご飯・納豆・減塩味噌汁・オレンジ,鶏ささみと野菜の和え物,豆腐ハンバーグ・野菜スープ,低カロリーでも栄養を確保した献立,たんぱく質★★★★☆ 野菜★★★★★ 塩分管理★★★★★,食事量を減らしすぎないようにしましょう
627,50,64,高血圧,2000,★★,夏,和食,玄米ご飯・卵・冷奴・味噌汁,豚しゃぶおろしポン酢・野菜サラダ,あじの塩焼き・ひじき煮,さっぱり食べられる減塩献立,たんぱく質★★★★★ 野菜★★★★★ 塩分管理★★★★★,調味料は少量を心掛けましょう
628,50,64,高血圧,2100,★★,秋,和食,ご飯・納豆・味噌汁・柿,鶏肉の野菜炒め・ご飯,鮭の焼き物・小松菜のおひたし,食物繊維を重視した献立,たんぱく質★★★★★ 野菜★★★★★ 塩分管理★★★★★,野菜の量を増やしましょう
629,50,64,高血圧,2200,★★,冬,和食,玄米ご飯・納豆・卵焼き,親子丼・野菜サラダ,ぶり大根・冷奴,満足感を維持した減塩献立,たんぱく質★★★★★ 野菜★★★★☆ 塩分管理★★★★★,濃い味付けを避けましょう
630,50,64,高血圧,2300,★★★,通年,洋食,全粒パン・卵・ヨーグルト,鶏肉のトマト煮・サラダ,白身魚グリル・野菜スープ,洋食でも塩分を抑えた献立,たんぱく質★★★★★ 野菜★★★★★ 塩分管理★★★★★,ソースをかけすぎないようにしましょう
631,50,64,高血圧,1900,★,春,和食,ご飯・納豆・減塩味噌汁・果物,鶏肉の蒸し料理・サラダ,白身魚の煮付け・豆腐,血圧管理を続けやすい献立,たんぱく質★★★★★ 野菜★★★★★ 塩分管理★★★★★,だしの風味を活かしましょう
632,50,64,高血圧,2000,★★,夏,和食,雑穀ご飯・冷奴・卵・味噌汁,豚肉と夏野菜炒め,鮭の焼き物・野菜煮物,夏野菜を取り入れた献立,たんぱく質★★★★★ 野菜★★★★★ 塩分管理★★★★☆,野菜からカリウムを摂りましょう
633,50,64,高血圧,2100,★★,秋,和食,玄米ご飯・納豆・味噌汁・梨,鶏肉の煮物・野菜サラダ,さばの味噌煮・豆腐,魚と野菜を組み合わせた献立,たんぱく質★★★★★ 野菜★★★★★ 塩分管理★★★★☆,味噌料理は量を調整しましょう
634,50,64,高血圧,2200,★★,冬,和食,ご飯・納豆・卵・減塩味噌汁,豚しゃぶ・野菜サラダ,鮭鍋・冷奴,体力維持と血圧管理を両立した献立,たんぱく質★★★★★ 野菜★★★★★ 塩分管理★★★★★,汁物は薄味にしましょう
635,50,64,高血圧,2300,★★★,通年,和食,雑穀ご飯・納豆・味噌汁・果物,鶏肉料理・野菜炒め,さばのレモン焼き・豆腐,魚の脂を活用した健康献立,たんぱく質★★★★★ 野菜★★★★★ 塩分管理★★★★☆,青魚を週に数回食べましょう
636,50,64,高血圧,1800,★,春,和食,ご飯・卵・納豆・減塩味噌汁,鶏ささみ丼・野菜サラダ,豆腐ハンバーグ・野菜スープ,食べやすい低塩分献立,たんぱく質★★★★☆ 野菜★★★★★ 塩分管理★★★★★,薄味に慣れることが大切です
637,50,64,高血圧,2000,★★,夏,和食,玄米ご飯・冷奴・味噌汁・果物,豚しゃぶサラダ,白身魚の焼き物・ひじき煮,血管健康を考えた献立,たんぱく質★★★★★ 野菜★★★★★ 塩分管理★★★★★,加工食品を減らしましょう
638,50,64,高血圧,2100,★★,秋,和食,雑穀ご飯・納豆・味噌汁,鶏肉の照り焼き・野菜サラダ,ぶり大根・豆腐,家庭で継続しやすい減塩献立,たんぱく質★★★★★ 野菜★★★★★ 塩分管理★★★★☆,調味料を計量しましょう
639,50,64,高血圧,2200,★★,冬,和食,ご飯・卵焼き・納豆・味噌汁,豚肉と野菜炒め,たらの煮付け・根菜料理,冬の栄養管理を意識した献立,たんぱく質★★★★★ 野菜★★★★★ 塩分管理★★★★★,温野菜を活用しましょう
640,50,64,高血圧,2100,★★,春,和食,玄米ご飯・納豆・減塩味噌汁・果物,鶏肉の照り焼き・野菜サラダ,さばのレモン焼き・冷奴,長期的に続けられる血圧管理献立,たんぱく質★★★★★ 野菜★★★★★ 塩分管理★★★★★,家庭で血圧を定期確認しましょう
641,50,64,糖尿病,1900,★,春,和食,玄米ご飯・納豆・野菜味噌汁・ゆで卵,鶏むね肉の照り焼き・野菜サラダ・ご飯,鮭の塩焼き・豆腐・ひじき煮,血糖管理と筋肉維持を意識した献立,たんぱく質★★★★★ 野菜★★★★★ 血糖管理★★★★★,野菜から先に食べる習慣をつけましょう
642,50,64,糖尿病,2000,★★,夏,和食,雑穀ご飯・納豆・冷奴・味噌汁,豚しゃぶサラダ・ご飯,さばの塩焼き・小松菜のおひたし,食物繊維を増やした血糖管理献立,たんぱく質★★★★★ 野菜★★★★★ 血糖管理★★★★★,主食量を意識して調整しましょう
643,50,64,糖尿病,2100,★★,秋,和食,玄米ご飯・豆腐味噌汁・ヨーグルト,鶏肉ときのこの炒め物・ご飯,鮭の焼き物・根菜煮物,秋食材を活用したバランス献立,たんぱく質★★★★★ 野菜★★★★★ 血糖管理★★★★★,食物繊維を毎食摂りましょう
644,50,64,糖尿病,2200,★★,冬,和食,ご飯・納豆・卵焼き・味噌汁,豚肉と野菜炒め・ご飯,たら鍋・豆腐・野菜料理,エネルギーと血糖を考えた献立,たんぱく質★★★★★ 野菜★★★★★ 血糖管理★★★★☆,食事時間を規則的にしましょう
645,50,64,糖尿病,2300,★★★,通年,洋食,全粒パン・卵・ヨーグルト,鶏肉のトマト煮・サラダ,白身魚グリル・野菜スープ,糖質量を調整した洋風献立,たんぱく質★★★★★ 野菜★★★★★ 血糖管理★★★★★,清涼飲料水を控えましょう
646,50,64,糖尿病,1800,★,春,和食,オートミール・牛乳・ゆで卵,鶏ささみサラダ・玄米ご飯,豆腐ハンバーグ・野菜スープ,低エネルギーでも栄養を確保した献立,たんぱく質★★★★☆ 野菜★★★★★ 血糖管理★★★★★,極端な糖質制限は避けましょう
647,50,64,糖尿病,2000,★★,夏,和食,玄米ご飯・納豆・味噌汁・果物少量,豚しゃぶ・野菜サラダ,鮭のホイル焼き・ひじき煮,血糖上昇を抑える献立,たんぱく質★★★★★ 野菜★★★★★ 血糖管理★★★★★,果物は量を調整しましょう
648,50,64,糖尿病,2100,★★,秋,和食,雑穀ご飯・納豆・味噌汁・りんご少量,鶏肉と野菜炒め,さんまの塩焼き・豆腐,秋の食材を活用した献立,たんぱく質★★★★★ 野菜★★★★★ 血糖管理★★★★☆,よく噛んで食べましょう
649,50,64,糖尿病,2200,★★,冬,和食,玄米ご飯・卵・納豆・味噌汁,親子丼・野菜サラダ,ぶり大根・小松菜のおひたし,満足感を保ちながら糖質調整した献立,たんぱく質★★★★★ 野菜★★★★☆ 血糖管理★★★★★,主食の量を一定にしましょう
650,50,64,糖尿病,2300,★★★,通年,和食,雑穀ご飯・納豆・味噌汁,鶏肉のグリル・野菜サラダ,鮭鍋・豆腐料理,活動量に合わせた血糖管理献立,たんぱく質★★★★★ 野菜★★★★★ 血糖管理★★★★★,運動習慣を取り入れましょう
651,50,64,糖尿病,1900,★,春,和食,ご飯・納豆・野菜味噌汁・いちご少量,鶏肉の蒸し料理・サラダ,白身魚の煮付け・豆腐,血糖変動を抑える献立,たんぱく質★★★★★ 野菜★★★★★ 血糖管理★★★★★,食事を抜かないようにしましょう
652,50,64,糖尿病,2000,★★,夏,和食,玄米ご飯・冷奴・卵・味噌汁,豚しゃぶサラダ・ご飯,あじの焼き物・野菜煮物,夏でも続けやすい糖尿病管理献立,たんぱく質★★★★★ 野菜★★★★★ 血糖管理★★★★★,水分補給を行いましょう
653,50,64,糖尿病,2100,★★,秋,和食,雑穀ご飯・納豆・味噌汁,鶏肉の煮物・野菜サラダ,さばの味噌煮・ひじき煮,食物繊維豊富な献立,たんぱく質★★★★★ 野菜★★★★★ 血糖管理★★★★★,野菜や海藻を活用しましょう
654,50,64,糖尿病,2200,★★,冬,和食,ご飯・納豆・卵焼き・味噌汁,豚肉と白菜の煮物,鮭鍋・冷奴,冬の血糖管理を意識した献立,たんぱく質★★★★★ 野菜★★★★★ 血糖管理★★★★★,鍋では具材を多くしましょう
655,50,64,糖尿病,2300,★★★,通年,洋食,全粒パン・卵・ヨーグルト,チキンソテー・サラダ,魚のグリル・野菜スープ,糖質バランスを考えた洋食献立,たんぱく質★★★★★ 野菜★★★★★ 血糖管理★★★★☆,菓子類を控えましょう
656,50,64,糖尿病,1800,★,春,和食,ご飯・納豆・味噌汁・果物少量,鶏ささみ丼・野菜サラダ,豆腐ハンバーグ・野菜スープ,低カロリーでも栄養を維持した献立,たんぱく質★★★★☆ 野菜★★★★★ 血糖管理★★★★★,欠食を避けましょう
657,50,64,糖尿病,2000,★★,夏,和食,玄米ご飯・納豆・冷奴,豚しゃぶ・野菜料理,白身魚の焼き物・ひじき煮,血糖管理と満足感を両立した献立,たんぱく質★★★★★ 野菜★★★★★ 血糖管理★★★★★,食物繊維を意識しましょう
658,50,64,糖尿病,2100,★★,秋,和食,雑穀ご飯・卵・味噌汁,鶏肉の照り焼き・野菜サラダ,鮭の焼き物・豆腐,継続しやすい糖尿病予防献立,たんぱく質★★★★★ 野菜★★★★★ 血糖管理★★★★★,体重管理も行いましょう
659,50,64,糖尿病,2200,★★,冬,和食,玄米ご飯・納豆・味噌汁,豚肉と野菜炒め,たらの煮付け・根菜料理,栄養バランスを考えた献立,たんぱく質★★★★★ 野菜★★★★★ 血糖管理★★★★★,調味料の糖分にも注意しましょう
660,50,64,糖尿病,2100,★★,春,和食,ご飯・納豆・野菜味噌汁・果物少量,鶏肉の照り焼き・野菜サラダ,さばのレモン焼き・冷奴,長期的に続けやすい血糖管理献立,たんぱく質★★★★★ 野菜★★★★★ 血糖管理★★★★★,定期的に血糖を確認しましょう
661,50,64,糖尿病,1900,★,春,和食,雑穀ご飯・納豆・野菜味噌汁・ゆで卵,鶏むね肉の蒸し焼き・野菜サラダ・ご飯,さわらの焼き物・豆腐・ひじき煮,血糖値の安定と筋肉維持を意識した献立,たんぱく質★★★★★ 野菜★★★★★ 血糖管理★★★★★,食事の時間を一定にしましょう
662,50,64,糖尿病,2000,★★,夏,和食,玄米ご飯・冷奴・納豆・味噌汁,豚しゃぶサラダ・雑穀ご飯,鮭の焼き物・小松菜のおひたし,低糖質で栄養を確保した献立,たんぱく質★★★★★ 野菜★★★★★ 血糖管理★★★★★,白米だけでなく玄米も活用しましょう
663,50,64,糖尿病,2100,★★,秋,和食,玄米ご飯・豆腐味噌汁・ヨーグルト,鶏肉ときのこの炒め物・ご飯,さんまの塩焼き・野菜煮物,秋食材を活用した血糖管理献立,たんぱく質★★★★★ 野菜★★★★★ 食物繊維★★★★★,きのこや海藻を取り入れましょう
664,50,64,糖尿病,2200,★★,冬,和食,ご飯・納豆・卵焼き・味噌汁,豚肉と白菜の煮物・サラダ,たら鍋・豆腐・野菜料理,冬でも血糖を意識した献立,たんぱく質★★★★★ 野菜★★★★★ 血糖管理★★★★★,鍋料理は野菜を増やしましょう
665,50,64,糖尿病,2300,★★★,通年,洋食,全粒パン・卵・ヨーグルト,鶏肉のトマト煮・サラダ,白身魚グリル・野菜スープ,糖質量を調整した洋風献立,たんぱく質★★★★★ 野菜★★★★★ 血糖管理★★★★★,甘い飲料を控えましょう
666,50,64,糖尿病,1800,★,春,和食,オートミール・牛乳・ゆで卵,鶏ささみサラダ・玄米ご飯,豆腐ハンバーグ・野菜スープ,少ないエネルギーでも栄養を確保した献立,たんぱく質★★★★☆ 野菜★★★★★ 血糖管理★★★★★,食事量を極端に減らさないようにしましょう
667,50,64,糖尿病,2000,★★,夏,和食,雑穀ご飯・納豆・冷奴・味噌汁,豚しゃぶおろしサラダ,さばの塩焼き・ひじき煮,血糖上昇を抑えた和食献立,たんぱく質★★★★★ 野菜★★★★★ 血糖管理★★★★★,野菜から食べるようにしましょう
668,50,64,糖尿病,2100,★★,秋,和食,玄米ご飯・卵・味噌汁・りんご少量,鶏肉の照り焼き・野菜炒め,鮭のホイル焼き・豆腐,満足感を保ちながら糖質管理した献立,たんぱく質★★★★★ 野菜★★★★★ 血糖管理★★★★☆,果物の量に注意しましょう
669,50,64,糖尿病,2200,★★,冬,和食,ご飯・納豆・味噌汁,親子丼・野菜サラダ,ぶり大根・小松菜のおひたし,栄養バランスを考えた献立,たんぱく質★★★★★ 野菜★★★★☆ 血糖管理★★★★★,主食量を一定に保ちましょう
670,50,64,糖尿病,2300,★★★,通年,和食,雑穀ご飯・納豆・卵・味噌汁,鶏肉のグリル・野菜サラダ,鮭鍋・豆腐料理,活動量に合わせた血糖管理献立,たんぱく質★★★★★ 野菜★★★★★ 血糖管理★★★★★,運動習慣を組み合わせましょう
671,50,64,糖尿病,1900,★,春,和食,ご飯・納豆・野菜味噌汁・いちご少量,鶏肉の蒸し料理・サラダ,白身魚の煮付け・冷奴,血糖変化を抑える献立,たんぱく質★★★★★ 野菜★★★★★ 血糖管理★★★★★,間食量を確認しましょう
672,50,64,糖尿病,2000,★★,夏,和食,玄米ご飯・冷奴・卵・味噌汁,豚肉と夏野菜炒め,あじの焼き物・野菜煮物,夏場の栄養不足を防ぐ献立,たんぱく質★★★★★ 野菜★★★★★ 血糖管理★★★★★,水分補給を意識しましょう
673,50,64,糖尿病,2100,★★,秋,和食,雑穀ご飯・納豆・味噌汁,鶏肉の煮物・野菜サラダ,さばの味噌煮・ひじき煮,食物繊維を重視した献立,たんぱく質★★★★★ 野菜★★★★★ 血糖管理★★★★★,野菜料理を毎食加えましょう
674,50,64,糖尿病,2200,★★,冬,和食,玄米ご飯・納豆・卵焼き,豚肉と白菜の煮物,鮭鍋・豆腐,冬の血糖管理を意識した献立,たんぱく質★★★★★ 野菜★★★★★ 血糖管理★★★★★,汁物の飲みすぎに注意しましょう
675,50,64,糖尿病,2300,★★★,通年,洋食,全粒パン・卵・ヨーグルト,チキンソテー・野菜サラダ,魚のグリル・野菜スープ,糖質バランスを考えた洋食献立,たんぱく質★★★★★ 野菜★★★★★ 血糖管理★★★★☆,菓子類を控えめにしましょう
676,50,64,糖尿病,1800,★,春,和食,ご飯・納豆・味噌汁・果物少量,鶏ささみ丼・野菜サラダ,豆腐ハンバーグ・野菜スープ,低エネルギーでも続けやすい献立,たんぱく質★★★★☆ 野菜★★★★★ 血糖管理★★★★★,欠食を避けましょう
677,50,64,糖尿病,2000,★★,夏,和食,玄米ご飯・納豆・冷奴,豚しゃぶサラダ,白身魚の焼き物・ひじき煮,血糖管理と満腹感を両立した献立,たんぱく質★★★★★ 野菜★★★★★ 血糖管理★★★★★,食物繊維を増やしましょう
678,50,64,糖尿病,2100,★★,秋,和食,雑穀ご飯・卵・味噌汁,鶏肉の照り焼き・野菜サラダ,鮭の焼き物・豆腐,継続しやすい糖尿病管理献立,たんぱく質★★★★★ 野菜★★★★★ 血糖管理★★★★★,体重を定期的に確認しましょう
679,50,64,糖尿病,2200,★★,冬,和食,玄米ご飯・納豆・味噌汁,豚肉と野菜炒め,たらの煮付け・根菜料理,栄養と血糖管理を両立した献立,たんぱく質★★★★★ 野菜★★★★★ 血糖管理★★★★★,調味料の糖分にも注意しましょう
680,50,64,糖尿病,2100,★★,春,和食,ご飯・納豆・野菜味噌汁・果物少量,鶏肉の照り焼き・野菜サラダ,さばのレモン焼き・冷奴,長期的に続けられる糖尿病対策献立,たんぱく質★★★★★ 野菜★★★★★ 血糖管理★★★★★,定期的に健康状態を確認しましょう
681,50,64,腎臓病,1900,★,春,和食,ご飯・卵焼き・減塩味噌汁・りんご,鶏むね肉の野菜炒め・ご飯,白身魚の煮付け・豆腐・春野菜,塩分とたんぱく質量に配慮した献立,エネルギー★★★★★ 塩分管理★★★★★ 栄養★★★★☆,医師や管理栄養士の指示を優先しましょう
682,50,64,腎臓病,2000,★★,夏,和食,雑穀ご飯・冷奴・卵・減塩味噌汁,豚肉と野菜の炒め物・ご飯,鮭の焼き物・ひじき煮,体力維持と腎臓への負担軽減を考えた献立,エネルギー★★★★★ 塩分管理★★★★★ 栄養★★★★☆,汁物は量を調整しましょう
683,50,64,腎臓病,2100,★★,秋,和食,ご飯・納豆少量・卵・果物,鶏肉の照り焼き・野菜サラダ,たらの蒸し料理・野菜煮物,秋食材を活用したバランス献立,エネルギー★★★★★ 塩分管理★★★★☆ 栄養★★★★☆,たんぱく質量を確認しましょう
684,50,64,腎臓病,2200,★★,冬,和食,ご飯・卵焼き・減塩味噌汁,豚しゃぶ・野菜料理,白身魚鍋・豆腐,温かく食べやすい腎臓配慮献立,エネルギー★★★★★ 塩分管理★★★★★ 栄養★★★★☆,鍋の汁は控えめにしましょう
685,50,64,腎臓病,2300,★★★,通年,和食,ご飯・卵・ヨーグルト,鶏肉のグリル・野菜サラダ,魚の焼き物・野菜料理,エネルギー確保を意識した献立,エネルギー★★★★★ 塩分管理★★★★☆ 栄養★★★★☆,食事量不足に注意しましょう
686,50,64,腎臓病,1800,★,春,和食,ご飯・卵・減塩味噌汁・いちご,鶏ささみ料理・野菜サラダ,豆腐料理・白身魚,負担を抑えながら栄養を確保した献立,エネルギー★★★★☆ 塩分管理★★★★★ 栄養★★★★☆,自己判断で制限を増やさないようにしましょう
687,50,64,腎臓病,2000,★★,夏,和食,ご飯・冷奴・卵焼き,豚肉と野菜炒め,鮭の蒸し料理・野菜煮物,夏でも続けやすい献立,エネルギー★★★★★ 塩分管理★★★★★ 栄養★★★★☆,加工食品の塩分に注意しましょう
688,50,64,腎臓病,2100,★★,秋,和食,雑穀ご飯・卵・味噌汁少量,鶏肉ときのこの炒め物,白身魚の焼き物・野菜料理,秋の食材を取り入れた献立,エネルギー★★★★★ 塩分管理★★★★☆ 栄養★★★★☆,食材量を調整しましょう
689,50,64,腎臓病,2200,★★,冬,和食,ご飯・卵焼き・減塩味噌汁,豚肉の生姜焼き・野菜サラダ,たらの煮付け・豆腐,塩分控えめでも満足感を考えた献立,エネルギー★★★★★ 塩分管理★★★★★ 栄養★★★★☆,香辛料で味付けを工夫しましょう
690,50,64,腎臓病,2300,★★★,通年,洋食,パン・卵料理・ヨーグルト,鶏肉料理・サラダ,白身魚グリル・野菜スープ,洋食でも腎臓に配慮した献立,エネルギー★★★★★ 塩分管理★★★★☆ 栄養★★★★☆,外食時は塩分に注意しましょう
691,50,64,腎臓病,1900,★,春,和食,ご飯・卵・減塩味噌汁・果物,鶏肉の蒸し料理,白身魚の煮付け・野菜料理,春食材を活用した優しい献立,エネルギー★★★★★ 塩分管理★★★★★ 栄養★★★★☆,水分管理も確認しましょう
692,50,64,腎臓病,2000,★★,夏,和食,ご飯・冷奴・卵・果物少量,豚しゃぶサラダ,魚の焼き物・野菜料理,夏の食欲低下を防ぐ献立,エネルギー★★★★★ 塩分管理★★★★★ 栄養★★★★☆,食欲低下時も栄養を確保しましょう
693,50,64,腎臓病,2100,★★,秋,和食,玄米ご飯・卵焼き・味噌汁,鶏肉料理・野菜炒め,鮭の焼き物・豆腐,栄養バランスを整えた献立,エネルギー★★★★★ 塩分管理★★★★☆ 栄養★★★★☆,検査値に合わせて調整しましょう
694,50,64,腎臓病,2200,★★,冬,和食,ご飯・卵・減塩味噌汁,豚肉と白菜料理,白身魚鍋・野菜,冬の体力維持を考えた献立,エネルギー★★★★★ 塩分管理★★★★★ 栄養★★★★☆,汁物の頻度を調整しましょう
695,50,64,腎臓病,2300,★★★,通年,和食,ご飯・卵・果物,鶏肉の焼き物・野菜料理,魚料理・豆腐料理,エネルギー不足を防ぐ献立,エネルギー★★★★★ 塩分管理★★★★☆ 栄養★★★★☆,必要な栄養量を確認しましょう
696,50,64,腎臓病,1800,★,春,和食,ご飯・卵焼き・減塩味噌汁,鶏肉料理・野菜サラダ,白身魚料理,低負担で続けやすい献立,エネルギー★★★★☆ 塩分管理★★★★★ 栄養★★★★☆,定期的な受診を続けましょう
697,50,64,腎臓病,2000,★★,夏,和食,ご飯・冷奴・卵,豚肉料理・野菜炒め,鮭の焼き物・野菜煮物,夏向けの腎臓配慮献立,エネルギー★★★★★ 塩分管理★★★★★ 栄養★★★★☆,食事記録を活用しましょう
698,50,64,腎臓病,2100,★★,秋,和食,雑穀ご飯・卵・味噌汁,鶏肉と野菜の煮物,白身魚料理・豆腐,家庭で作りやすい献立,エネルギー★★★★★ 塩分管理★★★★☆ 栄養★★★★☆,味付けを薄めにしましょう
699,50,64,腎臓病,2200,★★,冬,和食,ご飯・卵焼き・減塩味噌汁,豚肉料理・野菜サラダ,たら料理・豆腐,継続しやすい腎臓配慮献立,エネルギー★★★★★ 塩分管理★★★★★ 栄養★★★★☆,食事制限は専門家と相談しましょう
700,50,64,腎臓病,2100,★★,春,和食,ご飯・卵・減塩味噌汁・果物,鶏肉料理・野菜サラダ,魚料理・豆腐,長期的な健康維持を考えた献立,エネルギー★★★★★ 塩分管理★★★★★ 栄養★★★★☆,継続できる食事管理を目指しましょう
701,50,64,腎臓病,1900,★,春,和食,ご飯・卵焼き・減塩味噌汁・りんご,鶏むね肉の蒸し料理・野菜サラダ,白身魚の焼き物・豆腐・春野菜,腎臓への負担を考えながら栄養を確保した献立,エネルギー★★★★★ 塩分管理★★★★★ 栄養★★★★☆,食事制限は自己判断で強めないようにしましょう
702,50,64,腎臓病,2000,★★,夏,和食,雑穀ご飯・冷奴・卵・減塩味噌汁,豚しゃぶ・野菜サラダ,鮭の蒸し料理・野菜煮物,夏場の体力維持を意識した献立,エネルギー★★★★★ 塩分管理★★★★★ 栄養★★★★☆,水分量は医師の指示を確認しましょう
703,50,64,腎臓病,2100,★★,秋,和食,ご飯・卵・味噌汁少量・果物,鶏肉と野菜の炒め物,たらの焼き物・豆腐料理,秋の食材を活用した腎臓配慮献立,エネルギー★★★★★ 塩分管理★★★★☆ 栄養★★★★☆,栄養不足にならないよう注意しましょう
704,50,64,腎臓病,2200,★★,冬,和食,ご飯・卵焼き・減塩味噌汁,豚肉と白菜の煮物,白身魚鍋・野菜料理,温かく食べやすい献立,エネルギー★★★★★ 塩分管理★★★★★ 栄養★★★★☆,鍋の汁量を調整しましょう
705,50,64,腎臓病,2300,★★★,通年,洋食,全粒パン・卵料理・ヨーグルト,鶏肉のグリル・野菜サラダ,白身魚のソテー・野菜スープ,必要エネルギー確保を意識した献立,エネルギー★★★★★ 塩分管理★★★★☆ 栄養★★★★☆,外食時は栄養表示を確認しましょう
706,50,64,腎臓病,1800,★,春,和食,ご飯・卵・減塩味噌汁・いちご,鶏ささみ料理・野菜料理,豆腐料理・白身魚,低負担で継続しやすい献立,エネルギー★★★★☆ 塩分管理★★★★★ 栄養★★★★☆,食事量不足に注意しましょう
707,50,64,腎臓病,2000,★★,夏,和食,ご飯・冷奴・卵焼き,豚肉と野菜炒め,魚の焼き物・野菜料理,バランスを考えた夏向け献立,エネルギー★★★★★ 塩分管理★★★★★ 栄養★★★★☆,加工食品を減らしましょう
708,50,64,腎臓病,2100,★★,秋,和食,雑穀ご飯・卵・減塩味噌汁,鶏肉ときのこの料理,鮭の焼き物・野菜煮物,食欲の秋でも管理しやすい献立,エネルギー★★★★★ 塩分管理★★★★☆ 栄養★★★★☆,検査結果に合わせて調整しましょう
709,50,64,腎臓病,2200,★★,冬,和食,ご飯・卵焼き・減塩味噌汁,豚しゃぶ・温野菜,たらの煮付け・豆腐,減塩しながら満足感を高めた献立,エネルギー★★★★★ 塩分管理★★★★★ 栄養★★★★☆,だしや香辛料を活用しましょう
710,50,64,腎臓病,2100,★★,春,和食,玄米ご飯・卵・果物少量,鶏肉料理・野菜サラダ,白身魚料理・豆腐,長く続けやすい腎臓配慮献立,エネルギー★★★★★ 塩分管理★★★★★ 栄養★★★★☆,定期的に栄養状態を確認しましょう
711,50,64,脂質異常症,1900,★,春,和食,玄米ご飯・納豆・減塩味噌汁・ゆで卵,鶏むね肉の蒸し焼き・野菜サラダ,鮭の塩焼き・豆腐・ひじき煮,脂質を抑えながら栄養を確保した献立,たんぱく質★★★★★ 野菜★★★★★ 脂質管理★★★★★,揚げ物を控えましょう
712,50,64,脂質異常症,2000,★★,夏,和食,雑穀ご飯・冷奴・味噌汁・ヨーグルト,豚しゃぶサラダ・ご飯,さばの焼き物・小松菜のおひたし,青魚と野菜を取り入れた献立,たんぱく質★★★★★ 野菜★★★★★ 脂質管理★★★★★,魚の脂を活用しましょう
713,50,64,脂質異常症,2100,★★,秋,和食,玄米ご飯・納豆・味噌汁・りんご,鶏肉ときのこの炒め物,さんまの塩焼き・根菜煮物,食物繊維を増やした献立,たんぱく質★★★★★ 野菜★★★★★ 脂質管理★★★★★,野菜やきのこを増やしましょう
714,50,64,脂質異常症,2200,★★,冬,和食,ご飯・卵焼き・納豆・味噌汁,豚肉と白菜の煮物,たら鍋・豆腐・野菜料理,低脂質でも満足感のある献立,たんぱく質★★★★★ 野菜★★★★★ 脂質管理★★★★★,汁物の塩分にも注意しましょう
715,50,64,脂質異常症,2300,★★★,通年,洋食,全粒パン・卵・ヨーグルト,鶏肉のトマト煮・サラダ,白身魚グリル・野菜スープ,洋食でも脂質を調整した献立,たんぱく質★★★★★ 野菜★★★★★ 脂質管理★★★★★,バターや脂身を減らしましょう
716,50,64,脂質異常症,1800,★,春,和食,ご飯・納豆・野菜味噌汁・果物,鶏ささみサラダ,豆腐ハンバーグ・野菜スープ,低脂質で栄養を確保した献立,たんぱく質★★★★☆ 野菜★★★★★ 脂質管理★★★★★,極端な食事制限は避けましょう
717,50,64,脂質異常症,2000,★★,夏,和食,玄米ご飯・卵・冷奴,豚しゃぶおろしサラダ,鮭のホイル焼き・ひじき煮,血中脂質改善を意識した献立,たんぱく質★★★★★ 野菜★★★★★ 脂質管理★★★★★,ドレッシング量を調整しましょう
718,50,64,脂質異常症,2100,★★,秋,和食,雑穀ご飯・納豆・味噌汁,鶏肉の照り焼き・野菜サラダ,さばの味噌煮・豆腐,魚と大豆を活用した献立,たんぱく質★★★★★ 野菜★★★★★ 脂質管理★★★★☆,青魚を定期的に食べましょう
719,50,64,脂質異常症,2200,★★,冬,和食,玄米ご飯・卵焼き・納豆,親子丼・野菜サラダ,ぶり大根・小松菜のおひたし,コレステロール管理を考えた献立,たんぱく質★★★★★ 野菜★★★★☆ 脂質管理★★★★★,食物繊維を摂りましょう
720,50,64,脂質異常症,2300,★★★,通年,和食,雑穀ご飯・納豆・味噌汁・果物,鶏肉グリル・野菜サラダ,鮭鍋・豆腐料理,活動量に合わせた健康献立,たんぱく質★★★★★ 野菜★★★★★ 脂質管理★★★★★,運動習慣も大切です
721,50,64,脂質異常症,1900,★,春,和食,ご飯・納豆・味噌汁・いちご,鶏肉の蒸し料理・野菜サラダ,白身魚の煮付け・豆腐,脂質を抑えた春向け献立,たんぱく質★★★★★ 野菜★★★★★ 脂質管理★★★★★,調理方法を工夫しましょう
722,50,64,脂質異常症,2000,★★,夏,和食,玄米ご飯・冷奴・卵・味噌汁,豚しゃぶサラダ,あじの焼き物・ひじき煮,夏でも食べやすい低脂質献立,たんぱく質★★★★★ 野菜★★★★★ 脂質管理★★★★★,脂身の少ない肉を選びましょう
723,50,64,脂質異常症,2100,★★,秋,和食,雑穀ご飯・納豆・味噌汁・梨,鶏肉と野菜炒め,鮭の焼き物・根菜料理,秋食材を活用した献立,たんぱく質★★★★★ 野菜★★★★★ 脂質管理★★★★★,きのこ類も取り入れましょう
724,50,64,脂質異常症,2200,★★,冬,和食,ご飯・卵・納豆・味噌汁,豚肉と野菜炒め,たらの煮付け・豆腐,脂質バランスを考えた冬献立,たんぱく質★★★★★ 野菜★★★★★ 脂質管理★★★★★,野菜量を確保しましょう
725,50,64,脂質異常症,2300,★★★,通年,洋食,全粒パン・卵・ヨーグルト,チキンソテー・サラダ,魚のグリル・野菜スープ,飽和脂肪酸を抑えた献立,たんぱく質★★★★★ 野菜★★★★★ 脂質管理★★★★★,乳脂肪の摂りすぎに注意しましょう
726,50,64,脂質異常症,1800,★,春,和食,ご飯・納豆・味噌汁・果物,鶏ささみ丼・野菜サラダ,豆腐料理・野菜スープ,低脂質でも満足できる献立,たんぱく質★★★★☆ 野菜★★★★★ 脂質管理★★★★★,食事量を維持しましょう
727,50,64,脂質異常症,2000,★★,夏,和食,玄米ご飯・納豆・冷奴,豚しゃぶサラダ,白身魚の焼き物・ひじき煮,脂質改善を意識した献立,たんぱく質★★★★★ 野菜★★★★★ 脂質管理★★★★★,加工肉を控えましょう
728,50,64,脂質異常症,2100,★★,秋,和食,雑穀ご飯・卵・味噌汁,鶏肉の照り焼き・野菜サラダ,さんまの焼き物・豆腐,魚の脂を活かした献立,たんぱく質★★★★★ 野菜★★★★★ 脂質管理★★★★☆,食物繊維を増やしましょう
729,50,64,脂質異常症,2200,★★,冬,和食,玄米ご飯・納豆・味噌汁,豚肉と白菜料理,鮭鍋・野菜料理,体重管理も考えた献立,たんぱく質★★★★★ 野菜★★★★★ 脂質管理★★★★★,食べ過ぎに注意しましょう
730,50,64,脂質異常症,2100,★★,春,和食,ご飯・納豆・味噌汁・果物,鶏肉の照り焼き・サラダ,さばのレモン焼き・冷奴,継続しやすい脂質管理献立,たんぱく質★★★★★ 野菜★★★★★ 脂質管理★★★★★,定期的に健康診断を受けましょう
731,50,64,脂質異常症,1900,★,春,和食,雑穀ご飯・納豆・野菜味噌汁・ゆで卵,鶏むね肉の蒸し料理・野菜サラダ,さわらの焼き物・豆腐・ひじき煮,脂質を抑えながら筋肉維持を考えた献立,たんぱく質★★★★★ 野菜★★★★★ 脂質管理★★★★★,脂身の少ない肉を選びましょう
732,50,64,脂質異常症,2000,★★,夏,和食,玄米ご飯・冷奴・納豆・味噌汁,豚しゃぶサラダ・ご飯,鮭の南蛮漬け・小松菜のおひたし,魚と野菜を活用した脂質改善献立,たんぱく質★★★★★ 野菜★★★★★ 脂質管理★★★★★,青魚を積極的に取り入れましょう
733,50,64,脂質異常症,2100,★★,秋,和食,ご飯・卵焼き・納豆・味噌汁,鶏肉ときのこの炒め物,さんまの塩焼き・根菜煮物,食物繊維を意識した献立,たんぱく質★★★★★ 野菜★★★★★ 脂質管理★★★★★,野菜を毎食摂りましょう
734,50,64,脂質異常症,2200,★★,冬,和食,玄米ご飯・納豆・卵・味噌汁,豚肉と白菜の煮物,たら鍋・豆腐・野菜料理,低脂質で満足感のある献立,たんぱく質★★★★★ 野菜★★★★★ 脂質管理★★★★★,鍋料理では野菜を増やしましょう
735,50,64,脂質異常症,2300,★★★,通年,洋食,全粒パン・卵・ヨーグルト,鶏肉のトマト煮・サラダ,白身魚のグリル・野菜スープ,洋食でも脂質バランスを考えた献立,たんぱく質★★★★★ 野菜★★★★★ 脂質管理★★★★★,揚げ物の頻度を減らしましょう
736,50,64,脂質異常症,1800,★,春,和食,ご飯・納豆・味噌汁・果物,鶏ささみサラダ,豆腐ハンバーグ・野菜スープ,低脂質で栄養を確保した献立,たんぱく質★★★★☆ 野菜★★★★★ 脂質管理★★★★★,食事量を減らしすぎないようにしましょう
737,50,64,脂質異常症,2000,★★,夏,和食,玄米ご飯・卵・冷奴,豚しゃぶおろしサラダ,あじの焼き物・ひじき煮,血中脂質改善を意識した献立,たんぱく質★★★★★ 野菜★★★★★ 脂質管理★★★★★,ドレッシング量に注意しましょう
738,50,64,脂質異常症,2100,★★,秋,和食,雑穀ご飯・納豆・味噌汁・りんご,鶏肉の照り焼き・野菜サラダ,鮭のホイル焼き・豆腐,継続しやすい健康献立,たんぱく質★★★★★ 野菜★★★★★ 脂質管理★★★★★,食物繊維を増やしましょう
739,50,64,脂質異常症,2200,★★,冬,和食,ご飯・卵焼き・納豆,親子丼・サラダ,ぶり大根・小松菜のおひたし,コレステロール管理を考えた献立,たんぱく質★★★★★ 野菜★★★★☆ 脂質管理★★★★★,卵の量は調整しましょう
740,50,64,脂質異常症,2300,★★★,通年,和食,雑穀ご飯・納豆・味噌汁・果物,鶏肉グリル・野菜サラダ,鮭鍋・豆腐料理,活動量に合わせた脂質管理献立,たんぱく質★★★★★ 野菜★★★★★ 脂質管理★★★★★,運動も組み合わせましょう
741,50,64,脂質異常症,1900,★,春,和食,ご飯・納豆・味噌汁・いちご,鶏肉の蒸し料理・春野菜サラダ,白身魚の煮付け・豆腐,脂質を控えた春向け献立,たんぱく質★★★★★ 野菜★★★★★ 脂質管理★★★★★,調理法は焼く・蒸すを選びましょう
742,50,64,脂質異常症,2000,★★,夏,和食,玄米ご飯・冷奴・卵・味噌汁,豚しゃぶサラダ,さばの塩焼き・野菜煮物,夏でも続けやすい献立,たんぱく質★★★★★ 野菜★★★★★ 脂質管理★★★★★,魚料理を増やしましょう
743,50,64,脂質異常症,2100,★★,秋,和食,雑穀ご飯・納豆・味噌汁・梨,鶏肉と野菜炒め,鮭の焼き物・ひじき煮,秋食材で食物繊維を増やした献立,たんぱく質★★★★★ 野菜★★★★★ 脂質管理★★★★★,きのこ類も活用しましょう
744,50,64,脂質異常症,2200,★★,冬,和食,玄米ご飯・卵・納豆・味噌汁,豚肉と野菜炒め,たらの煮付け・豆腐,脂質と栄養のバランスを考えた献立,たんぱく質★★★★★ 野菜★★★★★ 脂質管理★★★★★,野菜量を意識しましょう
745,50,64,脂質異常症,2300,★★★,通年,洋食,全粒パン・卵・ヨーグルト,チキンソテー・サラダ,魚のグリル・ミネストローネ,飽和脂肪酸を控えた献立,たんぱく質★★★★★ 野菜★★★★★ 脂質管理★★★★★,乳脂肪の摂取量に注意しましょう
746,50,64,脂質異常症,1800,★,春,和食,ご飯・納豆・味噌汁・果物,鶏ささみ丼・野菜サラダ,豆腐料理・野菜スープ,脂質を抑えた継続しやすい献立,たんぱく質★★★★☆ 野菜★★★★★ 脂質管理★★★★★,無理な制限は避けましょう
747,50,64,脂質異常症,2000,★★,夏,和食,玄米ご飯・納豆・冷奴,豚しゃぶサラダ,白身魚の焼き物・ひじき煮,脂質改善を意識した献立,たんぱく質★★★★★ 野菜★★★★★ 脂質管理★★★★★,加工肉を控えましょう
748,50,64,脂質異常症,2100,★★,秋,和食,雑穀ご飯・卵・味噌汁,鶏肉の照り焼き・野菜サラダ,さんまの焼き物・豆腐,魚の脂を活用した献立,たんぱく質★★★★★ 野菜★★★★★ 脂質管理★★★★☆,青魚を週に数回摂りましょう
749,50,64,脂質異常症,2200,★★,冬,和食,玄米ご飯・納豆・味噌汁,豚肉と白菜料理,鮭鍋・野菜料理,体重管理も考えた献立,たんぱく質★★★★★ 野菜★★★★★ 脂質管理★★★★★,食べ過ぎに注意しましょう
750,50,64,脂質異常症,2100,★★,春,和食,ご飯・納豆・味噌汁・果物,鶏肉の照り焼き・野菜サラダ,さばのレモン焼き・冷奴,長期的に続けられる脂質管理献立,たんぱく質★★★★★ 野菜★★★★★ 脂質管理★★★★★,定期的に健康診断を受けましょう
751,65,74,なし,1800,★,春,和食,ご飯・納豆・豆腐味噌汁・ヨーグルト,鶏むね肉の照り焼き・野菜サラダ・ご飯,鮭の塩焼き・ほうれん草のおひたし・味噌汁,筋肉維持と低栄養予防を意識した献立,たんぱく質★★★★★ 野菜★★★★★ カルシウム★★★★☆,毎食たんぱく質を摂りましょう
752,65,74,なし,1900,★★,夏,和食,雑穀ご飯・卵焼き・納豆・味噌汁,豚しゃぶサラダ・ご飯,さばの塩焼き・冷奴・野菜煮物,夏場でも栄養を確保できる献立,たんぱく質★★★★★ 野菜★★★★★ バランス★★★★★,食欲低下時は少量でも栄養を取りましょう
753,65,74,なし,2000,★★,秋,和食,玄米ご飯・納豆・味噌汁・果物,鶏肉ときのこの炒め物・ご飯,さんまの塩焼き・ひじき煮・豆腐,秋食材で栄養を補う献立,たんぱく質★★★★★ 野菜★★★★★ 食物繊維★★★★★,よく噛んで食べましょう
754,65,74,なし,2100,★★,冬,和食,ご飯・卵焼き・納豆・味噌汁,豚肉と白菜の煮物・ご飯,たら鍋・豆腐・野菜料理,体を温めながら栄養を確保した献立,たんぱく質★★★★★ 野菜★★★★★ バランス★★★★★,温かい料理を取り入れましょう
755,65,74,なし,2200,★★★,通年,和食,雑穀ご飯・納豆・卵・牛乳,鶏肉のグリル・サラダ・ご飯,鮭のホイル焼き・野菜スープ,活動量に合わせた高齢期向け献立,たんぱく質★★★★★ 野菜★★★★★ カルシウム★★★★★,体重減少に注意しましょう
756,65,74,なし,1700,★,春,和食,ご飯・納豆・味噌汁・バナナ,鶏ささみサラダ・ご飯,豆腐ハンバーグ・野菜スープ,食べやすく栄養密度を高めた献立,たんぱく質★★★★☆ 野菜★★★★★ バランス★★★★★,食事量が減らないようにしましょう
757,65,74,なし,1900,★★,夏,和食,ご飯・冷奴・卵・味噌汁,豚しゃぶ・野菜サラダ,鮭の焼き物・小松菜のおひたし,夏のフレイル予防を考えた献立,たんぱく質★★★★★ 野菜★★★★★ カルシウム★★★★☆,水分補給も忘れないようにしましょう
758,65,74,なし,2000,★★,秋,和食,雑穀ご飯・納豆・ヨーグルト,鶏肉の煮物・野菜料理,さばの味噌煮・豆腐,骨と筋肉を支える献立,たんぱく質★★★★★ 野菜★★★★★ カルシウム★★★★★,乳製品も活用しましょう
759,65,74,なし,2100,★★,冬,和食,玄米ご飯・卵焼き・味噌汁,親子丼・野菜サラダ,ぶり大根・豆腐料理,満足感と栄養を両立した献立,たんぱく質★★★★★ 野菜★★★★☆ バランス★★★★★,主食を抜かないようにしましょう
760,65,74,なし,2200,★★★,通年,洋食,全粒パン・卵・ヨーグルト,鶏肉のトマト煮・サラダ,白身魚グリル・野菜スープ,洋食でも健康維持を考えた献立,たんぱく質★★★★★ 野菜★★★★★ バランス★★★★★,様々な食品を組み合わせましょう
761,65,74,なし,1800,★,春,和食,ご飯・納豆・味噌汁・いちご,鶏肉の蒸し料理・野菜サラダ,白身魚の煮付け・豆腐,春食材を活用した食べやすい献立,たんぱく質★★★★★ 野菜★★★★★ バランス★★★★☆,食事を楽しむことも大切です
762,65,74,なし,1900,★★,夏,和食,玄米ご飯・冷奴・卵焼き,豚肉と夏野菜炒め,あじの焼き物・ひじき煮,夏バテ予防を考えた献立,たんぱく質★★★★★ 野菜★★★★★ 食物繊維★★★★★,暑い時期も欠食を避けましょう
763,65,74,なし,2000,★★,秋,和食,雑穀ご飯・納豆・味噌汁,鶏肉と根菜の煮物,鮭の焼き物・野菜料理,秋の栄養を取り入れた献立,たんぱく質★★★★★ 野菜★★★★★ バランス★★★★★,旬の食材を楽しみましょう
764,65,74,なし,2100,★★,冬,和食,ご飯・卵・納豆・味噌汁,豚汁・ご飯,たら鍋・野菜料理,冬の体力維持を支える献立,たんぱく質★★★★★ 野菜★★★★★ カルシウム★★★★☆,汁物は具材を多くしましょう
765,65,74,なし,2200,★★★,通年,和食,雑穀ご飯・納豆・牛乳,鶏肉の照り焼き・サラダ,魚料理・豆腐料理,筋力低下予防を考えた献立,たんぱく質★★★★★ 野菜★★★★★ カルシウム★★★★★,運動と食事を組み合わせましょう
766,65,74,なし,1700,★,春,和食,ご飯・卵焼き・味噌汁・果物,鶏肉料理・野菜サラダ,豆腐料理・魚料理,無理なく栄養を摂れる献立,たんぱく質★★★★☆ 野菜★★★★★ バランス★★★★★,少量でも回数を分けて食べましょう
767,65,74,なし,1900,★★,夏,和食,ご飯・納豆・冷奴,豚しゃぶサラダ,鮭の焼き物・野菜煮物,高齢期の健康維持を考えた献立,たんぱく質★★★★★ 野菜★★★★★ バランス★★★★★,肉と魚を両方取り入れましょう
768,65,74,なし,2000,★★,秋,和食,玄米ご飯・納豆・味噌汁,鶏肉料理・きのこ料理,さんまの塩焼き・豆腐,秋の食材で栄養を補う献立,たんぱく質★★★★★ 野菜★★★★★ 食物繊維★★★★★,毎日違う食品を選びましょう
769,65,74,なし,2100,★★,冬,和食,ご飯・卵・味噌汁,豚肉と野菜炒め,鮭鍋・豆腐,冬でも栄養不足を防ぐ献立,たんぱく質★★★★★ 野菜★★★★★ バランス★★★★★,食事量を維持しましょう
770,65,74,なし,2200,★★★,春,和食,雑穀ご飯・納豆・ヨーグルト,鶏肉の照り焼き・野菜サラダ,さばの焼き物・豆腐,健康寿命延伸を意識した献立,たんぱく質★★★★★ 野菜★★★★★ カルシウム★★★★★,継続できる食習慣を作りましょう
771,65,74,なし,1800,★,夏,和食,ご飯・納豆・豆腐味噌汁・ヨーグルト,鶏むね肉の冷しゃぶ・野菜サラダ・ご飯,鮭の塩焼き・オクラのおひたし・味噌汁,夏場の食欲低下を防ぎ筋肉維持を意識した献立,たんぱく質★★★★★ 野菜★★★★★ カルシウム★★★★☆,暑い日でもたんぱく質を摂りましょう
772,65,74,なし,1900,★★,秋,和食,雑穀ご飯・納豆・味噌汁・りんご,鶏肉ときのこの煮物・ご飯,さばの塩焼き・ひじき煮・豆腐,秋の食材で栄養バランスを整えた献立,たんぱく質★★★★★ 野菜★★★★★ 食物繊維★★★★★,旬の食材を取り入れましょう
773,65,74,なし,2000,★★,冬,和食,玄米ご飯・卵焼き・納豆・味噌汁,豚肉と白菜の煮物・ご飯,たら鍋・野菜料理・豆腐,体を温めながら栄養を確保する献立,たんぱく質★★★★★ 野菜★★★★★ バランス★★★★★,鍋料理で野菜を増やしましょう
774,65,74,なし,2100,★★,春,和食,ご飯・納豆・味噌汁・いちご,鶏肉の照り焼き・春野菜サラダ,白身魚の煮付け・豆腐,春の食材を活用した健康維持献立,たんぱく質★★★★★ 野菜★★★★★ バランス★★★★★,食事の楽しみを大切にしましょう
775,65,74,なし,2200,★★★,通年,洋食,全粒パン・卵・牛乳・ヨーグルト,チキンソテー・野菜サラダ,白身魚グリル・野菜スープ,高齢期の筋肉維持を考えた洋風献立,たんぱく質★★★★★ 野菜★★★★★ カルシウム★★★★★,乳製品も適度に取り入れましょう
776,65,74,なし,1700,★,夏,和食,ご飯・卵・冷奴・味噌汁,鶏ささみ丼・野菜サラダ,豆腐ハンバーグ・野菜スープ,食べる量が少ない人向けの栄養密度重視献立,たんぱく質★★★★☆ 野菜★★★★★ バランス★★★★★,少量でも栄養を意識しましょう
777,65,74,なし,1900,★★,秋,和食,玄米ご飯・納豆・ヨーグルト,豚しゃぶサラダ・ご飯,鮭のホイル焼き・野菜煮物,骨と筋肉維持を意識した献立,たんぱく質★★★★★ 野菜★★★★★ カルシウム★★★★★,乳製品や大豆製品を摂りましょう
778,65,74,なし,2000,★★,冬,和食,雑穀ご飯・卵焼き・味噌汁,親子丼・野菜サラダ,ぶり大根・豆腐料理,満足感と栄養を両立した献立,たんぱく質★★★★★ 野菜★★★★☆ バランス★★★★★,食事量を維持しましょう
779,65,74,なし,2100,★★,春,和食,ご飯・納豆・味噌汁・果物,鶏肉と野菜炒め,鮭の焼き物・ひじき煮,栄養バランスを考えた春献立,たんぱく質★★★★★ 野菜★★★★★ 食物繊維★★★★★,毎食野菜を取り入れましょう
780,65,74,なし,2200,★★★,夏,和食,雑穀ご飯・納豆・冷奴・味噌汁,豚しゃぶ・夏野菜料理,あじの焼き物・豆腐,暑い季節でも栄養を確保する献立,たんぱく質★★★★★ 野菜★★★★★ バランス★★★★★,水分と食事を両立しましょう
781,65,74,なし,1800,★,秋,和食,ご飯・卵焼き・味噌汁・柿,鶏肉の蒸し料理・野菜サラダ,白身魚の焼き物・豆腐,秋の味覚を取り入れた食べやすい献立,たんぱく質★★★★★ 野菜★★★★★ バランス★★★★☆,食べる量の変化を確認しましょう
782,65,74,なし,1900,★★,冬,和食,玄米ご飯・納豆・味噌汁,豚肉と根菜の煮物,鮭鍋・小松菜のおひたし,冬の体力維持を支える献立,たんぱく質★★★★★ 野菜★★★★★ カルシウム★★★★☆,温かい料理を活用しましょう
783,65,74,なし,2000,★★,春,和食,雑穀ご飯・卵・ヨーグルト,鶏肉の照り焼き・サラダ,さわらの焼き物・豆腐,筋肉低下予防を考えた献立,たんぱく質★★★★★ 野菜★★★★★ カルシウム★★★★★,運動習慣も意識しましょう
784,65,74,なし,2100,★★,夏,和食,ご飯・納豆・冷奴,豚肉と野菜炒め,鮭の焼き物・ひじき煮,夏バテ予防を意識した献立,たんぱく質★★★★★ 野菜★★★★★ 食物繊維★★★★★,食欲がない時は工夫しましょう
785,65,74,なし,2200,★★★,秋,和食,玄米ご飯・納豆・味噌汁,鶏肉ときのこの料理,さんまの塩焼き・豆腐,秋食材で栄養を補う献立,たんぱく質★★★★★ 野菜★★★★★ バランス★★★★★,多様な食品を選びましょう
786,65,74,なし,1700,★,冬,和食,ご飯・卵焼き・味噌汁・果物,鶏肉料理・野菜サラダ,豆腐料理・魚料理,無理なく続けられる高齢者向け献立,たんぱく質★★★★☆ 野菜★★★★★ バランス★★★★★,食事回数を調整しましょう
787,65,74,なし,1900,★★,春,和食,雑穀ご飯・納豆・味噌汁,豚しゃぶサラダ,白身魚の煮付け・野菜料理,生活習慣病予防も考えた献立,たんぱく質★★★★★ 野菜★★★★★ バランス★★★★★,塩分にも注意しましょう
788,65,74,なし,2000,★★,夏,和食,玄米ご飯・卵・冷奴,鶏肉の南蛮風・野菜サラダ,さばの焼き物・豆腐,食欲を保ちながら健康維持する献立,たんぱく質★★★★★ 野菜★★★★★ 脂質管理★★★★☆,揚げ物は量を調整しましょう
789,65,74,なし,2100,★★,秋,和食,ご飯・納豆・味噌汁・果物,鶏肉の煮物・根菜料理,鮭の焼き物・ひじき煮,秋の栄養を活かした献立,たんぱく質★★★★★ 野菜★★★★★ 食物繊維★★★★★,毎日の食事を記録しましょう
790,65,74,なし,2200,★★★,冬,和食,雑穀ご飯・納豆・ヨーグルト,豚肉料理・野菜サラダ,たら鍋・豆腐料理,健康寿命延伸を意識した献立,たんぱく質★★★★★ 野菜★★★★★ カルシウム★★★★★,継続できる食生活を目指しましょう
791,65,74,なし,1800,★,秋,和食,ご飯・納豆・味噌汁・りんご,鶏むね肉の照り焼き・野菜サラダ,鮭の塩焼き・豆腐・ひじき煮,筋肉維持と食欲低下予防を考えた献立,たんぱく質★★★★★ 野菜★★★★★ 食物繊維★★★★★,毎食少しずつでも栄養を摂りましょう
792,65,74,なし,1900,★★,冬,和食,雑穀ご飯・卵焼き・納豆・味噌汁,豚肉と野菜の炒め物,たらの煮付け・豆腐・根菜料理,冬の体力維持を意識した献立,たんぱく質★★★★★ 野菜★★★★★ バランス★★★★★,温かい料理で食欲を保ちましょう
793,65,74,なし,2000,★★,春,和食,玄米ご飯・納豆・ヨーグルト,鶏肉と春野菜の煮物,さわらの焼き物・小松菜のおひたし,骨と筋肉の健康を支える献立,たんぱく質★★★★★ カルシウム★★★★★ 野菜★★★★★,カルシウムを意識しましょう
794,65,74,なし,2100,★★,夏,和食,ご飯・冷奴・卵・味噌汁,豚しゃぶサラダ・ご飯,あじの焼き物・野菜煮物,夏の栄養不足を防ぐ献立,たんぱく質★★★★★ 野菜★★★★★ バランス★★★★★,暑い日も食事を抜かないようにしましょう
795,65,74,なし,2200,★★★,通年,洋食,全粒パン・卵・牛乳・ヨーグルト,鶏肉のトマト煮・サラダ,白身魚グリル・野菜スープ,高齢期の必要栄養量を満たす献立,たんぱく質★★★★★ 野菜★★★★★ カルシウム★★★★★,肉・魚・乳製品を組み合わせましょう
796,65,74,なし,1700,★,秋,和食,ご飯・納豆・味噌汁・果物,鶏ささみ料理・野菜サラダ,豆腐ハンバーグ・野菜スープ,少量でも栄養を摂れる献立,たんぱく質★★★★☆ 野菜★★★★★ バランス★★★★★,体重減少に注意しましょう
797,65,74,なし,1900,★★,冬,和食,玄米ご飯・卵・納豆・味噌汁,鶏肉の煮物・野菜料理,鮭鍋・豆腐・白菜,体を温めながら栄養を補う献立,たんぱく質★★★★★ 野菜★★★★★ カルシウム★★★★☆,鍋は具材を増やしましょう
798,65,74,なし,2000,★★,春,和食,雑穀ご飯・納豆・味噌汁・いちご,豚肉と野菜炒め,白身魚の煮付け・豆腐,春の食材を楽しめる健康献立,たんぱく質★★★★★ 野菜★★★★★ バランス★★★★★,旬の食材を活用しましょう
799,65,74,なし,2100,★★,夏,和食,ご飯・卵焼き・冷奴,鶏肉の照り焼き・サラダ,さばの塩焼き・ひじき煮,生活習慣病予防も意識した献立,たんぱく質★★★★★ 野菜★★★★★ 脂質管理★★★★☆,魚料理を取り入れましょう
800,65,74,なし,2200,★★★,秋,和食,玄米ご飯・納豆・ヨーグルト,鶏肉ときのこの炒め物,さんまの焼き物・野菜料理,秋食材で栄養バランスを整えた献立,たんぱく質★★★★★ 野菜★★★★★ 食物繊維★★★★★,食物繊維を毎日摂りましょう
801,65,74,なし,1800,★,冬,和食,ご飯・卵焼き・味噌汁・果物,鶏肉料理・野菜サラダ,豆腐料理・魚料理,食べやすさを重視した献立,たんぱく質★★★★☆ 野菜★★★★★ バランス★★★★★,食べられる量を維持しましょう
802,65,74,なし,1900,★★,春,和食,雑穀ご飯・納豆・味噌汁,豚しゃぶ・野菜料理,鮭の焼き物・豆腐,筋肉低下予防を考えた献立,たんぱく質★★★★★ 野菜★★★★★ バランス★★★★★,適度な運動も行いましょう
803,65,74,なし,2000,★★,夏,和食,玄米ご飯・冷奴・卵,鶏肉の蒸し料理・野菜サラダ,白身魚の焼き物・ひじき煮,脂質を抑えた健康維持献立,たんぱく質★★★★★ 野菜★★★★★ 脂質管理★★★★☆,油の量を調整しましょう
804,65,74,なし,2100,★★,秋,和食,ご飯・納豆・味噌汁・梨,豚肉と根菜の煮物,鮭のホイル焼き・豆腐,秋の栄養を取り入れた献立,たんぱく質★★★★★ 野菜★★★★★ 食物繊維★★★★★,根菜類も活用しましょう
805,65,74,なし,2200,★★★,冬,和食,雑穀ご飯・納豆・牛乳,鶏肉の照り焼き・野菜サラダ,たら鍋・小松菜のおひたし,骨の健康維持を意識した献立,たんぱく質★★★★★ カルシウム★★★★★ 野菜★★★★★,乳製品を取り入れましょう
806,65,74,なし,1700,★,春,和食,ご飯・卵・味噌汁・果物,鶏ささみ丼・野菜サラダ,豆腐料理・魚料理,栄養不足を防ぐための献立,たんぱく質★★★★☆ 野菜★★★★★ バランス★★★★★,食事回数を工夫しましょう
807,65,74,なし,1900,★★,夏,和食,玄米ご飯・納豆・冷奴,豚しゃぶサラダ,鮭の焼き物・野菜煮物,夏でも続けやすい健康献立,たんぱく質★★★★★ 野菜★★★★★ バランス★★★★★,水分補給も意識しましょう
808,65,74,なし,2000,★★,秋,和食,雑穀ご飯・卵焼き・味噌汁,鶏肉料理・きのこサラダ,さんまの塩焼き・豆腐,秋の味覚を活かした献立,たんぱく質★★★★★ 野菜★★★★★ 食物繊維★★★★★,多くの食品を組み合わせましょう
809,65,74,なし,2100,★★,冬,和食,ご飯・納豆・味噌汁,豚肉と白菜の煮物,鮭鍋・野菜料理,冬の健康維持を支える献立,たんぱく質★★★★★ 野菜★★★★★ バランス★★★★★,温かい食事を楽しみましょう
810,65,74,なし,2200,★★★,春,和食,雑穀ご飯・納豆・ヨーグルト,鶏肉の照り焼き・春野菜サラダ,さばの焼き物・豆腐,健康寿命延伸を意識した献立,たんぱく質★★★★★ 野菜★★★★★ カルシウム★★★★★,継続できる食生活を続けましょう
811,65,74,高血圧,1800,★,春,和食,ご飯・納豆・減塩味噌汁・ヨーグルト,鶏むね肉の蒸し料理・野菜サラダ,鮭の塩焼き・豆腐・ほうれん草のおひたし,減塩しながら筋肉維持を意識した献立,たんぱく質★★★★★ 野菜★★★★★ 塩分管理★★★★★,だしや香辛料で味付けを工夫しましょう
812,65,74,高血圧,1900,★★,夏,和食,雑穀ご飯・冷奴・卵焼き・減塩味噌汁,豚しゃぶサラダ・ご飯,さばの焼き物・小松菜のおひたし,血圧管理と栄養維持を考えた献立,たんぱく質★★★★★ 野菜★★★★★ 塩分管理★★★★★,野菜を積極的に摂りましょう
813,65,74,高血圧,2000,★★,秋,和食,玄米ご飯・納豆・味噌汁・りんご,鶏肉ときのこの炒め物,さんまの塩焼き・ひじき煮・豆腐,食物繊維を取り入れた減塩献立,たんぱく質★★★★★ 野菜★★★★★ 塩分管理★★★★★,加工食品の塩分に注意しましょう
814,65,74,高血圧,2100,★★,冬,和食,ご飯・卵焼き・納豆・減塩味噌汁,豚肉と白菜の煮物,たら鍋・豆腐・野菜料理,冬でも塩分を控えた温かい献立,たんぱく質★★★★★ 野菜★★★★★ 塩分管理★★★★★,汁物の飲みすぎを避けましょう
815,65,74,高血圧,2200,★★★,通年,和食,雑穀ご飯・納豆・牛乳,鶏肉の照り焼き・野菜サラダ,鮭のホイル焼き・野菜スープ,血管の健康維持を考えた献立,たんぱく質★★★★★ 野菜★★★★★ カルシウム★★★★★,体重管理も意識しましょう
816,65,74,高血圧,1700,★,春,和食,ご飯・卵・減塩味噌汁・果物,鶏ささみサラダ,豆腐ハンバーグ・野菜スープ,低エネルギーでも栄養を確保した献立,たんぱく質★★★★☆ 野菜★★★★★ 塩分管理★★★★★,極端な食事制限は避けましょう
817,65,74,高血圧,1900,★★,夏,和食,玄米ご飯・納豆・冷奴,豚しゃぶおろしサラダ,鮭の焼き物・ひじき煮,夏向けの血圧管理献立,たんぱく質★★★★★ 野菜★★★★★ 塩分管理★★★★★,酢やレモンを活用しましょう
818,65,74,高血圧,2000,★★,秋,和食,雑穀ご飯・卵・味噌汁,鶏肉の煮物・野菜サラダ,さばの味噌煮・豆腐,魚と野菜を活用した献立,たんぱく質★★★★★ 野菜★★★★★ 塩分管理★★★★☆,味噌汁の量を調整しましょう
819,65,74,高血圧,2100,★★,冬,和食,玄米ご飯・納豆・減塩味噌汁,親子丼・野菜サラダ,ぶり大根・小松菜のおひたし,満足感を保ちながら減塩した献立,たんぱく質★★★★★ 野菜★★★★☆ 塩分管理★★★★★,調味料は計量しましょう
820,65,74,高血圧,2200,★★★,通年,洋食,全粒パン・卵・ヨーグルト,鶏肉のトマト煮・サラダ,白身魚グリル・野菜スープ,洋食でも塩分を調整した献立,たんぱく質★★★★★ 野菜★★★★★ 塩分管理★★★★★,外食時は塩分量を確認しましょう
821,65,74,高血圧,1800,★,春,和食,ご飯・納豆・減塩味噌汁・いちご,鶏肉の蒸し料理・春野菜サラダ,白身魚の煮付け・豆腐,春食材を使った減塩献立,たんぱく質★★★★★ 野菜★★★★★ 塩分管理★★★★★,香味野菜を利用しましょう
822,65,74,高血圧,1900,★★,夏,和食,玄米ご飯・冷奴・卵・味噌汁,豚しゃぶサラダ,あじの焼き物・野菜煮物,血圧管理と食べやすさを考えた献立,たんぱく質★★★★★ 野菜★★★★★ 塩分管理★★★★★,水分補給も行いましょう
823,65,74,高血圧,2000,★★,秋,和食,雑穀ご飯・納豆・味噌汁,鶏肉と根菜の煮物,鮭の焼き物・ひじき煮,秋食材で栄養を補う献立,たんぱく質★★★★★ 野菜★★★★★ 食物繊維★★★★★,野菜量を増やしましょう
824,65,74,高血圧,2100,★★,冬,和食,ご飯・卵焼き・減塩味噌汁,豚汁・ご飯,たら鍋・豆腐料理,温かく続けやすい減塩献立,たんぱく質★★★★★ 野菜★★★★★ 塩分管理★★★★★,汁を残す工夫も大切です
825,65,74,高血圧,2200,★★★,通年,和食,雑穀ご飯・納豆・ヨーグルト,鶏肉グリル・野菜サラダ,魚料理・豆腐料理,血管健康を意識した献立,たんぱく質★★★★★ 野菜★★★★★ カルシウム★★★★★,運動習慣も取り入れましょう
826,65,74,高血圧,1700,★,春,和食,ご飯・卵焼き・味噌汁・果物,鶏ささみ丼・野菜サラダ,豆腐料理・魚料理,食べやすさを重視した献立,たんぱく質★★★★☆ 野菜★★★★★ 塩分管理★★★★★,食事量を維持しましょう
827,65,74,高血圧,1900,★★,夏,和食,玄米ご飯・納豆・冷奴,豚しゃぶサラダ,鮭の焼き物・野菜煮物,夏場の血圧管理献立,たんぱく質★★★★★ 野菜★★★★★ 塩分管理★★★★★,漬物は量に注意しましょう
828,65,74,高血圧,2000,★★,秋,和食,雑穀ご飯・卵・味噌汁・梨,鶏肉料理・きのこ料理,さんまの塩焼き・豆腐,秋の食材を活かした献立,たんぱく質★★★★★ 野菜★★★★★ 食物繊維★★★★★,きのこ類を活用しましょう
829,65,74,高血圧,2100,★★,冬,和食,ご飯・納豆・減塩味噌汁,豚肉と白菜料理,鮭鍋・野菜料理,冬の健康維持を考えた献立,たんぱく質★★★★★ 野菜★★★★★ 塩分管理★★★★★,鍋の味付けを薄めにしましょう
830,65,74,高血圧,2200,★★★,春,和食,雑穀ご飯・納豆・ヨーグルト,鶏肉の照り焼き・野菜サラダ,さばの焼き物・豆腐,継続しやすい高血圧対策献立,たんぱく質★★★★★ 野菜★★★★★ カルシウム★★★★★,定期的に血圧を測定しましょう
831,65,74,高血圧,1800,★,夏,和食,ご飯・納豆・減塩味噌汁・バナナ,鶏むね肉の蒸し焼き・夏野菜サラダ,鮭の焼き物・豆腐・小松菜のおひたし,減塩と筋肉維持を両立した献立,たんぱく質★★★★★ 野菜★★★★★ 塩分管理★★★★★,香辛料や酢で味に変化をつけましょう
832,65,74,高血圧,1900,★★,秋,和食,雑穀ご飯・納豆・味噌汁・ヨーグルト,鶏肉ときのこの煮物,さばの塩焼き・ひじき煮・豆腐,血圧管理と食物繊維を意識した献立,たんぱく質★★★★★ 野菜★★★★★ 食物繊維★★★★★,野菜から先に食べる習慣をつけましょう
833,65,74,高血圧,2000,★★,冬,和食,玄米ご飯・卵焼き・減塩味噌汁,豚肉と白菜の煮物・ご飯,たらの鍋料理・豆腐・野菜,体を温めながら塩分を抑えた献立,たんぱく質★★★★★ 野菜★★★★★ 塩分管理★★★★★,鍋の汁は飲みすぎないようにしましょう
834,65,74,高血圧,2100,★★,春,和食,ご飯・納豆・味噌汁・果物,鶏肉の照り焼き・野菜サラダ,さわらの焼き物・ひじき煮,春食材を使った健康維持献立,たんぱく質★★★★★ 野菜★★★★★ バランス★★★★★,旬の野菜を取り入れましょう
835,65,74,高血圧,2200,★★★,通年,和食,雑穀ご飯・納豆・牛乳,鶏肉グリル・野菜サラダ,鮭のホイル焼き・野菜スープ,高齢期の栄養不足を防ぐ献立,たんぱく質★★★★★ 野菜★★★★★ カルシウム★★★★★,体重減少に注意しましょう
836,65,74,高血圧,1700,★,夏,和食,ご飯・冷奴・卵・減塩味噌汁,鶏ささみサラダ,豆腐ハンバーグ・野菜スープ,少量でも栄養を確保した献立,たんぱく質★★★★☆ 野菜★★★★★ 塩分管理★★★★★,食事量を減らしすぎないようにしましょう
837,65,74,高血圧,1900,★★,秋,和食,玄米ご飯・納豆・味噌汁・柿,豚しゃぶサラダ,鮭の焼き物・小松菜のおひたし,野菜と魚を取り入れた献立,たんぱく質★★★★★ 野菜★★★★★ 塩分管理★★★★★,加工食品を控えましょう
838,65,74,高血圧,2000,★★,冬,和食,雑穀ご飯・卵・減塩味噌汁,親子丼・野菜サラダ,ぶり大根・豆腐料理,満足感を保った減塩献立,たんぱく質★★★★★ 野菜★★★★☆ 塩分管理★★★★★,調味料を少量ずつ使いましょう
839,65,74,高血圧,2100,★★,春,和食,玄米ご飯・納豆・ヨーグルト,鶏肉と春野菜炒め,白身魚の煮付け・豆腐,血圧管理と栄養補給を考えた献立,たんぱく質★★★★★ 野菜★★★★★ カルシウム★★★★☆,乳製品も活用しましょう
840,65,74,高血圧,2200,★★★,夏,和食,ご飯・冷奴・卵焼き,豚しゃぶおろしサラダ,あじの焼き物・野菜煮物,暑い季節でも食べやすい献立,たんぱく質★★★★★ 野菜★★★★★ 塩分管理★★★★★,水分補給も忘れないようにしましょう
841,65,74,高血圧,1800,★,秋,和食,ご飯・納豆・減塩味噌汁・りんご,鶏むね肉料理・野菜サラダ,鮭の焼き物・豆腐,秋の食材を使った減塩献立,たんぱく質★★★★★ 野菜★★★★★ バランス★★★★★,果物も適量摂りましょう
842,65,74,高血圧,1900,★★,冬,和食,雑穀ご飯・卵焼き・納豆,豚汁（薄味）・ご飯,たら鍋・小松菜のおひたし,減塩しながら温かさを楽しむ献立,たんぱく質★★★★★ 野菜★★★★★ 塩分管理★★★★★,汁物は具を多くしましょう
843,65,74,高血圧,2000,★★,春,和食,玄米ご飯・冷奴・味噌汁,鶏肉の蒸し料理・サラダ,さばの焼き物・ひじき煮,魚と大豆を活用した献立,たんぱく質★★★★★ 野菜★★★★★ 食物繊維★★★★★,青魚を定期的に食べましょう
844,65,74,高血圧,2100,★★,夏,和食,ご飯・納豆・卵・減塩味噌汁,鶏肉の南蛮風・野菜サラダ,鮭の焼き物・豆腐,食欲を保ちながら血圧対策する献立,たんぱく質★★★★★ 野菜★★★★★ 塩分管理★★★★☆,味付けは薄味を基本にしましょう
845,65,74,高血圧,2200,★★★,秋,和食,雑穀ご飯・納豆・ヨーグルト,豚肉と根菜の煮物,さんまの焼き物・豆腐,秋の栄養を活用した献立,たんぱく質★★★★★ 野菜★★★★★ 食物繊維★★★★★,根菜類を積極的に摂りましょう
846,65,74,高血圧,1700,★,冬,和食,ご飯・卵・味噌汁・果物,鶏ささみ丼・野菜サラダ,豆腐料理・白身魚,低栄養を防ぐ減塩献立,たんぱく質★★★★☆ 野菜★★★★★ 塩分管理★★★★★,食べられる量を維持しましょう
847,65,74,高血圧,1900,★★,春,和食,玄米ご飯・納豆・味噌汁,豚しゃぶサラダ,鮭のホイル焼き・野菜料理,生活習慣病予防を意識した献立,たんぱく質★★★★★ 野菜★★★★★ バランス★★★★★,毎日血圧を確認しましょう
848,65,74,高血圧,2000,★★,夏,和食,雑穀ご飯・冷奴・卵焼き,鶏肉と野菜炒め,白身魚の焼き物・ひじき煮,夏向けの食べやすい献立,たんぱく質★★★★★ 野菜★★★★★ 塩分管理★★★★★,漬物や加工食品を控えましょう
849,65,74,高血圧,2100,★★,秋,和食,ご飯・納豆・味噌汁・梨,鶏肉の煮物・きのこ料理,鮭の焼き物・豆腐,食物繊維を取り入れた献立,たんぱく質★★★★★ 野菜★★★★★ 食物繊維★★★★★,きのこを活用しましょう
850,65,74,高血圧,2200,★★★,冬,和食,雑穀ご飯・納豆・ヨーグルト,豚肉と白菜料理,たら鍋・野菜料理,高齢期の血圧管理を考えた献立,たんぱく質★★★★★ 野菜★★★★★ カルシウム★★★★★,継続できる減塩習慣を作りましょう
851,65,74,高血圧,1800,★,春,和食,ご飯・納豆・減塩味噌汁・ヨーグルト,鶏むね肉の蒸し料理・春野菜サラダ,鮭の塩焼き・豆腐・小松菜のおひたし,減塩しながら筋肉維持を考えた春献立,たんぱく質★★★★★ 野菜★★★★★ 塩分管理★★★★★,薄味でもだしを活用しましょう
852,65,74,高血圧,1900,★★,夏,和食,雑穀ご飯・冷奴・卵焼き・減塩味噌汁,豚しゃぶサラダ・ご飯,あじの焼き物・野菜煮物,夏の血圧管理と栄養維持を意識した献立,たんぱく質★★★★★ 野菜★★★★★ 塩分管理★★★★★,汗をかく時期は水分補給を忘れないようにしましょう
853,65,74,高血圧,2000,★★,秋,和食,玄米ご飯・納豆・味噌汁・果物,鶏肉ときのこの煮物,さばの焼き物・ひじき煮・豆腐,食物繊維を多く含む血圧対策献立,たんぱく質★★★★★ 野菜★★★★★ 食物繊維★★★★★,野菜や豆類を積極的に摂りましょう
854,65,74,高血圧,2100,★★,冬,和食,ご飯・卵焼き・納豆・減塩味噌汁,豚肉と白菜の煮物,たら鍋・豆腐・野菜料理,冬でも塩分を控えた温かい献立,たんぱく質★★★★★ 野菜★★★★★ 塩分管理★★★★★,鍋の汁は控えめにしましょう
855,65,74,高血圧,2200,★★★,通年,和食,雑穀ご飯・納豆・牛乳,鶏肉グリル・野菜サラダ,鮭のホイル焼き・野菜スープ,高齢期の栄養と血圧管理を両立した献立,たんぱく質★★★★★ 野菜★★★★★ カルシウム★★★★★,筋肉維持のため運動も行いましょう
856,65,74,高血圧,1700,★,春,和食,ご飯・卵・減塩味噌汁・いちご,鶏ささみサラダ,豆腐ハンバーグ・野菜スープ,食欲が少ない人向けの栄養密度重視献立,たんぱく質★★★★☆ 野菜★★★★★ 塩分管理★★★★★,少量でも栄養を意識しましょう
857,65,74,高血圧,1900,★★,夏,和食,玄米ご飯・納豆・冷奴,豚しゃぶおろしサラダ,鮭の焼き物・ひじき煮,夏でも続けやすい減塩献立,たんぱく質★★★★★ 野菜★★★★★ 塩分管理★★★★★,香味野菜で味を補いましょう
858,65,74,高血圧,2000,★★,秋,和食,雑穀ご飯・卵・味噌汁,鶏肉と根菜の煮物,さんまの焼き物・豆腐,秋食材を使った健康維持献立,たんぱく質★★★★★ 野菜★★★★★ 食物繊維★★★★★,根菜類を取り入れましょう
859,65,74,高血圧,2100,★★,冬,和食,玄米ご飯・納豆・減塩味噌汁,親子丼・野菜サラダ,ぶり大根・小松菜のおひたし,満足感を保ちながら減塩した献立,たんぱく質★★★★★ 野菜★★★★☆ 塩分管理★★★★★,調味料の量を確認しましょう
860,65,74,高血圧,2200,★★★,春,洋食,全粒パン・卵・ヨーグルト,鶏肉のトマト煮・サラダ,白身魚グリル・野菜スープ,洋風でも塩分調整した献立,たんぱく質★★★★★ 野菜★★★★★ バランス★★★★★,加工食品を控えましょう
861,65,74,高血圧,1800,★,夏,和食,ご飯・納豆・減塩味噌汁・果物,鶏肉の蒸し焼き・野菜サラダ,白身魚の煮付け・豆腐,食べやすさと減塩を考えた献立,たんぱく質★★★★★ 野菜★★★★★ 塩分管理★★★★★,毎食野菜を取り入れましょう
862,65,74,高血圧,1900,★★,秋,和食,雑穀ご飯・納豆・ヨーグルト,豚しゃぶサラダ,鮭のホイル焼き・野菜料理,血管健康維持を考えた献立,たんぱく質★★★★★ 野菜★★★★★ カルシウム★★★★★,乳製品も適量取り入れましょう
863,65,74,高血圧,2000,★★,冬,和食,ご飯・卵焼き・味噌汁,鶏肉料理・野菜サラダ,たらの煮付け・豆腐,冬の栄養不足を防ぐ献立,たんぱく質★★★★★ 野菜★★★★★ バランス★★★★★,食事量を維持しましょう
864,65,74,高血圧,2100,★★,春,和食,玄米ご飯・納豆・味噌汁,豚肉と野菜炒め,さわらの焼き物・ひじき煮,春の食材を使った減塩献立,たんぱく質★★★★★ 野菜★★★★★ 食物繊維★★★★★,旬の野菜を活用しましょう
865,65,74,高血圧,2200,★★★,夏,和食,雑穀ご飯・冷奴・卵,鶏肉の照り焼き・野菜サラダ,さばの焼き物・豆腐,魚と野菜を活用した献立,たんぱく質★★★★★ 野菜★★★★★ 塩分管理★★★★☆,魚の味付けは薄めにしましょう
866,65,74,高血圧,1700,★,秋,和食,ご飯・納豆・味噌汁・りんご,鶏ささみ料理・野菜サラダ,豆腐料理・白身魚,低エネルギーでも栄養を確保した献立,たんぱく質★★★★☆ 野菜★★★★★ 塩分管理★★★★★,食事制限よりバランスを重視しましょう
867,65,74,高血圧,1900,★★,冬,和食,玄米ご飯・卵・納豆,豚汁（薄味）・ご飯,鮭鍋・野菜料理,冬の減塩と栄養維持を考えた献立,たんぱく質★★★★★ 野菜★★★★★ 塩分管理★★★★★,汁物は具材を増やしましょう
868,65,74,高血圧,2000,★★,春,和食,雑穀ご飯・納豆・ヨーグルト,鶏肉と野菜炒め,白身魚の焼き物・豆腐,生活習慣改善を意識した献立,たんぱく質★★★★★ 野菜★★★★★ カルシウム★★★★★,毎日の食事リズムを整えましょう
869,65,74,高血圧,2100,★★,夏,和食,ご飯・冷奴・減塩味噌汁,豚しゃぶサラダ,あじの焼き物・ひじき煮,夏の血圧管理を支える献立,たんぱく質★★★★★ 野菜★★★★★ 食物繊維★★★★★,塩分表示を確認しましょう
870,65,74,高血圧,2200,★★★,秋,和食,雑穀ご飯・納豆・牛乳,鶏肉の照り焼き・野菜サラダ,鮭の焼き物・豆腐,健康寿命を意識した高血圧対策献立,たんぱく質★★★★★ 野菜★★★★★ カルシウム★★★★★,継続できる減塩習慣を作りましょう
871,65,74,糖尿病,1800,★,春,和食,玄米ご飯・納豆・味噌汁・ヨーグルト,鶏むね肉の蒸し料理・野菜サラダ,鮭の塩焼き・豆腐・ひじき煮,血糖管理と筋肉維持を考えた献立,たんぱく質★★★★★ 野菜★★★★★ 食物繊維★★★★★,野菜から食べる習慣をつけましょう
872,65,74,糖尿病,1900,★★,夏,和食,雑穀ご飯・冷奴・卵焼き・味噌汁,豚しゃぶサラダ・ご飯,さばの焼き物・小松菜のおひたし,食物繊維を増やした血糖管理献立,たんぱく質★★★★★ 野菜★★★★★ 血糖管理★★★★★,甘い飲み物を控えましょう
873,65,74,糖尿病,2000,★★,秋,和食,玄米ご飯・納豆・味噌汁・りんご,鶏肉ときのこの炒め物,さんまの塩焼き・ひじき煮・豆腐,秋食材を活用した血糖安定献立,たんぱく質★★★★★ 野菜★★★★★ 食物繊維★★★★★,白米は量を調整しましょう
874,65,74,糖尿病,2100,★★,冬,和食,ご飯・卵焼き・納豆・味噌汁,豚肉と白菜の煮物,たら鍋・豆腐・野菜料理,栄養を確保しながら糖質調整した献立,たんぱく質★★★★★ 野菜★★★★★ バランス★★★★★,欠食を避けましょう
875,65,74,糖尿病,2200,★★★,通年,和食,雑穀ご飯・納豆・牛乳・ヨーグルト,鶏肉グリル・野菜サラダ,鮭のホイル焼き・野菜スープ,高齢期の低栄養予防も考えた献立,たんぱく質★★★★★ 野菜★★★★★ カルシウム★★★★★,筋肉維持のため十分食べましょう
876,65,74,糖尿病,1700,★,春,和食,ご飯・納豆・野菜味噌汁・果物,鶏ささみサラダ,豆腐ハンバーグ・野菜スープ,食べやすく血糖管理を考えた献立,たんぱく質★★★★☆ 野菜★★★★★ 血糖管理★★★★★,食事量を極端に減らさないようにしましょう
877,65,74,糖尿病,1900,★★,夏,和食,玄米ご飯・冷奴・卵・味噌汁,豚しゃぶおろしサラダ,鮭の焼き物・ひじき煮,夏でも血糖安定を意識した献立,たんぱく質★★★★★ 野菜★★★★★ 食物繊維★★★★★,間食量を調整しましょう
878,65,74,糖尿病,2000,★★,秋,和食,雑穀ご飯・納豆・ヨーグルト,鶏肉の煮物・野菜サラダ,さばの味噌煮・豆腐,魚と野菜を取り入れた糖尿病向け献立,たんぱく質★★★★★ 野菜★★★★★ バランス★★★★★,食物繊維を毎食摂りましょう
879,65,74,糖尿病,2100,★★,冬,和食,玄米ご飯・卵・味噌汁,親子丼・野菜サラダ,ぶり大根・小松菜のおひたし,満足感を保ちながら糖質管理した献立,たんぱく質★★★★★ 野菜★★★★☆ 血糖管理★★★★★,主食量を一定にしましょう
880,65,74,糖尿病,2200,★★★,通年,洋食,全粒パン・卵・ヨーグルト,鶏肉のトマト煮・サラダ,白身魚グリル・野菜スープ,洋食でも血糖管理を意識した献立,たんぱく質★★★★★ 野菜★★★★★ 食物繊維★★★★★,野菜を先に食べましょう
881,65,74,糖尿病,1800,★,春,和食,玄米ご飯・納豆・味噌汁・いちご,鶏肉の蒸し料理・春野菜サラダ,白身魚の煮付け・豆腐,春食材で栄養バランスを整えた献立,たんぱく質★★★★★ 野菜★★★★★ 血糖管理★★★★★,果物は量を調整しましょう
882,65,74,糖尿病,1900,★★,夏,和食,雑穀ご飯・冷奴・納豆,豚しゃぶサラダ,あじの焼き物・野菜煮物,夏向けの血糖管理献立,たんぱく質★★★★★ 野菜★★★★★ 食物繊維★★★★★,水分補給を意識しましょう
883,65,74,糖尿病,2000,★★,秋,和食,ご飯・納豆・味噌汁・梨,鶏肉と根菜の煮物,鮭の焼き物・ひじき煮,秋食材で食物繊維を補う献立,たんぱく質★★★★★ 野菜★★★★★ 食物繊維★★★★★,根菜は適量摂りましょう
884,65,74,糖尿病,2100,★★,冬,和食,玄米ご飯・卵焼き・納豆,豚汁・ご飯,たら鍋・豆腐料理,温かく継続しやすい糖尿病対策献立,たんぱく質★★★★★ 野菜★★★★★ バランス★★★★★,汁物の塩分にも注意しましょう
885,65,74,糖尿病,2200,★★★,春,和食,雑穀ご飯・納豆・ヨーグルト,鶏肉グリル・野菜サラダ,さわらの焼き物・豆腐,筋肉維持と血糖管理を両立した献立,たんぱく質★★★★★ 野菜★★★★★ カルシウム★★★★★,運動も組み合わせましょう
886,65,74,糖尿病,1700,★,夏,和食,ご飯・卵・味噌汁・果物,鶏ささみ丼・野菜サラダ,豆腐料理・魚料理,低エネルギーでも栄養を確保した献立,たんぱく質★★★★☆ 野菜★★★★★ 血糖管理★★★★★,食事を抜かないようにしましょう
887,65,74,糖尿病,1900,★★,秋,和食,玄米ご飯・納豆・味噌汁,豚しゃぶサラダ,鮭のホイル焼き・野菜料理,秋の食材で血糖管理する献立,たんぱく質★★★★★ 野菜★★★★★ 食物繊維★★★★★,ゆっくり食べましょう
888,65,74,糖尿病,2000,★★,冬,和食,雑穀ご飯・卵焼き・味噌汁,鶏肉と野菜炒め,さんまの焼き物・豆腐,栄養バランスを考えた献立,たんぱく質★★★★★ 野菜★★★★★ バランス★★★★★,食事時間を一定にしましょう
889,65,74,糖尿病,2100,★★,春,和食,玄米ご飯・納豆・ヨーグルト,鶏肉料理・野菜サラダ,白身魚の焼き物・ひじき煮,春の健康維持を支える献立,たんぱく質★★★★★ 野菜★★★★★ 食物繊維★★★★★,毎日の食事記録も有効です
890,65,74,糖尿病,2200,★★★,夏,和食,雑穀ご飯・納豆・冷奴,豚しゃぶサラダ,鮭の焼き物・豆腐,継続しやすい糖尿病管理献立,たんぱく質★★★★★ 野菜★★★★★ 血糖管理★★★★★,継続できる食生活を目指しましょう
891,65,74,糖尿病,1800,★,秋,和食,雑穀ご飯・納豆・減塩味噌汁・ヨーグルト,鶏むね肉の照り焼き・野菜サラダ,鮭の焼き物・豆腐・ひじき煮,血糖値の安定と筋肉維持を考えた献立,たんぱく質★★★★★ 野菜★★★★★ 食物繊維★★★★★,食物繊維を先に摂るよう意識しましょう
892,65,74,糖尿病,1900,★★,冬,和食,玄米ご飯・卵焼き・納豆・味噌汁,豚肉と白菜の煮物・ご飯,たら鍋・小松菜のおひたし,冬でも栄養バランスを保つ糖尿病向け献立,たんぱく質★★★★★ 野菜★★★★★ 血糖管理★★★★★,主食量を毎日一定にしましょう
893,65,74,糖尿病,2000,★★,春,和食,ご飯・納豆・味噌汁・いちご,鶏肉と春野菜の炒め物,さわらの焼き物・豆腐・ひじき煮,旬の野菜で血糖管理を支える献立,たんぱく質★★★★★ 野菜★★★★★ 食物繊維★★★★★,甘い菓子類の摂取量に注意しましょう
894,65,74,糖尿病,2100,★★,夏,和食,雑穀ご飯・冷奴・卵・ヨーグルト,豚しゃぶサラダ・ご飯,あじの焼き物・野菜煮物,暑い季節でも食べやすい献立,たんぱく質★★★★★ 野菜★★★★★ バランス★★★★★,食欲低下時も栄養を確保しましょう
895,65,74,糖尿病,2200,★★★,通年,和食,玄米ご飯・納豆・牛乳,鶏肉グリル・野菜サラダ,鮭のホイル焼き・野菜スープ,低栄養予防も考えた高齢者向け献立,たんぱく質★★★★★ 野菜★★★★★ カルシウム★★★★★,筋肉維持のため十分なたんぱく質を摂りましょう
896,65,74,糖尿病,1700,★,秋,和食,ご飯・卵・野菜味噌汁・りんご,鶏ささみサラダ,豆腐ハンバーグ・野菜スープ,エネルギーを抑えながら栄養を確保する献立,たんぱく質★★★★☆ 野菜★★★★★ 血糖管理★★★★★,食事量を急に減らさないようにしましょう
897,65,74,糖尿病,1900,★★,冬,和食,雑穀ご飯・納豆・味噌汁,鶏肉と根菜の煮物,鮭の焼き物・豆腐,食物繊維を取り入れた血糖管理献立,たんぱく質★★★★★ 野菜★★★★★ 食物繊維★★★★★,根菜類も適量摂取しましょう
898,65,74,糖尿病,2000,★★,春,和食,玄米ご飯・卵焼き・ヨーグルト,豚しゃぶサラダ,白身魚の煮付け・小松菜,栄養バランスを意識した献立,たんぱく質★★★★★ 野菜★★★★★ カルシウム★★★★☆,乳製品を適度に取り入れましょう
899,65,74,糖尿病,2100,★★,夏,和食,雑穀ご飯・納豆・冷奴,鶏肉の蒸し料理・野菜サラダ,さばの焼き物・ひじき煮,血糖変動を抑える献立,たんぱく質★★★★★ 野菜★★★★★ 食物繊維★★★★★,よく噛んで食べましょう
900,65,74,糖尿病,2200,★★★,秋,洋食,全粒パン・卵・ヨーグルト,鶏肉のトマト煮・サラダ,白身魚グリル・野菜スープ,洋風でも糖質量を調整した献立,たんぱく質★★★★★ 野菜★★★★★ バランス★★★★★,ソースや調味料の糖分に注意しましょう
901,65,74,糖尿病,1800,★,冬,和食,玄米ご飯・納豆・味噌汁・みかん,鶏肉の煮物・野菜料理,たらの焼き物・豆腐,冬の血糖管理を考えた献立,たんぱく質★★★★★ 野菜★★★★★ 食物繊維★★★★★,果物は適量を守りましょう
902,65,74,糖尿病,1900,★★,春,和食,雑穀ご飯・卵・納豆,豚肉と野菜炒め,鮭の焼き物・ひじき煮,野菜量を確保した献立,たんぱく質★★★★★ 野菜★★★★★ 食物繊維★★★★★,野菜料理を毎食加えましょう
903,65,74,糖尿病,2000,★★,夏,和食,ご飯・冷奴・味噌汁,鶏肉の照り焼き・サラダ,あじの焼き物・豆腐料理,夏場の栄養不足を防ぐ献立,たんぱく質★★★★★ 野菜★★★★★ バランス★★★★★,清涼飲料水の飲みすぎに注意しましょう
904,65,74,糖尿病,2100,★★,秋,和食,玄米ご飯・納豆・ヨーグルト,鶏肉ときのこの料理,さんまの焼き物・野菜煮物,秋食材を活用した糖尿病対策献立,たんぱく質★★★★★ 野菜★★★★★ 食物繊維★★★★★,きのこ類を積極的に使いましょう
905,65,74,糖尿病,2200,★★★,冬,和食,雑穀ご飯・卵焼き・納豆,豚汁・ご飯,鮭鍋・豆腐料理,満足感と血糖管理を両立した献立,たんぱく質★★★★★ 野菜★★★★★ バランス★★★★★,食事時間を整えましょう
906,65,74,糖尿病,1700,★,春,和食,ご飯・納豆・味噌汁・果物,鶏ささみ丼・野菜サラダ,豆腐料理・白身魚,少量でも栄養を確保した献立,たんぱく質★★★★☆ 野菜★★★★★ 血糖管理★★★★★,欠食をしないことが大切です
907,65,74,糖尿病,1900,★★,夏,和食,玄米ご飯・卵・冷奴,豚しゃぶサラダ,鮭の焼き物・野菜料理,夏向けの血糖安定献立,たんぱく質★★★★★ 野菜★★★★★ 食物繊維★★★★★,食後の軽い運動も有効です
908,65,74,糖尿病,2000,★★,秋,和食,雑穀ご飯・納豆・味噌汁・梨,鶏肉料理・きのこサラダ,白身魚の焼き物・豆腐,秋の食材で栄養補給する献立,たんぱく質★★★★★ 野菜★★★★★ 食物繊維★★★★★,食物繊維を意識しましょう
909,65,74,糖尿病,2100,★★,冬,和食,玄米ご飯・卵焼き・ヨーグルト,豚肉と白菜の料理,たら鍋・野菜料理,冬の健康維持を支える献立,たんぱく質★★★★★ 野菜★★★★★ カルシウム★★★★☆,体重変化を確認しましょう
910,65,74,糖尿病,2200,★★★,春,和食,雑穀ご飯・納豆・牛乳,鶏肉の照り焼き・春野菜サラダ,さわらの焼き物・豆腐,健康寿命維持を考えた糖尿病向け献立,たんぱく質★★★★★ 野菜★★★★★ カルシウム★★★★★,継続できる食事管理を行いましょう
911,65,74,糖尿病,1800,★,春,和食,玄米ご飯・納豆・減塩味噌汁・ヨーグルト,鶏むね肉の照り焼き・野菜サラダ,鮭の焼き物・豆腐・ひじき煮,血糖値の安定と筋肉維持を意識した献立,たんぱく質★★★★★ 野菜★★★★★ 食物繊維★★★★★,主食と副菜のバランスを整えましょう
912,65,74,糖尿病,1900,★★,夏,和食,雑穀ご飯・卵焼き・冷奴・味噌汁,豚しゃぶサラダ・ご飯,さばの焼き物・小松菜のおひたし,夏場でも血糖管理しやすい献立,たんぱく質★★★★★ 野菜★★★★★ 食物繊維★★★★★,水分補給を意識しましょう
913,65,74,糖尿病,2000,★★,秋,和食,玄米ご飯・納豆・味噌汁・りんご,鶏肉ときのこの煮物,さんまの焼き物・豆腐・ひじき煮,秋食材で食物繊維を補う献立,たんぱく質★★★★★ 野菜★★★★★ 食物繊維★★★★★,きのこ類を活用しましょう
914,65,74,糖尿病,2100,★★,冬,和食,雑穀ご飯・卵・ヨーグルト,豚肉と白菜の煮物,たら鍋・野菜料理・豆腐,体を温めながら栄養を確保する献立,たんぱく質★★★★★ 野菜★★★★★ カルシウム★★★★☆,鍋料理は具材を増やしましょう
915,65,74,糖尿病,2200,★★★,通年,和食,玄米ご飯・納豆・牛乳,鶏肉グリル・野菜サラダ,鮭のホイル焼き・野菜スープ,高齢者の低栄養予防も考えた献立,たんぱく質★★★★★ 野菜★★★★★ カルシウム★★★★★,筋肉維持のため十分食べましょう
916,65,74,糖尿病,1700,★,春,和食,ご飯・納豆・野菜味噌汁・果物,鶏ささみサラダ,豆腐ハンバーグ・野菜スープ,エネルギーを抑えながら栄養を補う献立,たんぱく質★★★★☆ 野菜★★★★★ 血糖管理★★★★★,食事量を極端に減らさないようにしましょう
917,65,74,糖尿病,1900,★★,夏,和食,玄米ご飯・冷奴・卵・納豆,豚しゃぶおろしサラダ,鮭の焼き物・ひじき煮,食後血糖の安定を考えた献立,たんぱく質★★★★★ 野菜★★★★★ 食物繊維★★★★★,ゆっくりよく噛んで食べましょう
918,65,74,糖尿病,2000,★★,秋,和食,雑穀ご飯・納豆・ヨーグルト,鶏肉の蒸し料理・野菜サラダ,白身魚の煮付け・豆腐,栄養バランスを重視した献立,たんぱく質★★★★★ 野菜★★★★★ バランス★★★★★,毎食野菜を取り入れましょう
919,65,74,糖尿病,2100,★★,冬,和食,玄米ご飯・卵焼き・味噌汁,親子丼・野菜サラダ,ぶり大根・小松菜のおひたし,満足感を保った糖尿病対策献立,たんぱく質★★★★★ 野菜★★★★☆ 食物繊維★★★★★,主食量を調整しましょう
920,65,74,糖尿病,2200,★★★,春,洋食,全粒パン・卵・ヨーグルト,鶏肉のトマト煮・サラダ,白身魚グリル・野菜スープ,洋風でも糖質管理を意識した献立,たんぱく質★★★★★ 野菜★★★★★ バランス★★★★★,ソース類の量に注意しましょう
921,65,74,糖尿病,1800,★,夏,和食,雑穀ご飯・納豆・味噌汁・桃,鶏肉の蒸し料理・夏野菜サラダ,鮭の焼き物・豆腐,夏の食欲低下を防ぐ献立,たんぱく質★★★★★ 野菜★★★★★ 血糖管理★★★★★,果物は適量を守りましょう
922,65,74,糖尿病,1900,★★,秋,和食,玄米ご飯・卵・納豆,豚肉と野菜炒め,さばの焼き物・ひじき煮,秋の食材を使った健康献立,たんぱく質★★★★★ 野菜★★★★★ 食物繊維★★★★★,野菜量を意識しましょう
923,65,74,糖尿病,2000,★★,冬,和食,ご飯・納豆・味噌汁・ヨーグルト,鶏肉と根菜の煮物,たらの焼き物・豆腐料理,冬の血糖管理を支える献立,たんぱく質★★★★★ 野菜★★★★★ カルシウム★★★★★,食事時間を一定にしましょう
924,65,74,糖尿病,2100,★★,春,和食,雑穀ご飯・冷奴・卵,豚しゃぶサラダ,さわらの焼き物・野菜煮物,春野菜を活用した献立,たんぱく質★★★★★ 野菜★★★★★ 食物繊維★★★★★,旬の野菜を取り入れましょう
925,65,74,糖尿病,2200,★★★,夏,和食,玄米ご飯・納豆・牛乳,鶏肉料理・野菜サラダ,あじの焼き物・豆腐,高齢期の健康維持を考えた献立,たんぱく質★★★★★ 野菜★★★★★ カルシウム★★★★★,運動習慣も意識しましょう
926,65,74,糖尿病,1700,★,秋,和食,ご飯・卵焼き・味噌汁・りんご,鶏ささみ丼・野菜サラダ,白身魚料理・豆腐,少量でも栄養を摂れる献立,たんぱく質★★★★☆ 野菜★★★★★ 血糖管理★★★★★,欠食を避けましょう
927,65,74,糖尿病,1900,★★,冬,和食,玄米ご飯・納豆・ヨーグルト,豚肉と白菜料理,鮭鍋・野菜料理,冬でも継続しやすい献立,たんぱく質★★★★★ 野菜★★★★★ バランス★★★★★,温かい料理を取り入れましょう
928,65,74,糖尿病,2000,★★,春,和食,雑穀ご飯・卵・味噌汁,鶏肉と野菜炒め,さばの焼き物・ひじき煮,血糖管理と栄養補給を両立した献立,たんぱく質★★★★★ 野菜★★★★★ 食物繊維★★★★★,加工食品を控えましょう
929,65,74,糖尿病,2100,★★,夏,和食,玄米ご飯・納豆・冷奴,豚しゃぶサラダ,鮭の焼き物・野菜料理,夏の健康維持を支える献立,たんぱく質★★★★★ 野菜★★★★★ 食物繊維★★★★★,水分と食事を両立しましょう
930,65,74,糖尿病,2200,★★★,秋,和食,雑穀ご飯・納豆・ヨーグルト,鶏肉の照り焼き・野菜サラダ,さんまの焼き物・豆腐,健康寿命を意識した糖尿病対応献立,たんぱく質★★★★★ 野菜★★★★★ カルシウム★★★★★,継続できる食事管理を行いましょう
931,65,74,腎臓病,1800,★,春,和食,ご飯・卵焼き・減塩味噌汁・りんご,鶏肉少量と野菜の煮物・ご飯,白身魚の焼き物・野菜料理,腎臓への負担を考えながら栄養を確保した献立,エネルギー★★★★★ たんぱく質★★★☆☆ 塩分管理★★★★★,医師や管理栄養士の指示を優先しましょう
932,65,74,腎臓病,1900,★★,夏,和食,雑穀ご飯・冷奴・果物,豚肉少量の野菜炒め・ご飯,鮭の焼き物・豆腐料理,必要な栄養を保ちながら調整した献立,エネルギー★★★★★ たんぱく質★★★☆☆ 塩分管理★★★★★,汁物の量に注意しましょう
933,65,74,腎臓病,2000,★★,秋,和食,ご飯・卵・減塩味噌汁・梨,鶏肉と野菜の炒め物,白身魚の煮付け・野菜料理,低塩を意識した腎臓配慮献立,エネルギー★★★★★ たんぱく質★★★☆☆ 野菜★★★★☆,食品表示を確認しましょう
934,65,74,腎臓病,2100,★★,冬,和食,ご飯・卵焼き・ヨーグルト,豚肉少量の白菜煮,たら料理・野菜料理,エネルギー不足を防ぐ献立,エネルギー★★★★★ たんぱく質★★★☆☆ 塩分管理★★★★★,食事量を確保しましょう
935,65,74,腎臓病,2200,★★★,通年,和食,ご飯・卵・乳製品・果物,鶏肉料理・野菜サラダ,魚料理・野菜スープ,低栄養予防を重視した献立,エネルギー★★★★★ たんぱく質★★★☆☆ バランス★★★★☆,制限しすぎに注意しましょう
936,65,74,腎臓病,1700,★,春,和食,ご飯・卵焼き・果物,鶏肉少量料理・野菜サラダ,豆腐料理・白身魚,食欲低下時でも食べやすい献立,エネルギー★★★★☆ たんぱく質★★★☆☆ 塩分管理★★★★★,少量でもエネルギーを摂りましょう
937,65,74,腎臓病,1900,★★,夏,和食,ご飯・納豆少量・野菜料理,豚肉少量の炒め物,白身魚料理・野菜煮物,塩分を控えた夏向け献立,エネルギー★★★★★ たんぱく質★★★☆☆ 塩分管理★★★★★,水分量も確認しましょう
938,65,74,腎臓病,2000,★★,秋,和食,ご飯・卵・減塩味噌汁,鶏肉ときのこの料理,魚料理・野菜のおひたし,秋食材を使った腎臓配慮献立,エネルギー★★★★★ たんぱく質★★★☆☆ 野菜★★★★☆,加工食品を控えましょう
939,65,74,腎臓病,2100,★★,冬,和食,ご飯・卵料理・果物,豚肉少量と野菜の煮物,たら鍋風料理・野菜料理,温かく食べやすい献立,エネルギー★★★★★ たんぱく質★★★☆☆ 塩分管理★★★★★,汁を飲みすぎないようにしましょう
940,65,74,腎臓病,2200,★★★,春,和食,ご飯・ヨーグルト・果物,鶏肉料理・野菜サラダ,白身魚の焼き物・野菜料理,栄養不足を防ぐ献立,エネルギー★★★★★ たんぱく質★★★☆☆ バランス★★★★☆,体重減少に注意しましょう
941,65,74,腎臓病,1800,★,夏,和食,ご飯・卵焼き・減塩味噌汁,鶏肉少量の冷しゃぶ,魚料理・野菜料理,夏でも継続しやすい腎臓配慮献立,エネルギー★★★★☆ たんぱく質★★★☆☆ 塩分管理★★★★★,食欲低下を防ぎましょう
942,65,74,腎臓病,1900,★★,秋,和食,ご飯・果物・卵料理,豚肉少量の野菜炒め,白身魚の煮付け,バランスを考えた献立,エネルギー★★★★★ たんぱく質★★★☆☆ 塩分管理★★★★★,味付けを薄くしましょう
943,65,74,腎臓病,2000,★★,冬,和食,ご飯・ヨーグルト・卵,鶏肉と野菜の煮物,魚料理・温野菜,低塩で栄養を確保する献立,エネルギー★★★★★ たんぱく質★★★☆☆ バランス★★★★☆,必要なエネルギーを摂りましょう
944,65,74,腎臓病,2100,★★,春,和食,ご飯・卵焼き・果物,豚肉少量料理・野菜サラダ,白身魚料理・豆腐料理,春食材を使った腎臓配慮献立,エネルギー★★★★★ たんぱく質★★★☆☆ 塩分管理★★★★★,自己判断で制限を増やさないようにしましょう
945,65,74,腎臓病,2200,★★★,夏,和食,ご飯・乳製品・果物,鶏肉料理・野菜料理,魚料理・野菜スープ,高齢者の体力維持を考えた献立,エネルギー★★★★★ たんぱく質★★★☆☆ バランス★★★★☆,食事記録を活用しましょう
946,65,74,腎臓病,1700,★,秋,和食,ご飯・卵・果物,鶏肉少量料理,豆腐料理・白身魚,食べやすさを重視した献立,エネルギー★★★★☆ たんぱく質★★★☆☆ 塩分管理★★★★★,無理な食事制限は避けましょう
947,65,74,腎臓病,1900,★★,冬,和食,ご飯・卵焼き・ヨーグルト,豚肉少量の白菜料理,たら料理・野菜料理,冬の栄養維持献立,エネルギー★★★★★ たんぱく質★★★☆☆ 塩分管理★★★★★,定期的に体調を確認しましょう
948,65,74,腎臓病,2000,★★,春,和食,ご飯・果物・卵料理,鶏肉と野菜炒め,魚料理・温野菜,春の腎臓配慮献立,エネルギー★★★★★ たんぱく質★★★☆☆ バランス★★★★☆,野菜量は状態に合わせましょう
949,65,74,腎臓病,2100,★★,夏,和食,ご飯・ヨーグルト・卵,豚肉少量料理・野菜サラダ,白身魚料理,夏の低塩献立,エネルギー★★★★★ たんぱく質★★★☆☆ 塩分管理★★★★★,調味料を控えめにしましょう
950,65,74,腎臓病,2200,★★★,秋,和食,ご飯・卵焼き・果物,鶏肉料理・野菜料理,魚料理・豆腐料理,健康維持を目的とした腎臓配慮献立,エネルギー★★★★★ たんぱく質★★★☆☆ バランス★★★★☆,専門家と相談しながら調整しましょう
951,65,74,腎臓病,1800,★,秋,和食,ご飯・卵焼き・果物・減塩味噌汁,鶏肉少量の野菜炒め・ご飯,白身魚の焼き物・野菜料理,腎臓への負担を考えながら栄養を確保する献立,エネルギー★★★★★ たんぱく質★★★☆☆ 塩分管理★★★★★,体重減少がある場合は相談しましょう
952,65,74,腎臓病,1900,★★,冬,和食,雑穀ご飯・ヨーグルト・卵料理,豚肉少量の煮物・野菜料理,たらの焼き物・温野菜,冬でもエネルギー不足を防ぐ献立,エネルギー★★★★★ たんぱく質★★★☆☆ バランス★★★★☆,必要なカロリーは確保しましょう
953,65,74,腎臓病,2000,★★,春,和食,ご飯・卵・果物,鶏肉と野菜の炒め物,白身魚の煮付け・豆腐料理,春食材を使った低塩献立,エネルギー★★★★★ たんぱく質★★★☆☆ 塩分管理★★★★★,味付けは薄味を基本にしましょう
954,65,74,腎臓病,2100,★★,夏,和食,ご飯・ヨーグルト・卵焼き,豚肉少量の冷しゃぶ,魚料理・野菜料理,暑い時期でも食べやすい献立,エネルギー★★★★★ たんぱく質★★★☆☆ バランス★★★★☆,食欲低下に注意しましょう
955,65,74,腎臓病,2200,★★★,通年,和食,ご飯・乳製品・果物,鶏肉料理・野菜サラダ,鮭料理・温野菜,高齢者の低栄養予防を重視した献立,エネルギー★★★★★ たんぱく質★★★☆☆ バランス★★★★☆,制限よりバランスを意識しましょう
956,65,74,腎臓病,1700,★,秋,和食,ご飯・卵焼き・果物,鶏肉少量料理・野菜サラダ,豆腐料理・白身魚,食欲が少ない時でも食べやすい献立,エネルギー★★★★☆ たんぱく質★★★☆☆ 塩分管理★★★★★,少量でも回数を分けましょう
957,65,74,腎臓病,1900,★★,冬,和食,ご飯・卵・ヨーグルト,豚肉少量と白菜の煮物,たら料理・野菜料理,温かく続けやすい献立,エネルギー★★★★★ たんぱく質★★★☆☆ 塩分管理★★★★★,汁物の量を調整しましょう
958,65,74,腎臓病,2000,★★,春,和食,雑穀ご飯・卵料理・果物,鶏肉と野菜の煮物,魚料理・温野菜,栄養バランスを考えた献立,エネルギー★★★★★ たんぱく質★★★☆☆ バランス★★★★☆,定期的に検査値を確認しましょう
959,65,74,腎臓病,2100,★★,夏,和食,ご飯・ヨーグルト・卵,豚肉少量料理・野菜サラダ,白身魚料理・豆腐,夏の体力維持を考えた献立,エネルギー★★★★★ たんぱく質★★★☆☆ 塩分管理★★★★★,水分量は医師の指示に従いましょう
960,65,74,腎臓病,2200,★★★,秋,和食,ご飯・卵焼き・果物,鶏肉料理・きのこ料理,魚料理・野菜料理,秋食材を活用した腎臓配慮献立,エネルギー★★★★★ たんぱく質★★★☆☆ バランス★★★★☆,きのこ類は状態に合わせましょう
961,65,74,腎臓病,1800,★,冬,和食,ご飯・卵・減塩味噌汁,鶏肉少量の煮物,白身魚の焼き物・野菜料理,冬の低栄養予防献立,エネルギー★★★★★ たんぱく質★★★☆☆ 塩分管理★★★★★,温かい料理で食欲を保ちましょう
962,65,74,腎臓病,1900,★★,春,和食,雑穀ご飯・ヨーグルト・果物,豚肉少量の野菜炒め,魚料理・豆腐料理,春の食材を取り入れた献立,エネルギー★★★★★ たんぱく質★★★☆☆ バランス★★★★☆,自己判断で制限を強めないようにしましょう
963,65,74,腎臓病,2000,★★,夏,和食,ご飯・卵焼き・果物,鶏肉料理・野菜料理,白身魚料理・温野菜,食べやすさを重視した献立,エネルギー★★★★★ たんぱく質★★★☆☆ 塩分管理★★★★★,栄養不足に注意しましょう
964,65,74,腎臓病,2100,★★,秋,和食,ご飯・ヨーグルト・卵,豚肉少量料理・野菜サラダ,鮭料理・豆腐料理,高齢者向け栄養維持献立,エネルギー★★★★★ たんぱく質★★★☆☆ バランス★★★★☆,食事内容を記録しましょう
965,65,74,腎臓病,2200,★★★,冬,和食,雑穀ご飯・卵料理・果物,鶏肉と野菜の煮物,たら料理・温野菜,冬の健康維持を考えた献立,エネルギー★★★★★ たんぱく質★★★☆☆ 塩分管理★★★★★,体調変化を確認しましょう
966,65,74,腎臓病,1700,★,春,和食,ご飯・卵・果物,鶏肉少量料理,白身魚・豆腐料理,少量でも栄養を摂れる献立,エネルギー★★★★☆ たんぱく質★★★☆☆ バランス★★★★☆,食べられる量を維持しましょう
967,65,74,腎臓病,1900,★★,夏,和食,ご飯・ヨーグルト・卵焼き,豚肉少量の冷しゃぶ,魚料理・野菜料理,夏でも続けやすい献立,エネルギー★★★★★ たんぱく質★★★☆☆ 塩分管理★★★★★,食品表示を確認しましょう
968,65,74,腎臓病,2000,★★,秋,和食,雑穀ご飯・果物・卵,鶏肉料理・野菜炒め,白身魚料理・豆腐,秋の栄養を活かした献立,エネルギー★★★★★ たんぱく質★★★☆☆ バランス★★★★☆,無理のない食事管理を続けましょう
969,65,74,腎臓病,2100,★★,冬,和食,ご飯・ヨーグルト・卵料理,豚肉少量の白菜料理,魚料理・温野菜,体力維持を考えた献立,エネルギー★★★★★ たんぱく質★★★☆☆ 塩分管理★★★★★,定期的な健康確認を行いましょう
970,65,74,腎臓病,2200,★★★,春,和食,ご飯・卵焼き・乳製品,鶏肉料理・野菜料理,白身魚料理・豆腐料理,健康寿命維持を目指した腎臓配慮献立,エネルギー★★★★★ たんぱく質★★★☆☆ バランス★★★★☆,専門家と相談しながら調整しましょう
971,65,74,脂質異常症,1800,★,春,和食,玄米ご飯・納豆・減塩味噌汁・ヨーグルト,鶏むね肉の蒸し料理・野菜サラダ,鮭の焼き物・豆腐・ひじき煮,脂質バランスと筋肉維持を考えた献立,たんぱく質★★★★★ 野菜★★★★★ 脂質管理★★★★★,青魚や大豆製品を取り入れましょう
972,65,74,脂質異常症,1900,★★,夏,和食,雑穀ご飯・冷奴・卵焼き・味噌汁,豚しゃぶサラダ・ご飯,あじの焼き物・野菜煮物,良質な脂質を意識した夏献立,たんぱく質★★★★★ 野菜★★★★★ 食物繊維★★★★★,揚げ物の頻度を減らしましょう
973,65,74,脂質異常症,2000,★★,秋,和食,玄米ご飯・納豆・味噌汁・果物,鶏肉ときのこの炒め物,さんまの塩焼き・ひじき煮・豆腐,食物繊維で脂質管理を支える献立,たんぱく質★★★★★ 野菜★★★★★ 食物繊維★★★★★,きのこや海藻を活用しましょう
974,65,74,脂質異常症,2100,★★,冬,和食,ご飯・卵焼き・納豆・ヨーグルト,豚肉と白菜の煮物,ぶり大根・小松菜のおひたし,魚の脂を活用した健康維持献立,たんぱく質★★★★★ 野菜★★★★★ 良質脂質★★★★★,脂質の種類を意識しましょう
975,65,74,脂質異常症,2200,★★★,通年,和食,雑穀ご飯・納豆・牛乳,鶏肉グリル・野菜サラダ,鮭のホイル焼き・野菜スープ,高齢者の栄養不足も防ぐ献立,たんぱく質★★★★★ 野菜★★★★★ カルシウム★★★★★,筋肉維持のため食事量を確保しましょう
976,65,74,脂質異常症,1700,★,春,和食,ご飯・納豆・野菜味噌汁・果物,鶏ささみサラダ,豆腐ハンバーグ・野菜スープ,低脂質でも栄養を保つ献立,たんぱく質★★★★☆ 野菜★★★★★ 脂質管理★★★★★,脂質を減らしすぎないようにしましょう
977,65,74,脂質異常症,1900,★★,夏,和食,玄米ご飯・冷奴・納豆,豚しゃぶおろしサラダ,鮭の焼き物・ひじき煮,夏向けの脂質改善献立,たんぱく質★★★★★ 野菜★★★★★ 食物繊維★★★★★,野菜量を増やしましょう
978,65,74,脂質異常症,2000,★★,秋,和食,雑穀ご飯・卵・ヨーグルト,鶏肉と根菜の煮物,さばの焼き物・豆腐,魚を活用したコレステロール対策献立,たんぱく質★★★★★ 野菜★★★★★ 良質脂質★★★★★,魚を週数回取り入れましょう
979,65,74,脂質異常症,2100,★★,冬,和食,玄米ご飯・納豆・味噌汁,豚しゃぶサラダ,たら料理・野菜料理,脂質を抑えた温かい献立,たんぱく質★★★★★ 野菜★★★★★ 脂質管理★★★★★,加工肉を控えましょう
980,65,74,脂質異常症,2200,★★★,春,洋食,全粒パン・卵・ヨーグルト,鶏肉のトマト煮・サラダ,白身魚グリル・野菜スープ,洋風でも脂質を調整した献立,たんぱく質★★★★★ 野菜★★★★★ バランス★★★★★,ソース類に注意しましょう
981,65,74,脂質異常症,1800,★,夏,和食,玄米ご飯・納豆・味噌汁・果物,鶏むね肉料理・夏野菜サラダ,あじの焼き物・豆腐,血管健康維持を考えた献立,たんぱく質★★★★★ 野菜★★★★★ 脂質管理★★★★★,塩分にも注意しましょう
982,65,74,脂質異常症,1900,★★,秋,和食,雑穀ご飯・納豆・ヨーグルト,豚肉と野菜炒め,鮭のホイル焼き・ひじき煮,秋食材でバランスを整えた献立,たんぱく質★★★★★ 野菜★★★★★ 食物繊維★★★★★,食物繊維を毎日摂りましょう
983,65,74,脂質異常症,2000,★★,冬,和食,ご飯・卵焼き・納豆,鶏肉と野菜の煮物,ぶり大根・豆腐,魚の脂を活用した献立,たんぱく質★★★★★ 野菜★★★★★ 良質脂質★★★★★,魚の脂は適量なら有効です
984,65,74,脂質異常症,2100,★★,春,和食,玄米ご飯・冷奴・味噌汁,豚しゃぶサラダ,さわらの焼き物・小松菜,脂質改善を意識した春献立,たんぱく質★★★★★ 野菜★★★★★ 食物繊維★★★★★,野菜料理を欠かさないようにしましょう
985,65,74,脂質異常症,2200,★★★,夏,和食,雑穀ご飯・納豆・牛乳,鶏肉グリル・野菜サラダ,さばの焼き物・豆腐料理,高齢期の健康維持を考えた献立,たんぱく質★★★★★ 野菜★★★★★ カルシウム★★★★★,運動習慣も組み合わせましょう
986,65,74,脂質異常症,1700,★,秋,和食,ご飯・卵・味噌汁・りんご,鶏ささみ料理・野菜サラダ,白身魚料理・豆腐,脂質を控えながら栄養を確保する献立,たんぱく質★★★★☆ 野菜★★★★★ 脂質管理★★★★★,食事量を減らしすぎないようにしましょう
987,65,74,脂質異常症,1900,★★,冬,和食,玄米ご飯・納豆・ヨーグルト,豚肉と白菜料理,鮭の焼き物・野菜料理,冬でも続けやすい脂質改善献立,たんぱく質★★★★★ 野菜★★★★★ バランス★★★★★,温かい野菜料理を増やしましょう
988,65,74,脂質異常症,2000,★★,春,和食,雑穀ご飯・卵焼き・納豆,鶏肉と春野菜炒め,魚料理・ひじき煮,春の食材で生活習慣改善を支える献立,たんぱく質★★★★★ 野菜★★★★★ 食物繊維★★★★★,旬の野菜を活用しましょう
989,65,74,脂質異常症,2100,★★,夏,和食,玄米ご飯・冷奴・ヨーグルト,豚しゃぶサラダ,あじの焼き物・野菜煮物,夏の血管健康を意識した献立,たんぱく質★★★★★ 野菜★★★★★ 良質脂質★★★★★,油の種類を選びましょう
990,65,74,脂質異常症,2200,★★★,秋,和食,雑穀ご飯・納豆・牛乳,鶏肉の照り焼き・野菜サラダ,さんまの焼き物・豆腐,健康寿命維持を考えた脂質改善献立,たんぱく質★★★★★ 野菜★★★★★ カルシウム★★★★★,継続できる食習慣を作りましょう
991,65,74,脂質異常症,1800,★,秋,和食,玄米ご飯・納豆・減塩味噌汁・ヨーグルト,鶏むね肉の蒸し料理・野菜サラダ,鮭の焼き物・豆腐・わかめ煮,血中脂質改善と栄養維持を考えた献立,たんぱく質★★★★★ 野菜★★★★★ 脂質管理★★★★★,食物繊維を毎食取り入れましょう
992,65,74,脂質異常症,1900,★★,冬,和食,雑穀ご飯・卵焼き・納豆,豚肉と白菜の煮物,ぶり大根・小松菜のおひたし,魚の脂を活用した冬の健康献立,たんぱく質★★★★★ 野菜★★★★★ 良質脂質★★★★★,脂質の質を意識しましょう
993,65,74,脂質異常症,2000,★★,春,和食,玄米ご飯・豆腐・味噌汁・果物,鶏肉と春野菜の炒め物,さわらの焼き物・ひじき煮,春野菜で食物繊維を補う献立,たんぱく質★★★★★ 野菜★★★★★ 食物繊維★★★★★,野菜量を確保しましょう
994,65,74,脂質異常症,2100,★★,夏,和食,雑穀ご飯・冷奴・卵・ヨーグルト,豚しゃぶサラダ,あじの焼き物・野菜煮物,夏でも続けやすい脂質管理献立,たんぱく質★★★★★ 野菜★★★★★ バランス★★★★★,揚げ物を控えめにしましょう
995,65,74,脂質異常症,2200,★★★,通年,和食,玄米ご飯・納豆・牛乳,鶏肉グリル・野菜サラダ,鮭のホイル焼き・豆腐料理,高齢者の低栄養予防も考慮した献立,たんぱく質★★★★★ 野菜★★★★★ カルシウム★★★★★,食事量を維持しましょう
996,65,74,脂質異常症,1700,★,秋,和食,ご飯・卵・野菜味噌汁・りんご,鶏ささみサラダ,豆腐ハンバーグ・野菜スープ,脂質を抑えながら栄養を確保する献立,たんぱく質★★★★☆ 野菜★★★★★ 脂質管理★★★★★,極端な脂質制限は避けましょう
997,65,74,脂質異常症,1900,★★,冬,和食,玄米ご飯・納豆・ヨーグルト,鶏肉と根菜の煮物,白身魚の焼き物・野菜料理,冬の血管健康を支える献立,たんぱく質★★★★★ 野菜★★★★★ 食物繊維★★★★★,根菜や海藻を活用しましょう
998,65,74,脂質異常症,2000,★★,春,和食,雑穀ご飯・卵焼き・納豆,豚しゃぶサラダ,鮭の焼き物・ひじき煮,コレステロール管理を意識した献立,たんぱく質★★★★★ 野菜★★★★★ 食物繊維★★★★★,定期的な運動も大切です
999,65,74,脂質異常症,2100,★★,夏,和食,玄米ご飯・冷奴・味噌汁,鶏肉の蒸し料理・野菜サラダ,さばの焼き物・豆腐,青魚を活用した献立,たんぱく質★★★★★ 野菜★★★★★ 良質脂質★★★★★,魚を週に数回摂りましょう
1000,65,74,脂質異常症,2200,★★★,秋,洋食,全粒パン・卵・ヨーグルト,鶏肉のトマト煮・サラダ,白身魚グリル・野菜スープ,洋食でも脂質バランスを考えた献立,たんぱく質★★★★★ 野菜★★★★★ バランス★★★★★,バターやクリームを控えましょう
1001,65,74,脂質異常症,1800,★,冬,和食,ご飯・納豆・味噌汁・果物,鶏肉と野菜の煮物,たらの焼き物・豆腐,低脂質で栄養を確保する献立,たんぱく質★★★★★ 野菜★★★★★ 脂質管理★★★★★,加工食品を減らしましょう
1002,65,74,脂質異常症,1900,★★,春,和食,玄米ご飯・卵・ヨーグルト,豚肉と野菜炒め,さわらの焼き物・小松菜料理,春の健康維持を考えた献立,たんぱく質★★★★★ 野菜★★★★★ 食物繊維★★★★★,野菜から食べる習慣を作りましょう
1003,65,74,脂質異常症,2000,★★,夏,和食,雑穀ご飯・納豆・冷奴,鶏肉料理・夏野菜サラダ,あじの焼き物・ひじき煮,血管への負担を考えた夏献立,たんぱく質★★★★★ 野菜★★★★★ 良質脂質★★★★★,油の量を意識しましょう
1004,65,74,脂質異常症,2100,★★,秋,和食,玄米ご飯・納豆・味噌汁,鶏肉ときのこの煮物,さんまの焼き物・豆腐,秋食材を活用した脂質改善献立,たんぱく質★★★★★ 野菜★★★★★ 食物繊維★★★★★,きのこ類を積極的に使いましょう
1005,65,74,脂質異常症,2200,★★★,冬,和食,雑穀ご飯・卵焼き・牛乳,豚しゃぶサラダ,鮭鍋・野菜料理,温かく栄養豊富な献立,たんぱく質★★★★★ 野菜★★★★★ カルシウム★★★★★,汁物の塩分にも注意しましょう
1006,65,74,脂質異常症,1700,★,春,和食,ご飯・納豆・果物・味噌汁,鶏ささみ料理・野菜サラダ,白身魚料理・豆腐,食欲が少ない人向け献立,たんぱく質★★★★☆ 野菜★★★★★ 脂質管理★★★★★,少量でも栄養を摂りましょう
1007,65,74,脂質異常症,1900,★★,夏,和食,玄米ご飯・卵・冷奴,豚しゃぶおろしサラダ,鮭の焼き物・野菜料理,夏の脂質改善献立,たんぱく質★★★★★ 野菜★★★★★ 食物繊維★★★★★,水分補給も意識しましょう
1008,65,74,脂質異常症,2000,★★,秋,和食,雑穀ご飯・納豆・ヨーグルト,鶏肉と野菜炒め,白身魚の煮付け・ひじき煮,栄養バランスを整える献立,たんぱく質★★★★★ 野菜★★★★★ バランス★★★★★,継続可能な食事を心がけましょう
1009,65,74,脂質異常症,2100,★★,冬,和食,玄米ご飯・卵焼き・納豆,鶏肉料理・野菜サラダ,ぶり大根・豆腐,魚の脂を活かした献立,たんぱく質★★★★★ 野菜★★★★★ 良質脂質★★★★★,魚料理を楽しみましょう
1010,65,74,脂質異常症,2200,★★★,春,和食,雑穀ご飯・納豆・ヨーグルト,鶏肉グリル・春野菜サラダ,さわらの焼き物・野菜料理,健康寿命を支える脂質管理献立,たんぱく質★★★★★ 野菜★★★★★ カルシウム★★★★★,無理なく続けることを優先しましょう
1011,65,74,脂質異常症,1800,★,冬,和食,玄米ご飯・納豆・減塩味噌汁・ヨーグルト,鶏むね肉の蒸し料理・野菜サラダ,鮭の焼き物・豆腐・ひじき煮,脂質改善と筋肉維持を両立した献立,たんぱく質★★★★★ 野菜★★★★★ 脂質管理★★★★★,食物繊維を意識して摂りましょう
1012,65,74,脂質異常症,1900,★★,春,和食,雑穀ご飯・卵焼き・納豆,豚肉と春野菜の炒め物,さわらの焼き物・小松菜のおひたし,春食材を活用した血管健康献立,たんぱく質★★★★★ 野菜★★★★★ 食物繊維★★★★★,野菜料理を毎食加えましょう
1013,65,74,脂質異常症,2000,★★,夏,和食,玄米ご飯・冷奴・ヨーグルト,鶏肉の蒸し料理・夏野菜サラダ,あじの焼き物・豆腐料理,青魚を取り入れた脂質管理献立,たんぱく質★★★★★ 野菜★★★★★ 良質脂質★★★★★,魚の脂を上手に活用しましょう
1014,65,74,脂質異常症,2100,★★,秋,和食,雑穀ご飯・納豆・味噌汁,鶏肉ときのこの煮物,さんまの焼き物・ひじき煮,食物繊維豊富な秋献立,たんぱく質★★★★★ 野菜★★★★★ 食物繊維★★★★★,海藻類も取り入れましょう
1015,65,74,脂質異常症,2200,★★★,冬,和食,ご飯・卵・牛乳,豚しゃぶサラダ,ぶり大根・野菜料理,高齢期の栄養維持を考えた献立,たんぱく質★★★★★ 野菜★★★★★ カルシウム★★★★★,脂質量だけでなく質を意識しましょう
1016,65,74,脂質異常症,1700,★,春,和食,ご飯・納豆・果物・味噌汁,鶏ささみサラダ,白身魚料理・豆腐,低エネルギーでも栄養を確保する献立,たんぱく質★★★★☆ 野菜★★★★★ 脂質管理★★★★★,食事量を減らしすぎないようにしましょう
1017,65,74,脂質異常症,1900,★★,夏,和食,玄米ご飯・卵焼き・冷奴,豚しゃぶサラダ,鮭の焼き物・野菜料理,夏の血管健康を意識した献立,たんぱく質★★★★★ 野菜★★★★★ 食物繊維★★★★★,甘い飲料を控えましょう
1018,65,74,脂質異常症,2000,★★,秋,和食,雑穀ご飯・納豆・ヨーグルト,鶏肉料理・根菜サラダ,白身魚の焼き物・豆腐,秋の食材で栄養を整える献立,たんぱく質★★★★★ 野菜★★★★★ バランス★★★★★,根菜や豆類を活用しましょう
1019,65,74,脂質異常症,2100,★★,冬,和食,玄米ご飯・納豆・味噌汁,鶏肉と白菜の煮物,たらの焼き物・野菜料理,低脂質で温かい献立,たんぱく質★★★★★ 野菜★★★★★ 脂質管理★★★★★,煮る調理を活用しましょう
1020,65,74,脂質異常症,2200,★★★,春,洋食,全粒パン・卵・ヨーグルト,鶏肉のトマト煮・サラダ,白身魚グリル・野菜スープ,洋風でも脂質を調整した献立,たんぱく質★★★★★ 野菜★★★★★ バランス★★★★★,クリーム系料理は控えめにしましょう
1021,65,74,脂質異常症,1800,★,夏,和食,ご飯・納豆・味噌汁・果物,鶏肉と野菜炒め,あじの焼き物・ひじき煮,夏の生活習慣改善献立,たんぱく質★★★★★ 野菜★★★★★ 食物繊維★★★★★,毎日歩く習慣も取り入れましょう
1022,65,74,脂質異常症,1900,★★,秋,和食,玄米ご飯・卵・ヨーグルト,豚肉少量の野菜炒め,鮭のホイル焼き・豆腐,脂質バランスを整える献立,たんぱく質★★★★★ 野菜★★★★★ 良質脂質★★★★★,調理油の量を意識しましょう
1023,65,74,脂質異常症,2000,★★,冬,和食,雑穀ご飯・納豆・牛乳,鶏肉料理・野菜サラダ,ぶり大根・小松菜,魚由来の脂を活用した献立,たんぱく質★★★★★ 野菜★★★★★ カルシウム★★★★★,魚料理を定期的に摂りましょう
1024,65,74,脂質異常症,2100,★★,春,和食,玄米ご飯・冷奴・味噌汁,鶏肉と野菜の煮物,さわらの焼き物・ひじき煮,春の健康維持を支える献立,たんぱく質★★★★★ 野菜★★★★★ 食物繊維★★★★★,豆製品を取り入れましょう
1025,65,74,脂質異常症,2200,★★★,夏,和食,雑穀ご飯・納豆・ヨーグルト,豚しゃぶサラダ,さばの焼き物・豆腐,青魚を使った脂質改善献立,たんぱく質★★★★★ 野菜★★★★★ 良質脂質★★★★★,脂の多い肉は控えましょう
1026,65,74,脂質異常症,1700,★,秋,和食,ご飯・卵焼き・果物,鶏ささみ料理・野菜サラダ,白身魚・豆腐料理,食欲低下時でも食べやすい献立,たんぱく質★★★★☆ 野菜★★★★★ 脂質管理★★★★★,栄養不足に注意しましょう
1027,65,74,脂質異常症,1900,★★,冬,和食,玄米ご飯・納豆・ヨーグルト,鶏肉と野菜の煮物,鮭鍋・温野菜,冬の健康維持を考えた献立,たんぱく質★★★★★ 野菜★★★★★ バランス★★★★★,鍋は野菜を多めにしましょう
1028,65,74,脂質異常症,2000,★★,春,和食,雑穀ご飯・卵・納豆,豚しゃぶサラダ,白身魚の煮付け・ひじき煮,生活習慣病予防を意識した献立,たんぱく質★★★★★ 野菜★★★★★ 食物繊維★★★★★,継続できる食事が大切です
1029,65,74,脂質異常症,2100,★★,夏,和食,玄米ご飯・冷奴・味噌汁,鶏肉料理・夏野菜サラダ,あじの焼き物・野菜料理,夏の脂質管理献立,たんぱく質★★★★★ 野菜★★★★★ 良質脂質★★★★★,適度な運動を続けましょう
1030,65,74,脂質異常症,2200,★★★,秋,和食,雑穀ご飯・納豆・牛乳,鶏肉の照り焼き・野菜サラダ,さんまの焼き物・豆腐,健康寿命を支える脂質改善献立,たんぱく質★★★★★ 野菜★★★★★ カルシウム★★★★★,無理なく長く続けましょう
1031,75,90,疾患なし,1700,★,春,和食,ご飯・納豆・卵焼き・味噌汁・ヨーグルト,鶏むね肉の煮物・春野菜サラダ,鮭の焼き物・豆腐・小松菜のおひたし,筋肉維持と低栄養予防を考えた高齢者向け献立,たんぱく質★★★★★ 野菜★★★★★ カルシウム★★★★★,食事量が減らないよう意識しましょう
1032,75,90,疾患なし,1800,★★,夏,和食,雑穀ご飯・冷奴・卵・果物,豚しゃぶサラダ・ご飯,あじの焼き物・野菜煮物,暑い季節でも栄養を確保する献立,たんぱく質★★★★★ 野菜★★★★★ 水分管理★★★★★,水分補給を忘れないようにしましょう
1033,75,90,疾患なし,1900,★★,秋,和食,玄米ご飯・納豆・味噌汁・ヨーグルト,鶏肉ときのこの煮物,さんまの焼き物・ひじき煮・豆腐,秋食材で栄養バランスを整える献立,たんぱく質★★★★★ 野菜★★★★★ 食物繊維★★★★★,魚や豆類を積極的に摂りましょう
1034,75,90,疾患なし,2000,★★,冬,和食,ご飯・卵焼き・納豆・牛乳,豚肉と白菜の煮物,たら鍋・野菜料理,冬の体力維持を考えた温かい献立,たんぱく質★★★★★ 野菜★★★★★ カルシウム★★★★★,温かい料理で食欲を保ちましょう
1035,75,90,疾患なし,2100,★★★,通年,和食,雑穀ご飯・納豆・ヨーグルト,鶏肉グリル・野菜サラダ,鮭のホイル焼き・豆腐・野菜スープ,健康寿命延伸を意識した献立,たんぱく質★★★★★ 野菜★★★★★ バランス★★★★★,筋肉維持のため運動も行いましょう
1036,75,90,疾患なし,1600,★,春,和食,ご飯・納豆・味噌汁・果物,鶏ささみ料理・野菜サラダ,豆腐ハンバーグ・野菜スープ,食欲が少ない人でも食べやすい献立,たんぱく質★★★★☆ 野菜★★★★★ 消化性★★★★★,少量でも栄養価を意識しましょう
1037,75,90,疾患なし,1800,★★,夏,和食,玄米ご飯・卵焼き・冷奴,豚肉と野菜炒め,鮭の焼き物・ひじき煮,夏の栄養不足を防ぐ献立,たんぱく質★★★★★ 野菜★★★★★ 食物繊維★★★★★,食欲低下に注意しましょう
1038,75,90,疾患なし,1900,★★,秋,和食,雑穀ご飯・納豆・ヨーグルト,鶏肉と根菜の煮物,白身魚の焼き物・豆腐,食べやすさと栄養を両立した献立,たんぱく質★★★★★ 野菜★★★★★ カルシウム★★★★★,よく噛んで食べましょう
1039,75,90,疾患なし,2000,★★,冬,和食,玄米ご飯・卵・味噌汁,親子丼・野菜サラダ,ぶり大根・小松菜料理,冬でも栄養を確保する献立,たんぱく質★★★★★ 野菜★★★★☆ バランス★★★★★,食事時間を整えましょう
1040,75,90,疾患なし,2100,★★★,春,洋食,全粒パン・卵・ヨーグルト,鶏肉のトマト煮・サラダ,白身魚グリル・野菜スープ,洋風でも高齢者向けに調整した献立,たんぱく質★★★★★ 野菜★★★★★ バランス★★★★★,好きな料理も取り入れましょう
1041,75,90,疾患なし,1700,★,夏,和食,ご飯・納豆・味噌汁・果物,鶏肉の蒸し料理・夏野菜サラダ,豆腐料理・魚料理,食欲低下を防ぐ夏向け献立,たんぱく質★★★★★ 野菜★★★★★ 水分管理★★★★★,冷たい物だけに偏らないようにしましょう
1042,75,90,疾患なし,1800,★★,秋,和食,雑穀ご飯・卵・ヨーグルト,豚しゃぶサラダ,鮭の焼き物・野菜料理,秋の味覚を活用した健康献立,たんぱく質★★★★★ 野菜★★★★★ 食物繊維★★★★★,旬の食材を楽しみましょう
1043,75,90,疾患なし,1900,★★,冬,和食,玄米ご飯・納豆・牛乳,鶏肉と野菜の煮物,たら鍋・豆腐,体を温めながら栄養補給する献立,たんぱく質★★★★★ 野菜★★★★★ カルシウム★★★★★,乳製品も適度に摂りましょう
1044,75,90,疾患なし,2000,★★,春,和食,雑穀ご飯・卵焼き・味噌汁,豚肉と野菜炒め,さわらの焼き物・ひじき煮,春の健康維持を考えた献立,たんぱく質★★★★★ 野菜★★★★★ 食物繊維★★★★★,毎食たんぱく質を意識しましょう
1045,75,90,疾患なし,2100,★★★,夏,和食,玄米ご飯・納豆・ヨーグルト,鶏肉グリル・野菜サラダ,あじの焼き物・豆腐,高齢期の体力維持献立,たんぱく質★★★★★ 野菜★★★★★ カルシウム★★★★★,筋力低下を予防しましょう
1046,75,90,疾患なし,1600,★,秋,和食,ご飯・卵・味噌汁・りんご,鶏ささみ料理,白身魚・豆腐料理,食べる量が少ない人向け献立,たんぱく質★★★★☆ 野菜★★★★★ 消化性★★★★★,無理なく続けることが大切です
1047,75,90,疾患なし,1800,★★,冬,和食,雑穀ご飯・納豆・ヨーグルト,豚肉と白菜料理,鮭鍋・野菜料理,冬の低栄養予防献立,たんぱく質★★★★★ 野菜★★★★★ バランス★★★★★,体重減少に注意しましょう
1048,75,90,疾患なし,1900,★★,春,和食,玄米ご飯・卵焼き・納豆,鶏肉と春野菜料理,魚料理・豆腐,春の栄養補給を意識した献立,たんぱく質★★★★★ 野菜★★★★★ 食物繊維★★★★★,食事を楽しむことも大切です
1049,75,90,疾患なし,2000,★★,夏,和食,雑穀ご飯・冷奴・卵,豚しゃぶサラダ,鮭の焼き物・野菜料理,夏の健康維持を支える献立,たんぱく質★★★★★ 野菜★★★★★ バランス★★★★★,水分と栄養を両立しましょう
1050,75,90,疾患なし,2100,★★★,秋,和食,玄米ご飯・納豆・牛乳,鶏肉の照り焼き・野菜サラダ,さんまの焼き物・豆腐,健康寿命を意識した高齢者向け献立,たんぱく質★★★★★ 野菜★★★★★ カルシウム★★★★★,毎日の食事を習慣化しましょう
1051,75,90,疾患なし,1700,★,冬,和食,ご飯・納豆・卵焼き・味噌汁,鶏肉と野菜の煮物,白身魚の焼き物・豆腐料理,食べやすさと筋肉維持を意識した献立,たんぱく質★★★★★ 野菜★★★★☆ エネルギー★★★★☆,食事量が少ない場合は間食も活用しましょう
1052,75,90,疾患なし,1800,★★,春,和食,雑穀ご飯・ヨーグルト・果物,豚しゃぶサラダ・ご飯,鮭の焼き物・ひじき煮,春野菜を取り入れたバランス献立,たんぱく質★★★★☆ 野菜★★★★★ 食物繊維★★★★☆,旬の野菜を楽しみましょう
1053,75,90,疾患なし,1900,★★,夏,和食,ご飯・冷奴・卵・味噌汁,鶏肉の蒸し料理・夏野菜料理,あじの焼き物・野菜煮物,夏の食欲低下を防ぐ献立,たんぱく質★★★★★ 水分管理★★★★☆ 野菜★★★★☆,暑い時期は水分も意識しましょう
1054,75,90,疾患なし,2000,★★★,秋,和食,玄米ご飯・納豆・ヨーグルト,鶏肉ときのこの炒め物,さんまの塩焼き・豆腐,秋食材で栄養を補う献立,たんぱく質★★★★★ 食物繊維★★★★★ エネルギー★★★★☆,よく噛んで食べましょう
1055,75,90,疾患なし,2100,★★★,冬,和食,ご飯・卵焼き・牛乳,豚肉と白菜の煮物,ぶり大根・小松菜のおひたし,体力維持を目的とした高エネルギー献立,エネルギー★★★★★ カルシウム★★★★☆ 脂質★★★☆☆,食べられる量を維持しましょう
1056,75,90,疾患なし,1600,★,春,和食,ご飯・味噌汁・果物,鶏ささみ料理・野菜サラダ,豆腐料理・白身魚,少食の高齢者向け献立,消化性★★★★★ たんぱく質★★★★☆ エネルギー★★★☆☆,不足する場合は補食を検討しましょう
1057,75,90,疾患なし,1800,★★,夏,和食,雑穀ご飯・納豆・卵,豚肉と野菜炒め,鮭のホイル焼き・豆腐,栄養バランスを整えた献立,たんぱく質★★★★☆ 野菜★★★★★ 脂質★★★★☆,油を適量利用しましょう
1058,75,90,疾患なし,1900,★★,秋,和食,玄米ご飯・ヨーグルト・納豆,鶏肉と根菜の煮物,白身魚・ひじき煮,秋の低栄養予防献立,食物繊維★★★★★ たんぱく質★★★★☆ エネルギー★★★★☆,豆類も取り入れましょう
1059,75,90,疾患なし,2000,★★★,冬,洋食,全粒パン・卵・牛乳,鶏肉のトマト煮・サラダ,白身魚グリル・野菜スープ,食事の楽しさも考えた洋風献立,たんぱく質★★★★☆ 野菜★★★★☆ カルシウム★★★★★,好きな料理を取り入れることも大切です
1060,75,90,疾患なし,2100,★★★,春,和食,ご飯・納豆・味噌汁,鶏肉料理・春野菜サラダ,鮭料理・豆腐,活動量が多い人向け献立,エネルギー★★★★★ たんぱく質★★★★★ 野菜★★★★☆,活動量に合わせて調整しましょう
1061,75,90,疾患なし,1700,★,夏,和食,ご飯・卵焼き・果物,鶏肉料理・野菜スープ,たら料理・豆腐,暑い時期でも食べやすい献立,消化性★★★★★ 野菜★★★★☆ たんぱく質★★★★☆,食欲低下に注意しましょう
1062,75,90,疾患なし,1800,★★,秋,和食,雑穀ご飯・納豆・味噌汁,豚肉と野菜の炒め物,鮭の焼き物・小松菜,筋肉維持を支える献立,たんぱく質★★★★★ 食物繊維★★★★☆ エネルギー★★★★☆,毎食たんぱく質を摂りましょう
1063,75,90,疾患なし,1900,★★,冬,和食,ご飯・ヨーグルト・卵,鶏肉と白菜の煮物,たら鍋・豆腐,温かく食べやすい献立,消化性★★★★★ たんぱく質★★★★☆ 野菜★★★★☆,汁物の塩分にも注意しましょう
1064,75,90,疾患なし,2000,★★★,春,和食,玄米ご飯・納豆・果物,豚しゃぶサラダ,さわらの焼き物・ひじき煮,生活習慣維持を考えた献立,野菜★★★★★ 食物繊維★★★★★ たんぱく質★★★★☆,食事を楽しみながら続けましょう
1065,75,90,疾患なし,2100,★★★,夏,和食,雑穀ご飯・卵・牛乳,鶏肉グリル・野菜料理,あじの焼き物・豆腐,体力維持向け献立,エネルギー★★★★★ たんぱく質★★★★★ 脂質★★★☆☆,運動と合わせて筋力を維持しましょう
1066,75,90,疾患なし,1600,★,秋,和食,ご飯・納豆・味噌汁,鶏ささみ料理,白身魚・野菜煮物,食べる量が少ない人向け献立,消化性★★★★★ エネルギー★★★☆☆ たんぱく質★★★★☆,少量でも栄養価を高めましょう
1067,75,90,疾患なし,1800,★★,冬,和食,玄米ご飯・卵・ヨーグルト,豚肉と野菜料理,鮭鍋・豆腐,冬の健康維持献立,たんぱく質★★★★☆ 野菜★★★★★ カルシウム★★★★☆,温かい料理を活用しましょう
1068,75,90,疾患なし,1900,★★,春,和食,ご飯・納豆・味噌汁,鶏肉と春野菜料理,魚料理・豆腐,春の栄養補給献立,たんぱく質★★★★★ 野菜★★★★☆ 食物繊維★★★★☆,毎日継続できる内容にしましょう
1069,75,90,疾患なし,2000,★★★,夏,和食,雑穀ご飯・冷奴・果物,豚しゃぶサラダ,鮭料理・野菜料理,夏の健康維持献立,水分管理★★★★★ たんぱく質★★★★☆ 野菜★★★★☆,脱水予防も重要です
1070,75,90,疾患なし,2100,★★★,秋,和食,玄米ご飯・納豆・牛乳,鶏肉の照り焼き・野菜サラダ,さんまの焼き物・豆腐,健康寿命を支える献立,たんぱく質★★★★★ エネルギー★★★★★ 野菜★★★★☆,無理なく食習慣を続けましょう
1071,75,90,疾患なし,1700,★,冬,和食,ご飯・納豆・卵焼き・味噌汁,鶏肉と野菜の煮物,たらの焼き物・豆腐料理,消化しやすく筋肉維持を考えた献立,消化性★★★★★ たんぱく質★★★★☆ エネルギー★★★☆☆,食欲がない時は少量を複数回に分けましょう
1072,75,90,疾患なし,1800,★★,春,和食,雑穀ご飯・ヨーグルト・果物,豚しゃぶサラダ・ご飯,鮭の焼き物・ひじき煮,春の食材で栄養を補う献立,野菜★★★★★ 食物繊維★★★★☆ たんぱく質★★★★☆,旬の食材を楽しみながら食べましょう
1073,75,90,疾患なし,1900,★★,夏,和食,ご飯・冷奴・卵・味噌汁,鶏肉の蒸し料理・夏野菜,あじの焼き物・野菜煮物,夏場の栄養不足を防ぐ献立,水分管理★★★★★ たんぱく質★★★★☆ 野菜★★★★☆,水分と食事を両方意識しましょう
1074,75,90,疾患なし,2000,★★★,秋,和食,玄米ご飯・納豆・ヨーグルト,鶏肉ときのこの煮物,さんまの焼き物・豆腐,秋食材を活用した健康維持献立,食物繊維★★★★★ たんぱく質★★★★☆ エネルギー★★★★☆,きのこや海藻を取り入れましょう
1075,75,90,疾患なし,2100,★★★,冬,和食,ご飯・卵焼き・牛乳,豚肉と白菜の鍋料理,ぶり大根・小松菜,活動量が多い高齢者向け献立,エネルギー★★★★★ たんぱく質★★★★★ 脂質★★★☆☆,体重減少がある場合は量を増やしましょう
1076,75,90,疾患なし,1600,★,春,和食,ご飯・味噌汁・果物,鶏ささみ料理・温野菜,白身魚・豆腐料理,食が細い人でも食べやすい献立,消化性★★★★★ エネルギー★★★☆☆ 野菜★★★★☆,栄養密度を意識しましょう
1077,75,90,疾患なし,1800,★★,夏,和食,雑穀ご飯・納豆・卵,豚肉と野菜炒め,鮭のホイル焼き・豆腐,筋力維持を支える献立,たんぱく質★★★★★ 野菜★★★★☆ 脂質★★★★☆,毎食たんぱく質を取り入れましょう
1078,75,90,疾患なし,1900,★★,秋,和食,玄米ご飯・ヨーグルト・納豆,鶏肉と根菜の煮物,白身魚・ひじき煮,腸内環境にも配慮した献立,食物繊維★★★★★ たんぱく質★★★★☆ エネルギー★★★★☆,便通管理も健康維持につながります
1079,75,90,疾患なし,2000,★★★,冬,洋食,全粒パン・卵・牛乳,鶏肉のトマト煮・サラダ,白身魚グリル・野菜スープ,食事の楽しさを考えた洋風献立,カルシウム★★★★★ たんぱく質★★★★☆ 野菜★★★★☆,好きな料理を取り入れましょう
1080,75,90,疾患なし,2100,★★★,春,和食,ご飯・納豆・味噌汁,鶏肉料理・春野菜サラダ,鮭料理・豆腐,体力維持を重視した献立,エネルギー★★★★★ たんぱく質★★★★★ 野菜★★★★☆,活動量に合わせて調整しましょう
1081,75,90,疾患なし,1700,★,夏,和食,ご飯・卵焼き・果物,鶏肉料理・野菜スープ,たら料理・豆腐,暑い季節でも食べやすい献立,消化性★★★★★ 水分管理★★★★☆ たんぱく質★★★★☆,冷たい料理だけに偏らないようにしましょう
1082,75,90,疾患なし,1800,★★,秋,和食,雑穀ご飯・納豆・味噌汁,豚肉と野菜炒め,鮭の焼き物・小松菜,栄養バランスを整えた献立,たんぱく質★★★★☆ 野菜★★★★★ 食物繊維★★★★☆,野菜量を意識しましょう
1083,75,90,疾患なし,1900,★★,冬,和食,ご飯・ヨーグルト・卵,鶏肉と白菜の煮物,たら鍋・豆腐,冬の低栄養予防献立,消化性★★★★★ たんぱく質★★★★☆ 野菜★★★★☆,温かい食事で食欲を保ちましょう
1084,75,90,疾患なし,2000,★★★,春,和食,玄米ご飯・納豆・果物,豚しゃぶサラダ,さわらの焼き物・ひじき煮,生活習慣維持を目的とした献立,野菜★★★★★ 食物繊維★★★★★ たんぱく質★★★★☆,継続しやすい食事を選びましょう
1085,75,90,疾患なし,2100,★★★,夏,和食,雑穀ご飯・卵・牛乳,鶏肉グリル・野菜料理,あじの焼き物・豆腐,夏の体力維持献立,エネルギー★★★★★ カルシウム★★★★☆ たんぱく質★★★★★,食事と運動を組み合わせましょう
1086,75,90,疾患なし,1600,★,秋,和食,ご飯・納豆・味噌汁,鶏ささみ料理,白身魚・野菜煮物,少食向けの栄養補給献立,消化性★★★★★ エネルギー★★★☆☆ たんぱく質★★★★☆,食べられる量を大切にしましょう
1087,75,90,疾患なし,1800,★★,冬,和食,玄米ご飯・卵・ヨーグルト,豚肉と野菜料理,鮭鍋・豆腐,冬の健康維持を支える献立,たんぱく質★★★★☆ 野菜★★★★★ カルシウム★★★★☆,乳製品も適量利用しましょう
1088,75,90,疾患なし,1900,★★,春,和食,ご飯・納豆・味噌汁,鶏肉と春野菜料理,魚料理・豆腐,春の栄養補給献立,たんぱく質★★★★★ 野菜★★★★☆ 食物繊維★★★★☆,毎日続けることを優先しましょう
1089,75,90,疾患なし,2000,★★★,夏,和食,雑穀ご飯・冷奴・果物,豚しゃぶサラダ,鮭料理・野菜料理,夏の健康寿命維持献立,水分管理★★★★★ たんぱく質★★★★☆ 野菜★★★★☆,脱水予防も意識しましょう
1090,75,90,疾患なし,2100,★★★,秋,和食,玄米ご飯・納豆・牛乳,鶏肉の照り焼き・野菜サラダ,さんまの焼き物・豆腐,後期高齢者の健康維持を考えた献立,たんぱく質★★★★★ エネルギー★★★★★ 野菜★★★★☆,食事を楽しむことも健康につながります
1091,75,90,高血圧,1700,★,春,和食,ご飯・納豆・減塩味噌汁・ヨーグルト,鶏むね肉の蒸し料理・野菜サラダ,鮭の焼き物・豆腐・小松菜のおひたし,減塩と筋肉維持を意識した高齢者向け献立,塩分管理★★★★★ たんぱく質★★★★☆ 野菜★★★★★,調味料は控えめに使いましょう
1092,75,90,高血圧,1800,★★,夏,和食,雑穀ご飯・冷奴・卵・果物,豚しゃぶサラダ・ご飯,あじの焼き物・野菜煮物,夏の血圧管理を考えた献立,塩分管理★★★★★ 水分管理★★★★☆ 野菜★★★★☆,汗をかく時期は水分も確認しましょう
1093,75,90,高血圧,1900,★★,秋,和食,玄米ご飯・納豆・味噌汁,鶏肉ときのこの煮物,さんまの焼き物・ひじき煮・豆腐,食物繊維を取り入れた血圧対策献立,野菜★★★★★ 食物繊維★★★★★ 塩分管理★★★★☆,だしや香辛料で薄味でも楽しみましょう
1094,75,90,高血圧,2000,★★★,冬,和食,ご飯・卵焼き・ヨーグルト,豚肉と白菜の煮物,たら鍋・野菜料理,温かく食べやすい減塩献立,塩分管理★★★★★ たんぱく質★★★★☆ エネルギー★★★★☆,汁物の飲みすぎに注意しましょう
1095,75,90,高血圧,2100,★★★,通年,和食,雑穀ご飯・納豆・牛乳,鶏肉グリル・野菜サラダ,鮭のホイル焼き・豆腐,低栄養を防ぎながら血圧管理する献立,たんぱく質★★★★★ 塩分管理★★★★☆ カルシウム★★★★☆,食事量を確保することも大切です
1096,75,90,高血圧,1600,★,春,和食,ご飯・卵・果物・減塩味噌汁,鶏ささみ料理・温野菜,白身魚・豆腐料理,食欲が少ない人向けの減塩献立,消化性★★★★★ 塩分管理★★★★★ エネルギー★★★☆☆,少量でも栄養を摂りましょう
1097,75,90,高血圧,1800,★★,夏,和食,玄米ご飯・納豆・冷奴,豚しゃぶサラダ,鮭の焼き物・ひじき煮,野菜を多く取り入れた献立,野菜★★★★★ 塩分管理★★★★★ たんぱく質★★★★☆,野菜料理を毎食加えましょう
1098,75,90,高血圧,1900,★★,秋,和食,雑穀ご飯・卵焼き・ヨーグルト,鶏肉と根菜の煮物,白身魚の焼き物・豆腐,秋食材を使った血圧管理献立,食物繊維★★★★★ たんぱく質★★★★☆ 塩分管理★★★★☆,加工食品の塩分に注意しましょう
1099,75,90,高血圧,2000,★★★,冬,和食,ご飯・納豆・減塩味噌汁,豚肉と野菜の煮物,ぶり大根・小松菜料理,冬でも続けやすい献立,塩分管理★★★★★ 野菜★★★★☆ たんぱく質★★★★☆,漬物は量を控えましょう
1100,75,90,高血圧,2100,★★★,春,洋食,全粒パン・卵・ヨーグルト,鶏肉のトマト煮・サラダ,白身魚グリル・野菜スープ,洋風でも塩分を調整した献立,野菜★★★★☆ たんぱく質★★★★★ 塩分管理★★★★☆,ソース類は少なめにしましょう
1101,75,90,高血圧,1700,★,夏,和食,ご飯・納豆・味噌汁・果物,鶏肉の蒸し料理・夏野菜,豆腐料理・魚料理,暑い時期の血圧管理献立,塩分管理★★★★★ 水分管理★★★★☆ たんぱく質★★★★☆,脱水にも注意しましょう
1102,75,90,高血圧,1800,★★,秋,和食,玄米ご飯・納豆・ヨーグルト,豚しゃぶサラダ,鮭の焼き物・野菜料理,脂質と塩分を調整した献立,野菜★★★★★ たんぱく質★★★★☆ 塩分管理★★★★★,食物繊維を意識しましょう
1103,75,90,高血圧,1900,★★,冬,和食,ご飯・卵・減塩味噌汁,鶏肉と白菜の煮物,たら鍋・豆腐,体を温めながら減塩する献立,塩分管理★★★★★ 消化性★★★★☆ たんぱく質★★★★☆,鍋の汁は控えめにしましょう
1104,75,90,高血圧,2000,★★★,春,和食,雑穀ご飯・納豆・果物,豚肉と春野菜炒め,さわらの焼き物・ひじき煮,春野菜で血圧対策を支える献立,食物繊維★★★★★ 塩分管理★★★★☆ 野菜★★★★★,旬の野菜を活用しましょう
1105,75,90,高血圧,2100,★★★,夏,和食,玄米ご飯・卵・牛乳,鶏肉グリル・野菜サラダ,あじの焼き物・豆腐,体力維持も考えた減塩献立,たんぱく質★★★★★ 塩分管理★★★★☆ カルシウム★★★★☆,筋肉量維持を意識しましょう
1106,75,90,高血圧,1600,★,秋,和食,ご飯・納豆・味噌汁,鶏ささみ料理,白身魚・野菜煮物,食べやすさ重視の献立,消化性★★★★★ 塩分管理★★★★★ エネルギー★★★☆☆,食欲低下に注意しましょう
1107,75,90,高血圧,1800,★★,冬,和食,雑穀ご飯・卵焼き・ヨーグルト,豚肉と野菜料理,鮭鍋・豆腐,冬の栄養維持と減塩献立,たんぱく質★★★★☆ 野菜★★★★★ 塩分管理★★★★★,温かい料理で食事量を保ちましょう
1108,75,90,高血圧,1900,★★,春,和食,玄米ご飯・納豆・味噌汁,鶏肉と春野菜料理,魚料理・小松菜,血圧管理を意識した春献立,野菜★★★★☆ たんぱく質★★★★★ 塩分管理★★★★☆,味付けを工夫しましょう
1109,75,90,高血圧,2000,★★★,夏,和食,雑穀ご飯・冷奴・果物,豚しゃぶサラダ,鮭料理・野菜料理,夏の健康維持を考えた献立,水分管理★★★★★ 野菜★★★★☆ 塩分管理★★★★★,水分不足を防ぎましょう
1110,75,90,高血圧,2100,★★★,秋,和食,玄米ご飯・納豆・牛乳,鶏肉の照り焼き・野菜サラダ,さんまの焼き物・豆腐,後期高齢者向け血圧管理献立,たんぱく質★★★★★ エネルギー★★★★★ 塩分管理★★★★☆,継続できる食生活を目指しましょう
1111,75,90,高血圧,1700,★,秋,和食,ご飯・納豆・減塩味噌汁・果物,鶏肉と野菜の煮物,鮭の焼き物・豆腐・わかめ料理,血圧管理と食べやすさを考えた献立,塩分管理★★★★★ たんぱく質★★★★☆ 食物繊維★★★★☆,だしを活用して薄味でも満足感を出しましょう
1112,75,90,高血圧,1800,★★,冬,和食,雑穀ご飯・卵焼き・ヨーグルト,豚肉と白菜の煮込み,たらの鍋料理・小松菜,冬の体調維持を意識した減塩献立,塩分管理★★★★★ 野菜★★★★☆ たんぱく質★★★★☆,汁物の塩分量に注意しましょう
1113,75,90,高血圧,1900,★★,春,和食,玄米ご飯・納豆・味噌汁,鶏肉と春野菜の炒め物,さわらの焼き物・ひじき煮,春野菜を活用した血圧対策献立,食物繊維★★★★★ 塩分管理★★★★☆ たんぱく質★★★★☆,野菜から食べる習慣を作りましょう
1114,75,90,高血圧,2000,★★★,夏,和食,ご飯・冷奴・卵・果物,豚しゃぶサラダ,あじの焼き物・野菜煮物,夏の脱水予防も考えた献立,水分管理★★★★★ 野菜★★★★☆ 塩分管理★★★★★,水分不足は血圧にも影響します
1115,75,90,高血圧,2100,★★★,秋,和食,雑穀ご飯・納豆・牛乳,鶏肉グリル・野菜サラダ,さんまの焼き物・豆腐,活動量が多い人向けの栄養維持献立,たんぱく質★★★★★ エネルギー★★★★★ 塩分管理★★★★☆,体重減少がある場合は摂取量を増やしましょう
1116,75,90,高血圧,1600,★,冬,和食,ご飯・卵・減塩味噌汁,鶏ささみ料理・温野菜,白身魚の煮付け・豆腐,少食でも続けやすい献立,消化性★★★★★ 塩分管理★★★★★ エネルギー★★★☆☆,食事回数を増やす方法もあります
1117,75,90,高血圧,1800,★★,春,和食,玄米ご飯・ヨーグルト・納豆,豚しゃぶサラダ,鮭のホイル焼き・野菜料理,血管健康を意識した献立,たんぱく質★★★★☆ 野菜★★★★★ 塩分管理★★★★☆,加工食品を控えましょう
1118,75,90,高血圧,1900,★★,夏,和食,雑穀ご飯・冷奴・味噌汁,鶏肉の蒸し料理・夏野菜,白身魚料理・ひじき煮,夏でも栄養を保つ献立,水分管理★★★★★ 食物繊維★★★★☆ たんぱく質★★★★☆,汗をかく日は水分量を確認しましょう
1119,75,90,高血圧,2000,★★★,秋,和食,玄米ご飯・納豆・卵,豚肉と根菜の煮物,鮭の焼き物・小松菜,秋の食材で整える献立,野菜★★★★★ たんぱく質★★★★☆ 塩分管理★★★★☆,根菜はよく煮て食べやすくしましょう
1120,75,90,高血圧,2100,★★★,冬,和食,ご飯・ヨーグルト・卵焼き,鶏肉と野菜鍋,ぶり大根・豆腐,冬の筋肉維持を考えた献立,たんぱく質★★★★★ エネルギー★★★★☆ 塩分管理★★★★☆,鍋料理は汁を残す工夫をしましょう
1121,75,90,高血圧,1700,★,春,和食,ご飯・納豆・果物,鶏肉料理・野菜スープ,たら料理・豆腐,食欲が低下した人向け献立,消化性★★★★★ たんぱく質★★★★☆ 野菜★★★★☆,食べやすい形に調理しましょう
1122,75,90,高血圧,1800,★★,夏,和食,玄米ご飯・卵・冷奴,豚肉と野菜炒め,鮭の焼き物・海藻料理,野菜量を確保した献立,野菜★★★★★ 食物繊維★★★★★ 塩分管理★★★★☆,海藻類も活用しましょう
1123,75,90,高血圧,1900,★★,秋,和食,雑穀ご飯・納豆・味噌汁,鶏肉ときのこの料理,白身魚・豆腐,秋の血圧管理献立,食物繊維★★★★★ たんぱく質★★★★☆ 塩分管理★★★★☆,きのこ類は低カロリーでおすすめです
1124,75,90,高血圧,2000,★★★,冬,洋食,全粒パン・卵・ヨーグルト,鶏肉のトマト煮,白身魚グリル・野菜スープ,洋食でも減塩を意識した献立,カルシウム★★★★★ 野菜★★★★☆ 塩分管理★★★★☆,ソースを控えると減塩できます
1125,75,90,高血圧,2100,★★★,春,和食,ご飯・納豆・牛乳,豚肉と春野菜炒め,鮭料理・豆腐,体力維持と血圧管理を両立する献立,たんぱく質★★★★★ エネルギー★★★★★ 野菜★★★★☆,筋肉維持には継続的な摂取が重要です
1126,75,90,高血圧,1600,★,夏,和食,ご飯・味噌汁・果物,鶏ささみサラダ,白身魚・豆腐料理,夏の少食対策献立,消化性★★★★★ 水分管理★★★★☆ エネルギー★★★☆☆,無理に量を増やさず栄養を補いましょう
1127,75,90,高血圧,1800,★★,秋,和食,玄米ご飯・卵焼き・納豆,鶏肉と野菜煮物,さんま料理・ひじき煮,秋の栄養バランス献立,たんぱく質★★★★☆ 食物繊維★★★★★ 塩分管理★★★★☆,味付けは素材の味を活かしましょう
1128,75,90,高血圧,1900,★★,冬,和食,雑穀ご飯・ヨーグルト・味噌汁,豚肉と白菜料理,たら鍋・小松菜,冬の健康維持献立,野菜★★★★★ 塩分管理★★★★★ たんぱく質★★★★☆,寒い時期も活動量を保ちましょう
1129,75,90,高血圧,2000,★★★,春,和食,玄米ご飯・納豆・果物,鶏肉と春野菜料理,さわらの焼き物・豆腐,春の血圧管理献立,食物繊維★★★★☆ たんぱく質★★★★★ 塩分管理★★★★☆,食事と運動を組み合わせましょう
1130,75,90,高血圧,2100,★★★,夏,和食,雑穀ご飯・卵・牛乳,鶏肉グリル・野菜サラダ,あじの焼き物・豆腐料理,後期高齢者の体力維持向け献立,エネルギー★★★★★ たんぱく質★★★★★ 塩分管理★★★★☆,健康状態に合わせて量を調整しましょう
1131,75,90,高血圧,1700,★,秋,和食,ご飯・納豆・減塩味噌汁・ヨーグルト,鶏肉と野菜の煮物,鮭の焼き物・豆腐・小松菜,減塩と食べやすさを重視した献立,塩分管理★★★★★ たんぱく質★★★★☆ 消化性★★★★★,薄味でもだしや香りで満足感を出しましょう
1132,75,90,高血圧,1800,★★,冬,和食,雑穀ご飯・卵焼き・果物,豚肉と根菜の煮物,たらの湯豆腐・野菜料理,冬の血圧管理を考えた温かい献立,塩分管理★★★★★ 野菜★★★★☆ たんぱく質★★★★☆,汁物は具材を多くして減塩しましょう
1133,75,90,高血圧,1900,★★,春,和食,玄米ご飯・納豆・ヨーグルト,鶏肉と春野菜の蒸し料理,さわらの焼き物・ひじき煮,春の食材で栄養を補う献立,食物繊維★★★★★ たんぱく質★★★★☆ 塩分管理★★★★☆,野菜量を意識して増やしましょう
1134,75,90,高血圧,2000,★★★,夏,和食,ご飯・冷奴・卵・果物,豚しゃぶサラダ,あじの焼き物・野菜煮物,暑い時期の体力維持献立,水分管理★★★★★ たんぱく質★★★★☆ 塩分管理★★★★★,脱水予防も血圧管理につながります
1135,75,90,高血圧,2100,★★★,秋,和食,雑穀ご飯・納豆・牛乳,鶏肉グリル・野菜サラダ,さんまの焼き物・豆腐,活動的な高齢者向け献立,エネルギー★★★★★ たんぱく質★★★★★ 塩分管理★★★★☆,体重減少がある場合は摂取量を増やしましょう
1136,75,90,高血圧,1600,★,冬,和食,ご飯・卵・減塩味噌汁,鶏ささみ料理・温野菜,白身魚の煮付け・豆腐,食欲低下時でも食べやすい献立,消化性★★★★★ エネルギー★★★☆☆ 塩分管理★★★★★,少量でも栄養価を高めましょう
1137,75,90,高血圧,1800,★★,春,和食,玄米ご飯・納豆・果物,豚しゃぶ野菜サラダ,鮭のホイル焼き・小松菜,血管健康を意識した献立,野菜★★★★★ たんぱく質★★★★☆ 塩分管理★★★★☆,野菜や海藻を取り入れましょう
1138,75,90,高血圧,1900,★★,夏,和食,雑穀ご飯・冷奴・ヨーグルト,鶏肉の蒸し料理,白身魚・ひじき煮,夏の栄養不足予防献立,水分管理★★★★★ 食物繊維★★★★☆ たんぱく質★★★★☆,食欲がない時も欠食を避けましょう
1139,75,90,高血圧,2000,★★★,秋,和食,玄米ご飯・卵焼き・納豆,鶏肉ときのこの煮物,鮭の焼き物・豆腐,秋食材を使った減塩献立,食物繊維★★★★★ 塩分管理★★★★☆ たんぱく質★★★★☆,きのこ類を活用しましょう
1140,75,90,高血圧,2100,★★★,冬,和食,ご飯・ヨーグルト・卵,豚肉と白菜の鍋料理,ぶり大根・野菜料理,冬の筋力維持を考えた献立,たんぱく質★★★★★ エネルギー★★★★☆ 塩分管理★★★★☆,鍋の汁は飲みすぎないようにしましょう
1141,75,90,高血圧,1700,★,春,和食,ご飯・納豆・味噌汁・果物,鶏肉料理・野菜スープ,たら料理・豆腐,少食向けの減塩献立,消化性★★★★★ 塩分管理★★★★★ たんぱく質★★★★☆,食べやすい調理方法を選びましょう
1142,75,90,高血圧,1800,★★,夏,和食,玄米ご飯・卵・冷奴,豚肉と野菜炒め,鮭の焼き物・海藻料理,野菜を多く摂れる献立,野菜★★★★★ 食物繊維★★★★★ 塩分管理★★★★☆,加工食品の使用を減らしましょう
1143,75,90,高血圧,1900,★★,秋,和食,雑穀ご飯・納豆・ヨーグルト,鶏肉と根菜料理,白身魚の焼き物・豆腐,血圧安定を支える献立,たんぱく質★★★★☆ 野菜★★★★★ 塩分管理★★★★☆,食物繊維を毎食意識しましょう
1144,75,90,高血圧,2000,★★★,冬,洋食,全粒パン・卵・牛乳,鶏肉のトマト煮,白身魚グリル・野菜スープ,洋食でも減塩を考えた献立,カルシウム★★★★★ 野菜★★★★☆ 塩分管理★★★★☆,調味料を後から追加しないようにしましょう
1145,75,90,高血圧,2100,★★★,春,和食,ご飯・納豆・ヨーグルト,豚肉と春野菜炒め,鮭料理・豆腐,体力維持と血圧管理を両立する献立,たんぱく質★★★★★ エネルギー★★★★★ 野菜★★★★☆,筋肉維持のため毎食たんぱく質を摂りましょう
1146,75,90,高血圧,1600,★,夏,和食,ご飯・果物・減塩味噌汁,鶏ささみサラダ,白身魚・豆腐料理,夏の少食対策献立,消化性★★★★★ 水分管理★★★★☆ エネルギー★★★☆☆,食事量が減った時は補食も検討しましょう
1147,75,90,高血圧,1800,★★,秋,和食,玄米ご飯・卵焼き・納豆,鶏肉と野菜の煮物,さんま料理・ひじき煮,秋の栄養補給献立,食物繊維★★★★★ たんぱく質★★★★☆ 塩分管理★★★★☆,素材の味を活かしましょう
1148,75,90,高血圧,1900,★★,冬,和食,雑穀ご飯・ヨーグルト・味噌汁,豚肉と白菜料理,たら鍋・小松菜,冬でも続けやすい献立,野菜★★★★★ 塩分管理★★★★★ たんぱく質★★★★☆,寒い時期も食事量を維持しましょう
1149,75,90,高血圧,2000,★★★,春,和食,玄米ご飯・納豆・果物,鶏肉と春野菜料理,さわらの焼き物・豆腐,春の健康維持献立,たんぱく質★★★★★ 食物繊維★★★★☆ 塩分管理★★★★☆,運動習慣も合わせて続けましょう
1150,75,90,高血圧,2100,★★★,夏,和食,雑穀ご飯・卵・牛乳,鶏肉グリル・野菜サラダ,あじの焼き物・豆腐料理,後期高齢者の体力維持向け献立,エネルギー★★★★★ たんぱく質★★★★★ 塩分管理★★★★☆,健康状態に合わせて量を調整しましょう
1151,75,90,糖尿病,1700,★,春,和食,玄米ご飯・納豆・卵焼き・味噌汁,鶏むね肉の蒸し料理・野菜サラダ,鮭の焼き物・豆腐・ひじき煮,血糖管理と筋肉維持を考えた献立,血糖管理★★★★★ たんぱく質★★★★☆ 食物繊維★★★★★,野菜から食べる習慣をつけましょう
1152,75,90,糖尿病,1800,★★,夏,和食,雑穀ご飯・冷奴・ヨーグルト,豚しゃぶサラダ・ご飯,あじの焼き物・野菜煮物,夏の血糖安定を意識した献立,血糖管理★★★★★ 野菜★★★★☆ たんぱく質★★★★☆,甘い飲料を控えましょう
1153,75,90,糖尿病,1900,★★,秋,和食,玄米ご飯・納豆・味噌汁,鶏肉ときのこの煮物,さんまの焼き物・ひじき煮・豆腐,食物繊維を活用した血糖対策献立,食物繊維★★★★★ 血糖管理★★★★☆ たんぱく質★★★★☆,主食量を一定にしましょう
1154,75,90,糖尿病,2000,★★★,冬,和食,雑穀ご飯・卵・ヨーグルト,豚肉と白菜の煮物,たら鍋・野菜料理,温かく食べやすい糖尿病対応献立,血糖管理★★★★☆ 野菜★★★★★ エネルギー★★★★☆,欠食による血糖変動に注意しましょう
1155,75,90,糖尿病,2100,★★★,通年,和食,玄米ご飯・納豆・牛乳,鶏肉グリル・野菜サラダ,鮭のホイル焼き・豆腐,低栄養予防も考えた高齢者向け献立,たんぱく質★★★★★ エネルギー★★★★★ 血糖管理★★★★☆,食事量を減らしすぎないようにしましょう
1156,75,90,糖尿病,1600,★,春,和食,ご飯・卵・果物・味噌汁,鶏ささみ料理・温野菜,白身魚・豆腐料理,少食でも栄養を確保する献立,消化性★★★★★ 血糖管理★★★★★ エネルギー★★★☆☆,少量でも栄養価を高めましょう
1157,75,90,糖尿病,1800,★★,夏,和食,雑穀ご飯・納豆・冷奴,豚肉と野菜炒め,鮭の焼き物・海藻料理,食物繊維を増やした献立,野菜★★★★★ 血糖管理★★★★☆ たんぱく質★★★★☆,海藻やきのこを活用しましょう
1158,75,90,糖尿病,1900,★★,秋,和食,玄米ご飯・ヨーグルト・卵,鶏肉と根菜の煮物,白身魚・豆腐,秋食材で血糖安定を支える献立,食物繊維★★★★★ たんぱく質★★★★☆ 血糖管理★★★★☆,ゆっくり食べることを意識しましょう
1159,75,90,糖尿病,2000,★★★,冬,和食,ご飯・納豆・味噌汁,豚しゃぶサラダ,ぶり大根・小松菜,冬の栄養維持を考えた献立,たんぱく質★★★★☆ 野菜★★★★★ 血糖管理★★★★☆,脂質の摂りすぎにも注意しましょう
1160,75,90,糖尿病,2100,★★★,春,洋食,全粒パン・卵・ヨーグルト,鶏肉のトマト煮・サラダ,白身魚グリル・野菜スープ,洋風でも血糖管理を考えた献立,野菜★★★★☆ カルシウム★★★★★ 血糖管理★★★★☆,パンの量を調整しましょう
1161,75,90,糖尿病,1700,★,夏,和食,ご飯・納豆・味噌汁・果物,鶏肉の蒸し料理・夏野菜,豆腐料理・魚料理,夏の血糖変動を抑える献立,血糖管理★★★★★ 水分管理★★★★☆ たんぱく質★★★★☆,果物量にも注意しましょう
1162,75,90,糖尿病,1800,★★,秋,和食,玄米ご飯・卵焼き・納豆,豚しゃぶサラダ,鮭の焼き物・ひじき煮,秋の食物繊維豊富な献立,食物繊維★★★★★ 野菜★★★★☆ 血糖管理★★★★☆,野菜を先に食べましょう
1163,75,90,糖尿病,1900,★★,冬,和食,雑穀ご飯・ヨーグルト・味噌汁,鶏肉と白菜料理,たら鍋・豆腐,冬の低栄養予防献立,たんぱく質★★★★★ 血糖管理★★★★☆ 消化性★★★★☆,寒い時期も食事回数を維持しましょう
1164,75,90,糖尿病,2000,★★★,春,和食,玄米ご飯・納豆・果物,鶏肉と春野菜料理,さわらの焼き物・ひじき煮,春の血糖管理献立,食物繊維★★★★★ 血糖管理★★★★★ たんぱく質★★★★☆,野菜量を確保しましょう
1165,75,90,糖尿病,2100,★★★,夏,和食,雑穀ご飯・卵・牛乳,鶏肉グリル・野菜サラダ,あじの焼き物・豆腐,活動量が多い人向け献立,エネルギー★★★★★ たんぱく質★★★★★ 血糖管理★★★★☆,活動量に合わせて調整しましょう
1166,75,90,糖尿病,1600,★,秋,和食,ご飯・納豆・味噌汁,鶏ささみ料理,白身魚・野菜煮物,食欲低下時向け糖尿病献立,消化性★★★★★ エネルギー★★★☆☆ 血糖管理★★★★★,食事量不足に注意しましょう
1167,75,90,糖尿病,1800,★★,冬,和食,玄米ご飯・卵・ヨーグルト,豚肉と野菜料理,鮭鍋・豆腐,冬の血糖管理と栄養維持献立,たんぱく質★★★★☆ 野菜★★★★★ 血糖管理★★★★☆,汁物の量にも注意しましょう
1168,75,90,糖尿病,1900,★★,春,和食,雑穀ご飯・納豆・味噌汁,鶏肉と春野菜料理,魚料理・小松菜,春の健康維持献立,食物繊維★★★★☆ たんぱく質★★★★★ 血糖管理★★★★☆,毎日同じ時間に食べましょう
1169,75,90,糖尿病,2000,★★★,夏,和食,玄米ご飯・冷奴・果物,豚しゃぶサラダ,鮭料理・野菜料理,夏の血糖安定を考えた献立,水分管理★★★★★ 野菜★★★★☆ 血糖管理★★★★☆,脱水による血糖上昇に注意しましょう
1170,75,90,糖尿病,2100,★★★,秋,和食,雑穀ご飯・納豆・牛乳,鶏肉の照り焼き・野菜サラダ,さんまの焼き物・豆腐,後期高齢者の筋肉維持向け献立,たんぱく質★★★★★ エネルギー★★★★★ 血糖管理★★★★☆,継続できる食習慣を優先しましょう
1171,75,90,糖尿病,1700,★,冬,和食,玄米ご飯・納豆・卵焼き・減塩味噌汁,鶏むね肉の煮物・野菜サラダ,鮭の焼き物・豆腐・わかめ料理,血糖安定と低栄養予防を考えた献立,血糖管理★★★★★ たんぱく質★★★★☆ 食物繊維★★★★★,食事を抜かず規則正しく食べましょう
1172,75,90,糖尿病,1800,★★,春,和食,雑穀ご飯・ヨーグルト・納豆,豚しゃぶサラダ・ご飯,さわらの焼き物・ひじき煮,春野菜で食物繊維を補う献立,野菜★★★★★ 血糖管理★★★★☆ たんぱく質★★★★☆,野菜量を意識しましょう
1173,75,90,糖尿病,1900,★★,夏,和食,ご飯・冷奴・卵・果物,鶏肉の蒸し料理・夏野菜,あじの焼き物・豆腐料理,夏の血糖変動を抑える献立,水分管理★★★★★ 血糖管理★★★★☆ たんぱく質★★★★☆,水分不足に注意しましょう
1174,75,90,糖尿病,2000,★★★,秋,和食,玄米ご飯・納豆・味噌汁,鶏肉ときのこの煮物,さんまの焼き物・小松菜,秋食材を使った血糖管理献立,食物繊維★★★★★ たんぱく質★★★★☆ 血糖管理★★★★☆,きのこや海藻を活用しましょう
1175,75,90,糖尿病,2100,★★★,冬,和食,ご飯・卵・牛乳,豚肉と白菜の煮物,たら鍋・豆腐,活動量のある高齢者向け献立,エネルギー★★★★★ たんぱく質★★★★★ 血糖管理★★★★☆,エネルギー不足に注意しましょう
1176,75,90,糖尿病,1600,★,春,和食,ご飯・納豆・味噌汁・果物,鶏ささみ料理・温野菜,白身魚・豆腐料理,少食向けの糖尿病対応献立,消化性★★★★★ 血糖管理★★★★★ エネルギー★★★☆☆,体重減少があれば相談しましょう
1177,75,90,糖尿病,1800,★★,夏,和食,玄米ご飯・卵焼き・冷奴,豚肉と野菜炒め,鮭のホイル焼き・ひじき煮,血糖管理と食事の満足感を両立した献立,たんぱく質★★★★☆ 野菜★★★★★ 血糖管理★★★★☆,よく噛んで食べましょう
1178,75,90,糖尿病,1900,★★,秋,和食,雑穀ご飯・ヨーグルト・納豆,鶏肉と根菜の煮物,白身魚・豆腐,秋の栄養維持献立,食物繊維★★★★★ たんぱく質★★★★☆ 血糖管理★★★★☆,根菜は食べすぎに注意しましょう
1179,75,90,糖尿病,2000,★★★,冬,和食,玄米ご飯・卵・味噌汁,豚しゃぶサラダ,鮭鍋・野菜料理,冬の血糖安定を考えた献立,野菜★★★★☆ たんぱく質★★★★★ 血糖管理★★★★☆,汁物の塩分にも注意しましょう
1180,75,90,糖尿病,2100,★★★,春,洋食,全粒パン・卵・ヨーグルト,鶏肉トマト煮・サラダ,白身魚グリル・野菜スープ,食事の楽しさも考えた献立,カルシウム★★★★★ 野菜★★★★☆ 血糖管理★★★★☆,パン量を調整しましょう
1181,75,90,糖尿病,1700,★,夏,和食,ご飯・納豆・味噌汁・果物,鶏肉料理・夏野菜サラダ,豆腐・魚料理,夏の血糖変動予防献立,血糖管理★★★★★ 水分管理★★★★☆ たんぱく質★★★★☆,果物は適量にしましょう
1182,75,90,糖尿病,1800,★★,秋,和食,玄米ご飯・卵焼き・納豆,豚しゃぶサラダ,鮭の焼き物・ひじき煮,食物繊維を意識した献立,食物繊維★★★★★ 野菜★★★★☆ 血糖管理★★★★☆,食物繊維を毎食取りましょう
1183,75,90,糖尿病,1900,★★,冬,和食,雑穀ご飯・ヨーグルト・味噌汁,鶏肉と白菜料理,たら料理・豆腐,温かく食べやすい献立,消化性★★★★★ たんぱく質★★★★☆ 血糖管理★★★★☆,食事量を維持しましょう
1184,75,90,糖尿病,2000,★★★,春,和食,玄米ご飯・納豆・果物,鶏肉と春野菜料理,さわらの焼き物・野菜料理,春の血糖管理献立,野菜★★★★★ 食物繊維★★★★☆ 血糖管理★★★★★,主食量を一定にしましょう
1185,75,90,糖尿病,2100,★★★,夏,和食,雑穀ご飯・卵・牛乳,鶏肉グリル・野菜サラダ,あじの焼き物・豆腐,体力維持を重視した献立,たんぱく質★★★★★ エネルギー★★★★★ 血糖管理★★★★☆,筋肉維持を意識しましょう
1186,75,90,糖尿病,1600,★,秋,和食,ご飯・納豆・味噌汁,鶏ささみ料理,白身魚・野菜煮物,食欲低下時でも食べやすい献立,消化性★★★★★ エネルギー★★★☆☆ 血糖管理★★★★★,間食で補う方法もあります
1187,75,90,糖尿病,1800,★★,冬,和食,玄米ご飯・卵・ヨーグルト,豚肉と野菜料理,鮭鍋・豆腐,冬の栄養維持献立,たんぱく質★★★★☆ 野菜★★★★★ 血糖管理★★★★☆,温かい食事で食欲を保ちましょう
1188,75,90,糖尿病,1900,★★,春,和食,雑穀ご飯・納豆・味噌汁,鶏肉と春野菜料理,魚料理・小松菜,春の健康維持献立,たんぱく質★★★★★ 食物繊維★★★★☆ 血糖管理★★★★☆,毎日同じ時間帯の食事を心がけましょう
1189,75,90,糖尿病,2000,★★★,夏,和食,玄米ご飯・冷奴・果物,豚しゃぶサラダ,鮭料理・野菜料理,夏の血糖管理献立,水分管理★★★★★ 野菜★★★★☆ 血糖管理★★★★☆,脱水による血糖上昇に注意しましょう
1190,75,90,糖尿病,2100,★★★,秋,和食,雑穀ご飯・納豆・牛乳,鶏肉の照り焼き・野菜サラダ,さんまの焼き物・豆腐,健康寿命を意識した献立,たんぱく質★★★★★ エネルギー★★★★★ 血糖管理★★★★☆,無理なく継続できる食事を選びましょう
1191,75,90,糖尿病,1700,★,冬,和食,玄米ご飯・納豆・卵焼き・減塩味噌汁,鶏肉と野菜の煮物,鮭の焼き物・豆腐・海藻料理,血糖管理と低栄養予防を両立した献立,血糖管理★★★★★ たんぱく質★★★★☆ 食物繊維★★★★★,食事量を減らしすぎないようにしましょう
1192,75,90,糖尿病,1800,★★,春,和食,雑穀ご飯・ヨーグルト・納豆,豚しゃぶサラダ・ご飯,白身魚の焼き物・ひじき煮,春野菜を活用した血糖安定献立,野菜★★★★★ 血糖管理★★★★☆ たんぱく質★★★★☆,野菜と一緒に主食を摂りましょう
1193,75,90,糖尿病,1900,★★,夏,和食,ご飯・冷奴・卵・果物,鶏肉の蒸し料理・夏野菜,あじの焼き物・豆腐料理,暑い季節の栄養維持献立,水分管理★★★★★ 血糖管理★★★★☆ たんぱく質★★★★☆,水分補給を忘れないようにしましょう
1194,75,90,糖尿病,2000,★★★,秋,和食,玄米ご飯・納豆・味噌汁,鶏肉ときのこの煮物,さんまの焼き物・小松菜,食物繊維豊富な秋の献立,食物繊維★★★★★ 血糖管理★★★★☆ 野菜★★★★☆,きのこ類を積極的に使いましょう
1195,75,90,糖尿病,2100,★★★,冬,和食,雑穀ご飯・卵・牛乳,豚肉と白菜の料理,たら鍋・豆腐,活動量が高い高齢者向け献立,エネルギー★★★★★ たんぱく質★★★★★ 血糖管理★★★★☆,筋肉量維持を意識しましょう
1196,75,90,糖尿病,1600,★,春,和食,ご飯・納豆・味噌汁・果物,鶏ささみ料理・温野菜,白身魚・豆腐,食欲低下時向け献立,消化性★★★★★ 血糖管理★★★★★ エネルギー★★★☆☆,少量でも栄養価を高めましょう
1197,75,90,糖尿病,1800,★★,夏,和食,玄米ご飯・卵焼き・冷奴,豚肉と野菜炒め,鮭の焼き物・ひじき煮,野菜量を確保した献立,食物繊維★★★★★ たんぱく質★★★★☆ 血糖管理★★★★☆,食物繊維を毎食取り入れましょう
1198,75,90,糖尿病,1900,★★,秋,和食,雑穀ご飯・納豆・ヨーグルト,鶏肉と根菜煮物,白身魚・豆腐料理,秋の血糖管理献立,野菜★★★★★ 血糖管理★★★★☆ たんぱく質★★★★☆,よく噛んで食べましょう
1199,75,90,糖尿病,2000,★★★,冬,和食,玄米ご飯・卵・味噌汁,豚しゃぶサラダ,鮭鍋・野菜料理,冬の栄養維持献立,たんぱく質★★★★★ 野菜★★★★☆ 血糖管理★★★★☆,鍋料理は具材中心に食べましょう
1200,75,90,糖尿病,2100,★★★,春,洋食,全粒パン・卵・ヨーグルト,鶏肉トマト煮・サラダ,白身魚グリル・野菜スープ,食事の楽しみも考慮した献立,カルシウム★★★★★ 野菜★★★★☆ 血糖管理★★★★☆,加工食品の糖分に注意しましょう
1201,75,90,糖尿病,1700,★,夏,和食,ご飯・納豆・味噌汁・果物,鶏肉料理・夏野菜サラダ,豆腐・魚料理,夏の血糖安定を意識した献立,血糖管理★★★★★ 水分管理★★★★☆ たんぱく質★★★★☆,甘い飲料を避けましょう
1202,75,90,糖尿病,1800,★★,秋,和食,玄米ご飯・卵焼き・納豆,豚しゃぶサラダ,鮭の焼き物・ひじき煮,食物繊維を重視した献立,食物繊維★★★★★ 野菜★★★★☆ 血糖管理★★★★☆,野菜量を維持しましょう
1203,75,90,糖尿病,1900,★★,冬,和食,雑穀ご飯・ヨーグルト・味噌汁,鶏肉と白菜料理,たら料理・豆腐,冬でも食べやすい糖尿病献立,消化性★★★★★ たんぱく質★★★★☆ 血糖管理★★★★☆,温かい料理を活用しましょう
1204,75,90,糖尿病,2000,★★★,春,和食,玄米ご飯・納豆・果物,鶏肉と春野菜料理,さわらの焼き物・野菜料理,春の血糖管理献立,食物繊維★★★★★ 血糖管理★★★★★ たんぱく質★★★★☆,食事時間を安定させましょう
1205,75,90,糖尿病,2100,★★★,夏,和食,雑穀ご飯・卵・牛乳,鶏肉グリル・野菜サラダ,あじの焼き物・豆腐,体力維持を優先した献立,たんぱく質★★★★★ エネルギー★★★★★ 血糖管理★★★★☆,運動量に合わせて調整しましょう
1206,75,90,糖尿病,1600,★,秋,和食,ご飯・納豆・味噌汁,鶏ささみ料理,白身魚・野菜煮物,食べやすさ重視の献立,消化性★★★★★ エネルギー★★★☆☆ 血糖管理★★★★★,食欲低下を放置しないようにしましょう
1207,75,90,糖尿病,1800,★★,冬,和食,玄米ご飯・卵・ヨーグルト,豚肉と野菜料理,鮭鍋・豆腐,冬の筋力維持献立,たんぱく質★★★★☆ 野菜★★★★★ 血糖管理★★★★☆,筋肉維持を意識しましょう
1208,75,90,糖尿病,1900,★★,春,和食,雑穀ご飯・納豆・味噌汁,鶏肉と春野菜料理,魚料理・小松菜,春の健康維持献立,たんぱく質★★★★★ 食物繊維★★★★☆ 血糖管理★★★★☆,毎日継続できる内容を選びましょう
1209,75,90,糖尿病,2000,★★★,夏,和食,玄米ご飯・冷奴・果物,豚しゃぶサラダ,鮭料理・野菜料理,夏の血糖管理献立,水分管理★★★★★ 野菜★★★★☆ 血糖管理★★★★☆,脱水による血糖変化に注意しましょう
1210,75,90,糖尿病,2100,★★★,秋,和食,雑穀ご飯・納豆・牛乳,鶏肉の照り焼き・野菜サラダ,さんまの焼き物・豆腐,後期高齢者の健康維持献立,たんぱく質★★★★★ エネルギー★★★★★ 血糖管理★★★★☆,主治医の指示も確認しましょう
1211,75,90,腎臓病,1700,★,春,和食,ご飯・卵焼き・減塩味噌汁・果物,鶏肉の野菜煮物,白身魚の焼き物・豆腐,腎臓への負担を抑えながら栄養を確保する献立,塩分管理★★★★★ エネルギー★★★★☆ たんぱく質★★★★☆,医師からの制限量がある場合は優先しましょう
1212,75,90,腎臓病,1800,★★,夏,和食,白ご飯・卵・ヨーグルト,鶏むね肉料理・野菜サラダ,たらの蒸し料理・野菜煮物,夏の栄養不足を防ぐ腎臓配慮献立,エネルギー★★★★★ 塩分管理★★★★☆ たんぱく質★★★☆☆,水分量は体調に合わせましょう
1213,75,90,腎臓病,1900,★★,秋,和食,ご飯・納豆少量・卵焼き,豚肉と野菜の炒め物,白身魚・ひじき料理,食事量を確保した腎臓配慮献立,エネルギー★★★★☆ 野菜★★★★☆ 塩分管理★★★★★,栄養不足にならないよう注意しましょう
1214,75,90,腎臓病,2000,★★★,冬,和食,ご飯・卵料理・減塩味噌汁,鶏肉と白菜の煮物,鮭の焼き物・野菜料理,低栄養予防を考えた献立,エネルギー★★★★★ 塩分管理★★★★☆ 消化性★★★★☆,食事量低下が続く場合は相談しましょう
1215,75,90,腎臓病,1600,★,春,和食,ご飯・卵・果物,鶏ささみ料理・温野菜,白身魚料理・豆腐,食欲低下時でも食べやすい献立,消化性★★★★★ エネルギー★★★☆☆ 塩分管理★★★★★,少量でもエネルギーを確保しましょう
1216,75,90,腎臓病,1700,★★,夏,和食,ご飯・卵焼き・果物,豚肉料理・野菜炒め,たら料理・豆腐,夏場の体力維持を考えた献立,水分管理★★★★☆ エネルギー★★★★☆ 塩分管理★★★★★,脱水に注意しましょう
1217,75,90,腎臓病,1800,★★,秋,和食,白ご飯・ヨーグルト・卵,鶏肉と根菜料理,白身魚の焼き物,腎臓負担を考えたバランス献立,塩分管理★★★★★ たんぱく質★★★☆☆ エネルギー★★★★☆,たんぱく質量は状態に合わせましょう
1218,75,90,腎臓病,1900,★★★,冬,和食,ご飯・卵料理・減塩味噌汁,豚肉と野菜煮物,魚料理・野菜料理,冬の低栄養予防献立,エネルギー★★★★★ 塩分管理★★★★☆ 野菜★★★★☆,食欲維持を優先しましょう
1219,75,90,腎臓病,2000,★★★,春,和食,ご飯・卵・果物,鶏肉の蒸し料理,白身魚・野菜料理,活動量がある人向け献立,エネルギー★★★★★ 消化性★★★★☆ 塩分管理★★★★☆,体重減少に注意しましょう
1220,75,90,腎臓病,1700,★,夏,和食,白ご飯・卵焼き・減塩味噌汁,鶏肉サラダ,たらの煮付け・野菜料理,食べやすさ重視の献立,消化性★★★★★ 塩分管理★★★★★ エネルギー★★★☆☆,無理な食事制限は避けましょう
1221,75,90,腎臓病,1800,★★,秋,和食,ご飯・ヨーグルト・卵,豚しゃぶ野菜料理,白身魚・豆腐,栄養維持を考えた腎臓配慮献立,エネルギー★★★★☆ 野菜★★★★★ 塩分管理★★★★☆,野菜量は状態に合わせて調整しましょう
1222,75,90,腎臓病,1900,★★,冬,和食,白ご飯・卵・果物,鶏肉と白菜料理,鮭の焼き物・野菜煮物,冬でも食べやすい献立,塩分管理★★★★★ エネルギー★★★★☆ たんぱく質★★★☆☆,味付けを薄く工夫しましょう
1223,75,90,腎臓病,2000,★★★,春,和食,ご飯・卵焼き・減塩味噌汁,豚肉と野菜炒め,白身魚料理・豆腐,エネルギー確保を意識した献立,エネルギー★★★★★ 野菜★★★★☆ 塩分管理★★★★☆,食事量を維持しましょう
1224,75,90,腎臓病,1600,★,夏,和食,ご飯・果物・卵,鶏ささみ料理,白身魚・温野菜,少食向け腎臓配慮献立,消化性★★★★★ エネルギー★★★☆☆ 塩分管理★★★★★,補食も選択肢になります
1225,75,90,腎臓病,1700,★★,秋,和食,白ご飯・卵・ヨーグルト,鶏肉料理・野菜サラダ,たら料理・豆腐,栄養バランスを整えた献立,塩分管理★★★★★ エネルギー★★★★☆ たんぱく質★★★☆☆,食事内容は個別調整しましょう
1226,75,90,腎臓病,1800,★★,冬,和食,ご飯・卵焼き・減塩味噌汁,豚肉と白菜煮,白身魚料理,冬の健康維持献立,エネルギー★★★★☆ 塩分管理★★★★★ 野菜★★★★☆,温かい料理を取り入れましょう
1227,75,90,腎臓病,1900,★★★,春,和食,ご飯・卵・果物,鶏肉と春野菜料理,魚料理・野菜料理,春の体力維持献立,エネルギー★★★★★ 消化性★★★★☆ 塩分管理★★★★☆,活動量に合わせて調整しましょう
1228,75,90,腎臓病,2000,★★★,夏,和食,白ご飯・卵・ヨーグルト,豚肉料理・野菜料理,白身魚料理,夏の栄養不足予防献立,エネルギー★★★★★ 塩分管理★★★★☆ 野菜★★★★☆,食欲低下に注意しましょう
1229,75,90,腎臓病,1700,★,秋,和食,ご飯・卵焼き・減塩味噌汁,鶏肉煮物,魚料理・豆腐,腎臓負担を抑える献立,塩分管理★★★★★ 消化性★★★★★ エネルギー★★★☆☆,体調変化を確認しましょう
1230,75,90,腎臓病,1800,★★,冬,和食,白ご飯・卵・果物,鶏肉料理・野菜煮物,たら料理・野菜料理,後期高齢者向け腎臓配慮献立,エネルギー★★★★☆ 塩分管理★★★★★ たんぱく質★★★☆☆,専門家の指示に合わせて調整しましょう
1231,75,90,腎臓病,1900,★★,春,和食,ご飯・卵焼き・減塩味噌汁・果物,鶏肉と野菜の煮物,白身魚の蒸し料理・豆腐,栄養不足を防ぎながら腎臓へ配慮した献立,エネルギー★★★★★ 塩分管理★★★★★ たんぱく質★★★☆☆,食事制限より栄養維持も大切です
1232,75,90,腎臓病,2000,★★★,夏,和食,白ご飯・卵・ヨーグルト,豚肉と野菜炒め,たらの焼き物・野菜料理,活動量がある高齢者向け献立,エネルギー★★★★★ 野菜★★★★☆ 塩分管理★★★★☆,体重減少がないか確認しましょう
1233,75,90,腎臓病,1700,★,秋,和食,ご飯・卵・果物,鶏ささみ料理・温野菜,白身魚・豆腐,少食でも食べやすい献立,消化性★★★★★ 塩分管理★★★★★ エネルギー★★★☆☆,食欲低下時は相談しましょう
1234,75,90,腎臓病,1800,★★,冬,和食,ご飯・卵焼き・減塩味噌汁,豚肉と白菜の煮物,鮭料理・野菜料理,冬の体力維持を考えた献立,エネルギー★★★★☆ 塩分管理★★★★★ 野菜★★★★☆,温かい料理で食欲を保ちましょう
1235,75,90,腎臓病,1900,★★,春,和食,白ご飯・ヨーグルト・卵,鶏肉料理・野菜サラダ,白身魚の焼き物,腎臓配慮と栄養確保を両立した献立,塩分管理★★★★★ エネルギー★★★★☆ たんぱく質★★★☆☆,必要な栄養量は個人差があります
1236,75,90,腎臓病,2000,★★★,夏,和食,ご飯・卵・果物,豚しゃぶ野菜料理,たら料理・豆腐,夏の低栄養予防献立,エネルギー★★★★★ 水分管理★★★★☆ 塩分管理★★★★☆,水分制限がある場合は指示を守りましょう
1237,75,90,腎臓病,1600,★,秋,和食,ご飯・卵焼き・味噌汁,鶏肉料理,白身魚・野菜煮物,食べる量が少ない人向け献立,消化性★★★★★ エネルギー★★★☆☆ 塩分管理★★★★★,少量でも栄養を確保しましょう
1238,75,90,腎臓病,1700,★★,冬,和食,白ご飯・ヨーグルト・卵,鶏肉と野菜料理,たら鍋・野菜料理,冬の健康維持献立,塩分管理★★★★★ 野菜★★★★☆ エネルギー★★★★☆,汁物の量に注意しましょう
1239,75,90,腎臓病,1800,★★,春,和食,ご飯・卵・果物,豚肉料理・温野菜,白身魚料理・豆腐,春の栄養補給献立,エネルギー★★★★☆ 野菜★★★★★ 塩分管理★★★★☆,旬の野菜を活用しましょう
1240,75,90,腎臓病,1900,★★★,夏,和食,白ご飯・卵焼き・減塩味噌汁,鶏肉の蒸し料理,魚料理・野菜料理,夏の体力維持を考えた献立,エネルギー★★★★★ 塩分管理★★★★★ 消化性★★★★☆,食欲が落ちる時期に注意しましょう
1241,75,90,腎臓病,2000,★★★,秋,和食,ご飯・卵・ヨーグルト,豚肉と野菜煮物,白身魚の焼き物,秋の栄養維持献立,エネルギー★★★★★ 野菜★★★★☆ 塩分管理★★★★☆,無理な制限は避けましょう
1242,75,90,腎臓病,1700,★,冬,和食,ご飯・卵・果物,鶏ささみ料理,たら料理・豆腐,消化しやすさ重視の献立,消化性★★★★★ 塩分管理★★★★★ エネルギー★★★☆☆,食べやすい形に調理しましょう
1243,75,90,腎臓病,1800,★★,春,和食,白ご飯・卵焼き・減塩味噌汁,鶏肉と野菜煮物,魚料理・野菜料理,腎臓への負担を考えた献立,塩分管理★★★★★ エネルギー★★★★☆ 野菜★★★★☆,味付けを工夫しましょう
1244,75,90,腎臓病,1900,★★,夏,和食,ご飯・ヨーグルト・卵,豚肉と野菜炒め,白身魚料理,夏の栄養不足予防献立,エネルギー★★★★☆ 塩分管理★★★★☆ たんぱく質★★★☆☆,食事量を維持しましょう
1245,75,90,腎臓病,2000,★★★,秋,和食,白ご飯・卵・果物,鶏肉料理・野菜サラダ,鮭料理・豆腐,活動量維持を考えた献立,エネルギー★★★★★ 野菜★★★★☆ 塩分管理★★★★☆,体力低下に注意しましょう
1246,75,90,腎臓病,1600,★,冬,和食,ご飯・卵焼き・減塩味噌汁,鶏肉料理,白身魚・温野菜,少食向け腎臓配慮献立,消化性★★★★★ エネルギー★★★☆☆ 塩分管理★★★★★,補食も活用できます
1247,75,90,腎臓病,1700,★★,春,和食,白ご飯・ヨーグルト・卵,豚肉料理・野菜料理,たら料理・豆腐,春の健康維持献立,塩分管理★★★★★ 野菜★★★★☆ エネルギー★★★★☆,定期的に体重を確認しましょう
1248,75,90,腎臓病,1800,★★,夏,和食,ご飯・卵・果物,鶏肉料理・夏野菜,白身魚料理,夏場の栄養維持献立,水分管理★★★★☆ エネルギー★★★★☆ 塩分管理★★★★★,脱水に注意しましょう
1249,75,90,腎臓病,1900,★★★,秋,和食,白ご飯・卵焼き・味噌汁,豚肉と根菜料理,魚料理・野菜料理,秋のバランス献立,エネルギー★★★★★ 野菜★★★★★ 塩分管理★★★★☆,食事を楽しむことも大切です
1250,75,90,腎臓病,2000,★★★,冬,和食,ご飯・卵・ヨーグルト,鶏肉と白菜料理,白身魚・野菜料理,後期高齢者向け腎臓配慮献立,エネルギー★★★★★ 塩分管理★★★★★ たんぱく質★★★☆☆,主治医や管理栄養士の指示を優先しましょう
1251,75,90,脂質異常症,1700,★,春,和食,玄米ご飯・納豆・卵焼き・味噌汁,鶏むね肉の蒸し料理・野菜サラダ,鮭の焼き物・豆腐・海藻料理,脂質管理と筋肉維持を考えた献立,脂質管理★★★★★ たんぱく質★★★★☆ 食物繊維★★★★★,魚や大豆製品を積極的に取り入れましょう
1252,75,90,脂質異常症,1800,★★,夏,和食,雑穀ご飯・冷奴・ヨーグルト,豚しゃぶサラダ・ご飯,あじの焼き物・野菜煮物,脂質バランスを整えた夏献立,野菜★★★★★ 脂質管理★★★★☆ たんぱく質★★★★☆,揚げ物の頻度を減らしましょう
1253,75,90,脂質異常症,1900,★★,秋,和食,玄米ご飯・納豆・味噌汁,鶏肉ときのこの煮物,さんまの焼き物・ひじき煮,食物繊維豊富な脂質対策献立,食物繊維★★★★★ 脂質管理★★★★☆ たんぱく質★★★★☆,きのこや海藻を活用しましょう
1254,75,90,脂質異常症,2000,★★★,冬,和食,ご飯・卵・ヨーグルト,豚肉と白菜の煮物,たら鍋・豆腐,温かく食べやすい健康献立,脂質管理★★★★☆ 野菜★★★★★ エネルギー★★★★☆,食事量を落としすぎないようにしましょう
1255,75,90,脂質異常症,2100,★★★,通年,和食,雑穀ご飯・納豆・牛乳,鶏肉グリル・野菜サラダ,鮭のホイル焼き・豆腐,体力維持も考慮した脂質管理献立,たんぱく質★★★★★ エネルギー★★★★★ 脂質管理★★★★☆,筋肉維持のため十分な栄養を摂りましょう
1256,75,90,脂質異常症,1600,★,春,和食,ご飯・卵・果物・味噌汁,鶏ささみ料理・温野菜,白身魚・豆腐料理,少食向けの低脂質献立,消化性★★★★★ 脂質管理★★★★★ エネルギー★★★☆☆,少量でも栄養価を高めましょう
1257,75,90,脂質異常症,1800,★★,夏,和食,玄米ご飯・納豆・冷奴,豚肉と野菜炒め,鮭の焼き物・海藻料理,血中脂質改善を意識した献立,食物繊維★★★★★ たんぱく質★★★★☆ 脂質管理★★★★☆,野菜を毎食加えましょう
1258,75,90,脂質異常症,1900,★★,秋,和食,雑穀ご飯・ヨーグルト・卵,鶏肉と根菜の煮物,白身魚・豆腐,秋食材を使った脂質対策献立,野菜★★★★★ 脂質管理★★★★☆ たんぱく質★★★★☆,食物繊維を意識しましょう
1259,75,90,脂質異常症,2000,★★★,冬,和食,玄米ご飯・納豆・味噌汁,豚しゃぶサラダ,ぶり大根・小松菜,魚の脂質を活かした献立,脂質管理★★★★☆ たんぱく質★★★★★ 野菜★★★★☆,魚の良質な脂を取り入れましょう
1260,75,90,脂質異常症,2100,★★★,春,洋食,全粒パン・卵・ヨーグルト,鶏肉のトマト煮・サラダ,白身魚グリル・野菜スープ,洋食でも脂質を調整した献立,カルシウム★★★★★ 野菜★★★★☆ 脂質管理★★★★☆,クリーム系料理を控えましょう
1261,75,90,脂質異常症,1700,★,夏,和食,ご飯・納豆・味噌汁・果物,鶏肉の蒸し料理・夏野菜,豆腐料理・魚料理,夏の健康維持献立,脂質管理★★★★★ 水分管理★★★★☆ たんぱく質★★★★☆,水分不足にも注意しましょう
1262,75,90,脂質異常症,1800,★★,秋,和食,玄米ご飯・卵焼き・納豆,豚しゃぶサラダ,鮭の焼き物・ひじき煮,脂質と食物繊維を考えた献立,食物繊維★★★★★ 脂質管理★★★★☆ 野菜★★★★☆,加工食品を減らしましょう
1263,75,90,脂質異常症,1900,★★,冬,和食,雑穀ご飯・ヨーグルト・味噌汁,鶏肉と白菜料理,たら料理・豆腐,冬の栄養維持献立,たんぱく質★★★★☆ 野菜★★★★★ 脂質管理★★★★☆,温かい料理で食欲を保ちましょう
1264,75,90,脂質異常症,2000,★★★,春,和食,玄米ご飯・納豆・果物,鶏肉と春野菜料理,さわらの焼き物・ひじき煮,春の脂質改善献立,食物繊維★★★★★ 脂質管理★★★★★ たんぱく質★★★★☆,野菜量を確保しましょう
1265,75,90,脂質異常症,2100,★★★,夏,和食,雑穀ご飯・卵・牛乳,鶏肉グリル・野菜サラダ,あじの焼き物・豆腐,活動量がある人向け献立,エネルギー★★★★★ たんぱく質★★★★★ 脂質管理★★★★☆,極端な脂質制限は避けましょう
1266,75,90,脂質異常症,1600,★,秋,和食,ご飯・納豆・味噌汁,鶏ささみ料理,白身魚・野菜煮物,食べやすさ重視の献立,消化性★★★★★ エネルギー★★★☆☆ 脂質管理★★★★★,体重減少に注意しましょう
1267,75,90,脂質異常症,1800,★★,冬,和食,玄米ご飯・卵・ヨーグルト,豚肉と野菜料理,鮭鍋・豆腐,冬の脂質管理献立,野菜★★★★★ たんぱく質★★★★☆ 脂質管理★★★★☆,鍋料理で野菜を増やしましょう
1268,75,90,脂質異常症,1900,★★,春,和食,雑穀ご飯・納豆・味噌汁,鶏肉と春野菜料理,魚料理・小松菜,春の健康維持献立,たんぱく質★★★★★ 食物繊維★★★★☆ 脂質管理★★★★☆,継続できる食生活を意識しましょう
1269,75,90,脂質異常症,2000,★★★,夏,和食,玄米ご飯・冷奴・果物,豚しゃぶサラダ,鮭料理・野菜料理,夏の脂質バランス献立,水分管理★★★★★ 野菜★★★★☆ 脂質管理★★★★☆,食事と運動を組み合わせましょう
1270,75,90,脂質異常症,2100,★★★,秋,和食,雑穀ご飯・納豆・牛乳,鶏肉の照り焼き・野菜サラダ,さんまの焼き物・豆腐,健康寿命維持を意識した献立,たんぱく質★★★★★ エネルギー★★★★★ 脂質管理★★★★☆,無理なく続けることを優先しましょう
1271,75,90,脂質異常症,1700,★,冬,和食,玄米ご飯・納豆・卵焼き・減塩味噌汁,鶏むね肉の煮物・野菜サラダ,鮭の塩焼き・豆腐・小松菜,脂質を抑えながら筋肉維持を考えた献立,脂質管理★★★★★ たんぱく質★★★★☆ 食物繊維★★★★☆,肉の脂身を減らしましょう
1272,75,90,脂質異常症,1800,★★,春,和食,雑穀ご飯・ヨーグルト・納豆,豚しゃぶサラダ・ご飯,さわらの焼き物・ひじき煮,魚と野菜を取り入れた脂質改善献立,野菜★★★★★ 脂質管理★★★★☆ たんぱく質★★★★☆,青魚を適度に取り入れましょう
1273,75,90,脂質異常症,1900,★★,夏,和食,ご飯・冷奴・卵・果物,鶏肉の蒸し料理・夏野菜,あじの南蛮焼き・豆腐料理,暑い時期でも食べやすい脂質管理献立,水分管理★★★★☆ 脂質管理★★★★★ 野菜★★★★☆,揚げ物より焼き料理を選びましょう
1274,75,90,脂質異常症,2000,★★★,秋,和食,玄米ご飯・納豆・味噌汁,鶏肉ときのこの煮物,さんまの焼き物・野菜煮物,秋の食材で脂質バランスを整える献立,食物繊維★★★★★ 脂質管理★★★★☆ たんぱく質★★★★☆,きのこ類を積極的に使いましょう
1275,75,90,脂質異常症,2100,★★★,冬,和食,雑穀ご飯・卵・牛乳,鶏肉グリル・野菜サラダ,ぶり大根・豆腐,エネルギー確保も考えた高齢者向け献立,エネルギー★★★★★ たんぱく質★★★★★ 脂質管理★★★★☆,脂質を減らしすぎないようにしましょう
1276,75,90,脂質異常症,1600,★,春,和食,ご飯・納豆・味噌汁・果物,鶏ささみ料理・温野菜,白身魚・豆腐料理,少食でも栄養を摂れる献立,消化性★★★★★ 脂質管理★★★★★ エネルギー★★★☆☆,食事量が減った場合は相談しましょう
1277,75,90,脂質異常症,1800,★★,夏,和食,玄米ご飯・卵焼き・冷奴,豚肉と野菜炒め,鮭のホイル焼き・海藻料理,食物繊維を重視した献立,食物繊維★★★★★ 野菜★★★★☆ 脂質管理★★★★☆,野菜から食べる習慣をつけましょう
1278,75,90,脂質異常症,1900,★★,秋,和食,雑穀ご飯・ヨーグルト・卵,鶏肉と根菜の煮物,白身魚・豆腐,脂質バランスを考慮した秋献立,脂質管理★★★★☆ たんぱく質★★★★☆ 野菜★★★★★,根菜や豆類を活用しましょう
1279,75,90,脂質異常症,2000,★★★,冬,和食,玄米ご飯・納豆・味噌汁,豚しゃぶサラダ,たら鍋・小松菜,冬の生活習慣病対策献立,野菜★★★★★ 脂質管理★★★★☆ エネルギー★★★★☆,鍋料理は野菜を多めにしましょう
1280,75,90,脂質異常症,2100,★★★,春,洋食,全粒パン・卵・ヨーグルト,鶏肉トマト煮・サラダ,白身魚グリル・野菜スープ,洋食でも脂質を調整した献立,カルシウム★★★★★ 脂質管理★★★★☆ 野菜★★★★☆,ソース類は控えめにしましょう
1281,75,90,脂質異常症,1700,★,夏,和食,ご飯・納豆・味噌汁・果物,鶏肉料理・夏野菜サラダ,豆腐料理・魚料理,夏の脂質改善を意識した献立,脂質管理★★★★★ 水分管理★★★★☆ たんぱく質★★★★☆,水分補給も忘れないようにしましょう
1282,75,90,脂質異常症,1800,★★,秋,和食,玄米ご飯・卵焼き・納豆,豚しゃぶサラダ,鮭の焼き物・ひじき煮,食物繊維を増やした献立,食物繊維★★★★★ 脂質管理★★★★☆ 野菜★★★★☆,海藻類を取り入れましょう
1283,75,90,脂質異常症,1900,★★,冬,和食,雑穀ご飯・ヨーグルト・味噌汁,鶏肉と白菜料理,たら料理・豆腐,冬でも栄養を維持する献立,たんぱく質★★★★☆ 野菜★★★★★ 脂質管理★★★★☆,温かい料理で食欲を保ちましょう
1284,75,90,脂質異常症,2000,★★★,春,和食,玄米ご飯・納豆・果物,鶏肉と春野菜料理,さわらの焼き物・ひじき煮,春の脂質管理献立,食物繊維★★★★★ 脂質管理★★★★★ たんぱく質★★★★☆,野菜摂取量を意識しましょう
1285,75,90,脂質異常症,2100,★★★,夏,和食,雑穀ご飯・卵・牛乳,鶏肉グリル・野菜サラダ,あじの焼き物・豆腐,筋肉維持も考えた献立,たんぱく質★★★★★ エネルギー★★★★★ 脂質管理★★★★☆,活動量に合わせて調整しましょう
1286,75,90,脂質異常症,1600,★,秋,和食,ご飯・納豆・味噌汁,鶏ささみ料理,白身魚・野菜煮物,低脂質で食べやすい献立,消化性★★★★★ エネルギー★★★☆☆ 脂質管理★★★★★,少量でも栄養価を意識しましょう
1287,75,90,脂質異常症,1800,★★,冬,和食,玄米ご飯・卵・ヨーグルト,豚肉と野菜料理,鮭鍋・豆腐,冬の脂質バランス改善献立,野菜★★★★★ たんぱく質★★★★☆ 脂質管理★★★★☆,魚料理を増やしましょう
1288,75,90,脂質異常症,1900,★★,春,和食,雑穀ご飯・納豆・味噌汁,鶏肉と春野菜料理,魚料理・小松菜,春の健康維持献立,たんぱく質★★★★★ 食物繊維★★★★☆ 脂質管理★★★★☆,継続できる食事を選びましょう
1289,75,90,脂質異常症,2000,★★★,夏,和食,玄米ご飯・冷奴・果物,豚しゃぶサラダ,鮭料理・野菜料理,夏の脂質管理献立,水分管理★★★★★ 野菜★★★★☆ 脂質管理★★★★☆,甘い飲料を控えましょう
1290,75,90,脂質異常症,2100,★★★,秋,和食,雑穀ご飯・納豆・牛乳,鶏肉の照り焼き・野菜サラダ,さんまの焼き物・豆腐,健康寿命維持を意識した献立,たんぱく質★★★★★ エネルギー★★★★★ 脂質管理★★★★☆,適度な運動も組み合わせましょう
1291,75,90,脂質異常症,1700,★,冬,和食,玄米ご飯・納豆・卵焼き・減塩味噌汁,鶏むね肉と野菜の煮物,鮭の焼き物・豆腐・わかめ,脂質を抑えながら高齢者の筋力維持を考えた献立,脂質管理★★★★★ たんぱく質★★★★☆ 食物繊維★★★★★,魚や大豆製品を積極的に取り入れましょう
1292,75,90,脂質異常症,1800,★★,春,和食,雑穀ご飯・ヨーグルト・納豆,豚しゃぶサラダ・ご飯,さわらの焼き物・ひじき煮,春の食材を活用した脂質改善献立,野菜★★★★★ 脂質管理★★★★☆ たんぱく質★★★★☆,油の多い料理を続けないようにしましょう
1293,75,90,脂質異常症,1900,★★,夏,和食,ご飯・冷奴・卵・果物,鶏肉の蒸し料理・夏野菜,あじの焼き物・豆腐料理,夏でも食べやすい脂質管理献立,水分管理★★★★☆ 脂質管理★★★★★ 野菜★★★★☆,水分補給も意識しましょう
1294,75,90,脂質異常症,2000,★★★,秋,和食,玄米ご飯・納豆・味噌汁,鶏肉ときのこの煮物,さんまの焼き物・小松菜,秋の食物繊維を活用した献立,食物繊維★★★★★ 脂質管理★★★★☆ たんぱく質★★★★☆,きのこ類を毎日の食事に加えましょう
1295,75,90,脂質異常症,2100,★★★,冬,和食,雑穀ご飯・卵・牛乳,鶏肉グリル・野菜サラダ,ぶり大根・豆腐,エネルギー不足を防ぐ脂質管理献立,エネルギー★★★★★ たんぱく質★★★★★ 脂質管理★★★★☆,極端な脂質制限は避けましょう
1296,75,90,脂質異常症,1600,★,春,和食,ご飯・納豆・味噌汁・果物,鶏ささみ料理・温野菜,白身魚・豆腐料理,少食の高齢者向け低脂質献立,消化性★★★★★ 脂質管理★★★★★ エネルギー★★★☆☆,食べる量が減ったら工夫しましょう
1297,75,90,脂質異常症,1800,★★,夏,和食,玄米ご飯・卵焼き・冷奴,豚肉と野菜炒め,鮭のホイル焼き・海藻料理,食物繊維を増やした献立,食物繊維★★★★★ 野菜★★★★☆ 脂質管理★★★★☆,野菜を先に食べる習慣がおすすめです
1298,75,90,脂質異常症,1900,★★,秋,和食,雑穀ご飯・ヨーグルト・卵,鶏肉と根菜の煮物,白身魚・豆腐,秋の脂質バランス調整献立,野菜★★★★★ たんぱく質★★★★☆ 脂質管理★★★★☆,豆類も活用しましょう
1299,75,90,脂質異常症,2000,★★★,冬,和食,玄米ご飯・納豆・味噌汁,豚しゃぶサラダ,たら鍋・小松菜,冬の生活習慣病予防献立,野菜★★★★★ 脂質管理★★★★☆ エネルギー★★★★☆,鍋料理は塩分にも注意しましょう
1300,75,90,脂質異常症,2100,★★★,春,洋食,全粒パン・卵・ヨーグルト,鶏肉トマト煮・サラダ,白身魚グリル・野菜スープ,洋食でも脂質を調整した献立,カルシウム★★★★★ 脂質管理★★★★☆ 野菜★★★★☆,バターやクリームを控えましょう
1301,75,90,脂質異常症,1700,★,夏,和食,ご飯・納豆・味噌汁・果物,鶏肉料理・夏野菜サラダ,豆腐料理・魚料理,夏の脂質管理献立,脂質管理★★★★★ 水分管理★★★★☆ たんぱく質★★★★☆,果物は適量にしましょう
1302,75,90,脂質異常症,1800,★★,秋,和食,玄米ご飯・卵焼き・納豆,豚しゃぶサラダ,鮭の焼き物・ひじき煮,食物繊維を意識した献立,食物繊維★★★★★ 脂質管理★★★★☆ 野菜★★★★☆,海藻類を取り入れましょう
1303,75,90,脂質異常症,1900,★★,冬,和食,雑穀ご飯・ヨーグルト・味噌汁,鶏肉と白菜料理,たら料理・豆腐,冬の栄養維持献立,たんぱく質★★★★☆ 野菜★★★★★ 脂質管理★★★★☆,温かい料理で食欲を維持しましょう
1304,75,90,脂質異常症,2000,★★★,春,和食,玄米ご飯・納豆・果物,鶏肉と春野菜料理,さわらの焼き物・ひじき煮,春の脂質改善献立,食物繊維★★★★★ 脂質管理★★★★★ たんぱく質★★★★☆,継続できる食事を心がけましょう
1305,75,90,脂質異常症,2100,★★★,夏,和食,雑穀ご飯・卵・牛乳,鶏肉グリル・野菜サラダ,あじの焼き物・豆腐,筋肉維持も考えた献立,たんぱく質★★★★★ エネルギー★★★★★ 脂質管理★★★★☆,活動量に合わせて調整しましょう
1306,75,90,脂質異常症,1600,★,秋,和食,ご飯・納豆・味噌汁,鶏ささみ料理,白身魚・野菜煮物,食べやすさを重視した献立,消化性★★★★★ エネルギー★★★☆☆ 脂質管理★★★★★,低栄養にも注意しましょう
1307,75,90,脂質異常症,1800,★★,冬,和食,玄米ご飯・卵・ヨーグルト,豚肉と野菜料理,鮭鍋・豆腐,冬の健康維持献立,野菜★★★★★ たんぱく質★★★★☆ 脂質管理★★★★☆,魚料理を増やしましょう
1308,75,90,脂質異常症,1900,★★,春,和食,雑穀ご飯・納豆・味噌汁,鶏肉と春野菜料理,魚料理・小松菜,春の生活習慣病対策献立,たんぱく質★★★★★ 食物繊維★★★★☆ 脂質管理★★★★☆,食生活を長く続けることが大切です
1309,75,90,脂質異常症,2000,★★★,夏,和食,玄米ご飯・冷奴・果物,豚しゃぶサラダ,鮭料理・野菜料理,夏の脂質バランス改善献立,水分管理★★★★★ 野菜★★★★☆ 脂質管理★★★★☆,運動習慣も意識しましょう
1310,75,90,脂質異常症,2100,★★★,秋,和食,雑穀ご飯・納豆・牛乳,鶏肉の照り焼き・野菜サラダ,さんまの焼き物・豆腐,健康寿命維持を考えた献立,たんぱく質★★★★★ エネルギー★★★★★ 脂質管理★★★★☆,定期的な健康確認を行いましょう
1311,75,90,骨粗しょう症,1700,★,春,和食,ご飯・納豆・ヨーグルト・味噌汁,鶏肉と野菜の煮物,鮭の焼き物・豆腐・小松菜,カルシウムとたんぱく質を補う骨維持献立,カルシウム★★★★★ たんぱく質★★★★☆ 食物繊維★★★★☆,毎日カルシウムを意識しましょう
1312,75,90,骨粗しょう症,1800,★★,夏,和食,雑穀ご飯・牛乳・卵焼き,豚しゃぶサラダ・ご飯,あじの焼き物・冷奴,骨の健康維持を考えた夏献立,カルシウム★★★★★ ビタミンD★★★★☆ たんぱく質★★★★☆,日光浴も骨健康に役立ちます
1313,75,90,骨粗しょう症,1900,★★,秋,和食,玄米ご飯・納豆・ヨーグルト,鶏肉ときのこの煮物,さんまの焼き物・ひじき煮,骨形成に必要な栄養素を含む献立,ビタミンD★★★★★ カルシウム★★★★☆ 食物繊維★★★★☆,魚を定期的に食べましょう
1314,75,90,骨粗しょう症,2000,★★★,冬,和食,ご飯・卵・牛乳,豚肉と白菜の煮物,たら鍋・豆腐,冬でも栄養を確保する骨強化献立,カルシウム★★★★☆ たんぱく質★★★★★ エネルギー★★★★☆,温かい料理で食欲を維持しましょう
1315,75,90,骨粗しょう症,2100,★★★,通年,和食,雑穀ご飯・納豆・ヨーグルト,鶏肉グリル・野菜サラダ,鮭のホイル焼き・豆腐,筋肉と骨の両方を支える献立,たんぱく質★★★★★ カルシウム★★★★★ エネルギー★★★★☆,体重減少を防ぎましょう
1316,75,90,骨粗しょう症,1600,★,春,和食,ご飯・卵・果物・ヨーグルト,鶏ささみ料理・温野菜,白身魚・豆腐料理,少食でも骨栄養を確保する献立,消化性★★★★★ カルシウム★★★★☆ エネルギー★★★☆☆,少量でも栄養価を高めましょう
1317,75,90,骨粗しょう症,1800,★★,夏,和食,玄米ご飯・納豆・牛乳,豚肉と野菜炒め,鮭の焼き物・海藻料理,骨形成を支える栄養バランス献立,カルシウム★★★★★ たんぱく質★★★★☆ 食物繊維★★★★☆,乳製品を取り入れましょう
1318,75,90,骨粗しょう症,1900,★★,秋,和食,雑穀ご飯・ヨーグルト・卵,鶏肉と根菜の煮物,白身魚・豆腐,秋食材で栄養を補う献立,ビタミンD★★★★☆ たんぱく質★★★★☆ カルシウム★★★★★,豆腐や大豆製品を活用しましょう
1319,75,90,骨粗しょう症,2000,★★★,冬,和食,玄米ご飯・納豆・味噌汁,豚しゃぶサラダ,ぶり大根・小松菜,骨と筋肉の維持を考えた献立,たんぱく質★★★★★ カルシウム★★★★☆ 野菜★★★★☆,筋力低下予防も意識しましょう
1320,75,90,骨粗しょう症,2100,★★★,春,洋食,全粒パン・牛乳・卵,鶏肉トマト煮・サラダ,白身魚グリル・野菜スープ,洋食でも骨栄養を意識した献立,カルシウム★★★★★ エネルギー★★★★☆ たんぱく質★★★★☆,乳製品を上手に使いましょう
1321,75,90,骨粗しょう症,1700,★,夏,和食,ご飯・納豆・ヨーグルト・味噌汁,鶏肉料理・夏野菜,豆腐料理・魚料理,夏の骨維持を考えた献立,カルシウム★★★★★ 水分管理★★★★☆ たんぱく質★★★★☆,水分不足にも注意しましょう
1322,75,90,骨粗しょう症,1800,★★,秋,和食,玄米ご飯・卵焼き・納豆,豚しゃぶサラダ,鮭の焼き物・ひじき煮,骨形成に必要な食品を取り入れた献立,ビタミンD★★★★★ カルシウム★★★★☆ 食物繊維★★★★☆,海藻類も活用しましょう
1323,75,90,骨粗しょう症,1900,★★,冬,和食,雑穀ご飯・ヨーグルト・味噌汁,鶏肉と白菜料理,たら料理・豆腐,冬の低栄養予防献立,たんぱく質★★★★☆ カルシウム★★★★★ 消化性★★★★☆,食事量を維持しましょう
1324,75,90,骨粗しょう症,2000,★★★,春,和食,玄米ご飯・納豆・果物,鶏肉と春野菜料理,さわらの焼き物・小松菜,春の骨健康維持献立,カルシウム★★★★★ 食物繊維★★★★☆ たんぱく質★★★★☆,旬の食材を取り入れましょう
1325,75,90,骨粗しょう症,2100,★★★,夏,和食,雑穀ご飯・卵・牛乳,鶏肉グリル・野菜サラダ,あじの焼き物・豆腐,活動量維持を支える献立,たんぱく質★★★★★ エネルギー★★★★★ カルシウム★★★★☆,筋肉を保つ食事を意識しましょう
1326,75,90,骨粗しょう症,1600,★,秋,和食,ご飯・納豆・味噌汁,鶏ささみ料理,白身魚・野菜煮物,食欲低下時でも食べやすい献立,消化性★★★★★ カルシウム★★★★☆ エネルギー★★★☆☆,食べられる量を確保しましょう
1327,75,90,骨粗しょう症,1800,★★,冬,和食,玄米ご飯・卵・ヨーグルト,豚肉と野菜料理,鮭鍋・豆腐,冬の骨と筋肉維持献立,たんぱく質★★★★★ カルシウム★★★★☆ 野菜★★★★☆,転倒予防のため筋肉維持も大切です
1328,75,90,骨粗しょう症,1900,★★,春,和食,雑穀ご飯・納豆・味噌汁,鶏肉と春野菜料理,魚料理・小松菜,春の健康維持献立,たんぱく質★★★★★ ビタミンD★★★★☆ カルシウム★★★★☆,継続できる食事を選びましょう
1329,75,90,骨粗しょう症,2000,★★★,夏,和食,玄米ご飯・冷奴・果物,豚しゃぶサラダ,鮭料理・野菜料理,夏の骨健康管理献立,水分管理★★★★★ カルシウム★★★★☆ たんぱく質★★★★☆,暑い時期も栄養を取りましょう
1330,75,90,骨粗しょう症,2100,★★★,秋,和食,雑穀ご飯・納豆・牛乳,鶏肉の照り焼き・野菜サラダ,さんまの焼き物・豆腐,健康寿命維持を意識した骨強化献立,たんぱく質★★★★★ カルシウム★★★★★ エネルギー★★★★☆,食事と運動を組み合わせましょう
1331,75,90,骨粗しょう症,1700,★,冬,和食,ご飯・納豆・牛乳・味噌汁,鶏むね肉の煮物・小松菜のお浸し,鮭の塩焼き・豆腐,カルシウムとたんぱく質を補い骨と筋肉を支える献立,カルシウム★★★★★ たんぱく質★★★★☆ 食物繊維★★★★☆,毎食少しずつ栄養を取り入れましょう
1332,75,90,骨粗しょう症,1800,★★,春,和食,雑穀ご飯・ヨーグルト・卵焼き,豚肉と野菜の炒め物,さばの焼き物・ひじき煮,骨形成に必要な栄養素を意識した献立,ビタミンD★★★★★ カルシウム★★★★☆ たんぱく質★★★★☆,魚を週に数回取り入れましょう
1333,75,90,骨粗しょう症,1900,★★,夏,和食,玄米ご飯・納豆・牛乳,鶏肉の蒸し料理・夏野菜,あじの南蛮漬け・冷奴,暑い時期の栄養低下を防ぐ骨健康献立,カルシウム★★★★★ 水分管理★★★★☆ たんぱく質★★★★☆,食欲低下に注意しましょう
1334,75,90,骨粗しょう症,2000,★★★,秋,和食,ご飯・ヨーグルト・納豆,鶏肉ときのこの煮物,さんまの塩焼き・小松菜,秋の食材で骨を支える献立,ビタミンD★★★★★ 食物繊維★★★★☆ カルシウム★★★★☆,日常的に体を動かしましょう
1335,75,90,骨粗しょう症,2100,★★★,冬,和食,雑穀ご飯・卵・牛乳,鶏肉グリル・野菜サラダ,ぶり大根・豆腐,エネルギー不足を防ぎ筋肉維持も考えた献立,たんぱく質★★★★★ エネルギー★★★★★ カルシウム★★★★☆,体重減少を防ぎましょう
1336,75,90,骨粗しょう症,1600,★,春,和食,ご飯・ヨーグルト・果物,鶏ささみ料理・温野菜,白身魚・豆腐料理,食事量が少ない人向け骨維持献立,消化性★★★★★ カルシウム★★★★☆ エネルギー★★★☆☆,栄養密度を高めましょう
1337,75,90,骨粗しょう症,1800,★★,夏,和食,玄米ご飯・納豆・味噌汁,豚しゃぶサラダ,鮭のホイル焼き・海藻料理,骨と血管の健康を考えた献立,カルシウム★★★★★ 食物繊維★★★★★ たんぱく質★★★★☆,海藻や大豆製品を活用しましょう
1338,75,90,骨粗しょう症,1900,★★,秋,和食,雑穀ご飯・卵・ヨーグルト,鶏肉と根菜の煮物,白身魚・豆腐,秋の栄養バランス献立,たんぱく質★★★★☆ カルシウム★★★★★ 野菜★★★★☆,乳製品を無理なく取り入れましょう
1339,75,90,骨粗しょう症,2000,★★★,冬,和食,玄米ご飯・納豆・味噌汁,豚肉と白菜料理,たら鍋・小松菜,冬の骨量低下予防を考えた献立,カルシウム★★★★☆ 野菜★★★★★ たんぱく質★★★★☆,鍋料理で多くの食材を摂りましょう
1340,75,90,骨粗しょう症,2100,★★★,春,洋食,全粒パン・牛乳・卵,鶏肉トマト煮・サラダ,白身魚グリル・野菜スープ,洋食でも骨健康を意識した献立,カルシウム★★★★★ エネルギー★★★★☆ たんぱく質★★★★☆,加工食品の摂りすぎに注意しましょう
1341,75,90,骨粗しょう症,1700,★,夏,和食,ご飯・納豆・ヨーグルト・味噌汁,鶏肉料理・夏野菜,豆腐料理・魚料理,夏の骨維持を支える献立,カルシウム★★★★★ 水分管理★★★★☆ たんぱく質★★★★☆,暑い時期も食事を抜かないようにしましょう
1342,75,90,骨粗しょう症,1800,★★,秋,和食,玄米ご飯・卵焼き・納豆,豚肉料理・野菜サラダ,鮭の焼き物・ひじき煮,骨に必要な栄養を補える献立,ビタミンD★★★★★ カルシウム★★★★☆ 食物繊維★★★★☆,日光浴も意識しましょう
1343,75,90,骨粗しょう症,1900,★★,冬,和食,雑穀ご飯・ヨーグルト・味噌汁,鶏肉と白菜の煮物,たら料理・豆腐,冬の低栄養予防献立,たんぱく質★★★★☆ カルシウム★★★★★ 消化性★★★★☆,食べられる量を維持しましょう
1344,75,90,骨粗しょう症,2000,★★★,春,和食,玄米ご飯・納豆・果物,鶏肉と春野菜料理,さわらの焼き物・小松菜,春の骨健康維持献立,カルシウム★★★★★ 食物繊維★★★★☆ たんぱく質★★★★☆,野菜の種類を増やしましょう
1345,75,90,骨粗しょう症,2100,★★★,夏,和食,雑穀ご飯・卵・牛乳,鶏肉グリル・野菜サラダ,あじの焼き物・豆腐,筋力低下予防も考えた献立,たんぱく質★★★★★ エネルギー★★★★★ カルシウム★★★★☆,運動習慣も組み合わせましょう
1346,75,90,骨粗しょう症,1600,★,秋,和食,ご飯・納豆・味噌汁,鶏ささみ料理,白身魚・野菜煮物,食欲が落ちた人向け献立,消化性★★★★★ カルシウム★★★★☆ エネルギー★★★☆☆,少量でもバランスを意識しましょう
1347,75,90,骨粗しょう症,1800,★★,冬,和食,玄米ご飯・卵・ヨーグルト,豚肉と野菜料理,鮭鍋・豆腐,冬の骨と筋肉維持献立,たんぱく質★★★★★ カルシウム★★★★☆ 野菜★★★★☆,転倒予防には筋肉維持も重要です
1348,75,90,骨粗しょう症,1900,★★,春,和食,雑穀ご飯・納豆・味噌汁,鶏肉と春野菜料理,魚料理・小松菜,春の健康寿命維持献立,たんぱく質★★★★★ ビタミンD★★★★☆ カルシウム★★★★☆,継続しやすい食事を選びましょう
1349,75,90,骨粗しょう症,2000,★★★,夏,和食,玄米ご飯・冷奴・果物,豚しゃぶサラダ,鮭料理・野菜料理,夏の骨健康管理献立,水分管理★★★★★ カルシウム★★★★☆ たんぱく質★★★★☆,夏場の食欲低下に注意しましょう
1350,75,90,骨粗しょう症,2100,★★★,秋,和食,雑穀ご飯・納豆・牛乳,鶏肉の照り焼き・野菜サラダ,さんまの焼き物・豆腐,骨と筋肉を守る高齢者向け献立,たんぱく質★★★★★ カルシウム★★★★★ エネルギー★★★★☆,食事と適度な運動を続けましょう
1351,75,90,認知症予防,1700,★,春,和食,ご飯・納豆・卵焼き・味噌汁,鶏肉と野菜の煮物,鮭の焼き物・豆腐・小松菜,脳の健康維持と低栄養予防を考えた献立,DHA★★★★★ たんぱく質★★★★☆ 食物繊維★★★★☆,魚や大豆食品を継続して取り入れましょう
1352,75,90,認知症予防,1800,★★,夏,和食,雑穀ご飯・ヨーグルト・卵,豚しゃぶサラダ・ご飯,あじの焼き物・冷奴,夏場の栄養低下を防ぐ脳健康献立,野菜★★★★★ DHA★★★★☆ たんぱく質★★★★☆,食事量が減らないよう注意しましょう
1353,75,90,認知症予防,1900,★★,秋,和食,玄米ご飯・納豆・味噌汁,鶏肉ときのこの煮物,さんまの焼き物・ひじき煮,魚と食物繊維を意識した献立,DHA★★★★★ 食物繊維★★★★★ たんぱく質★★★★☆,旬の魚を取り入れましょう
1354,75,90,認知症予防,2000,★★★,冬,和食,ご飯・卵・牛乳,豚肉と白菜の煮物,たら鍋・豆腐,冬の体力維持と脳健康を支える献立,たんぱく質★★★★★ 野菜★★★★☆ エネルギー★★★★☆,体重減少を防ぎましょう
1355,75,90,認知症予防,2100,★★★,通年,和食,雑穀ご飯・納豆・ヨーグルト,鶏肉グリル・野菜サラダ,鮭のホイル焼き・豆腐,筋肉維持と脳機能維持を意識した献立,たんぱく質★★★★★ DHA★★★★★ エネルギー★★★★☆,十分な栄養摂取を心がけましょう
1356,75,90,認知症予防,1600,★,春,和食,ご飯・卵・果物・ヨーグルト,鶏ささみ料理・温野菜,白身魚・豆腐料理,少食でも栄養を確保する献立,消化性★★★★★ DHA★★★★☆ エネルギー★★★☆☆,食べられる量を大切にしましょう
1357,75,90,認知症予防,1800,★★,夏,和食,玄米ご飯・納豆・味噌汁,豚肉と野菜炒め,鮭の焼き物・海藻料理,抗酸化食品を取り入れた献立,食物繊維★★★★★ DHA★★★★☆ たんぱく質★★★★☆,野菜の種類を増やしましょう
1358,75,90,認知症予防,1900,★★,秋,和食,雑穀ご飯・卵・ヨーグルト,鶏肉と根菜の煮物,白身魚・豆腐,栄養バランスを重視した脳健康献立,たんぱく質★★★★☆ 食物繊維★★★★☆ DHA★★★★★,魚料理を定期的に食べましょう
1359,75,90,認知症予防,2000,★★★,冬,和食,玄米ご飯・納豆・味噌汁,豚しゃぶサラダ,ぶり大根・小松菜,血流改善を意識した献立,野菜★★★★★ DHA★★★★★ たんぱく質★★★★☆,青魚を適度に取り入れましょう
1360,75,90,認知症予防,2100,★★★,春,洋食,全粒パン・牛乳・卵,鶏肉トマト煮・サラダ,白身魚グリル・野菜スープ,洋食でも栄養バランスを整えた献立,カルシウム★★★★☆ たんぱく質★★★★★ 野菜★★★★☆,食事の楽しみも大切にしましょう
1361,75,90,認知症予防,1700,★,夏,和食,ご飯・納豆・味噌汁・果物,鶏肉料理・夏野菜,豆腐料理・魚料理,夏の健康維持を考えた献立,DHA★★★★★ 水分管理★★★★☆ たんぱく質★★★★☆,脱水にも注意しましょう
1362,75,90,認知症予防,1800,★★,秋,和食,玄米ご飯・卵焼き・納豆,豚しゃぶサラダ,鮭の焼き物・ひじき煮,脳と身体の健康維持献立,食物繊維★★★★★ DHA★★★★☆ 野菜★★★★☆,海藻や豆類を活用しましょう
1363,75,90,認知症予防,1900,★★,冬,和食,雑穀ご飯・ヨーグルト・味噌汁,鶏肉と白菜料理,たら料理・豆腐,冬の低栄養予防献立,たんぱく質★★★★☆ 野菜★★★★★ DHA★★★★☆,食事量を維持しましょう
1364,75,90,認知症予防,2000,★★★,春,和食,玄米ご飯・納豆・果物,鶏肉と春野菜料理,さわらの焼き物・小松菜,春の脳健康維持献立,食物繊維★★★★★ DHA★★★★★ たんぱく質★★★★☆,旬の野菜を取り入れましょう
1365,75,90,認知症予防,2100,★★★,夏,和食,雑穀ご飯・卵・牛乳,鶏肉グリル・野菜サラダ,あじの焼き物・豆腐,活動量維持を考えた献立,たんぱく質★★★★★ エネルギー★★★★★ DHA★★★★☆,筋肉維持も認知機能維持につながります
1366,75,90,認知症予防,1600,★,秋,和食,ご飯・納豆・味噌汁,鶏ささみ料理,白身魚・野菜煮物,食欲低下時向けの献立,消化性★★★★★ エネルギー★★★☆☆ DHA★★★★☆,食べやすい形に工夫しましょう
1367,75,90,認知症予防,1800,★★,冬,和食,玄米ご飯・卵・ヨーグルト,豚肉と野菜料理,鮭鍋・豆腐,冬の脳健康維持献立,DHA★★★★★ たんぱく質★★★★☆ 野菜★★★★☆,魚を取り入れる習慣を作りましょう
1368,75,90,認知症予防,1900,★★,春,和食,雑穀ご飯・納豆・味噌汁,鶏肉と春野菜料理,魚料理・小松菜,春の健康寿命維持献立,たんぱく質★★★★★ 食物繊維★★★★☆ DHA★★★★☆,継続できる食事を選びましょう
1369,75,90,認知症予防,2000,★★★,夏,和食,玄米ご飯・冷奴・果物,豚しゃぶサラダ,鮭料理・野菜料理,夏の脳機能維持献立,DHA★★★★★ 水分管理★★★★★ 野菜★★★★☆,暑い時期の食欲低下に注意しましょう
1370,75,90,認知症予防,2100,★★★,秋,和食,雑穀ご飯・納豆・牛乳,鶏肉の照り焼き・野菜サラダ,さんまの焼き物・豆腐,健康寿命を支える献立,DHA★★★★★ たんぱく質★★★★★ エネルギー★★★★☆,食事と運動を組み合わせましょう
1371,75,90,認知症予防,1700,★,冬,和食,ご飯・納豆・卵焼き・味噌汁,鶏むね肉の煮物・野菜サラダ,鮭の焼き物・豆腐・わかめ,脳の健康維持と低栄養予防を意識した献立,DHA★★★★★ たんぱく質★★★★☆ 食物繊維★★★★☆,魚と大豆食品を継続的に取り入れましょう
1372,75,90,認知症予防,1800,★★,春,和食,雑穀ご飯・ヨーグルト・納豆,豚しゃぶサラダ・ご飯,さばの味噌煮・ひじき煮,青魚と食物繊維を活用した脳健康献立,DHA★★★★★ 野菜★★★★★ たんぱく質★★★★☆,青魚の脂質を上手に利用しましょう
1373,75,90,認知症予防,1900,★★,夏,和食,玄米ご飯・卵・冷奴,鶏肉の蒸し料理・夏野菜,あじの焼き物・豆腐,夏の栄養不足を防ぐ献立,たんぱく質★★★★☆ DHA★★★★☆ 水分管理★★★★★,暑い日も食事回数を維持しましょう
1374,75,90,認知症予防,2000,★★★,秋,和食,ご飯・納豆・味噌汁,鶏肉ときのこの煮物,さんまの塩焼き・小松菜,秋の食材で抗酸化成分を補う献立,食物繊維★★★★★ DHA★★★★★ たんぱく質★★★★☆,野菜やきのこを積極的に食べましょう
1375,75,90,認知症予防,2100,★★★,冬,和食,雑穀ご飯・牛乳・卵,鶏肉グリル・野菜サラダ,ぶり大根・豆腐,筋肉維持と脳健康を両立する献立,たんぱく質★★★★★ エネルギー★★★★★ DHA★★★★☆,体重減少を防ぎましょう
1376,75,90,認知症予防,1600,★,春,和食,ご飯・ヨーグルト・果物,鶏ささみ料理・温野菜,白身魚・豆腐料理,食事量が少ない人向けの栄養補給献立,消化性★★★★★ DHA★★★★☆ エネルギー★★★☆☆,少量でも栄養価を高めましょう
1377,75,90,認知症予防,1800,★★,夏,和食,玄米ご飯・納豆・味噌汁,豚肉と野菜炒め,鮭のホイル焼き・海藻料理,抗酸化食品を取り入れた献立,食物繊維★★★★★ DHA★★★★☆ 野菜★★★★☆,彩りのある食事を意識しましょう
1378,75,90,認知症予防,1900,★★,秋,和食,雑穀ご飯・卵焼き・ヨーグルト,鶏肉と根菜の煮物,白身魚・豆腐,栄養バランス重視の脳健康献立,たんぱく質★★★★☆ 食物繊維★★★★☆ DHA★★★★★,大豆製品を取り入れましょう
1379,75,90,認知症予防,2000,★★★,冬,和食,玄米ご飯・納豆・味噌汁,豚しゃぶサラダ,鮭鍋・小松菜,冬の血流改善を意識した献立,DHA★★★★★ 野菜★★★★★ たんぱく質★★★★☆,塩分にも注意しましょう
1380,75,90,認知症予防,2100,★★★,春,洋食,全粒パン・牛乳・卵,鶏肉トマト煮・サラダ,白身魚グリル・野菜スープ,洋食でも栄養を確保した献立,カルシウム★★★★☆ たんぱく質★★★★★ 野菜★★★★☆,食事を楽しむことも大切です
1381,75,90,認知症予防,1700,★,夏,和食,ご飯・納豆・味噌汁・果物,鶏肉料理・夏野菜,豆腐料理・魚料理,夏の脳機能維持を考えた献立,DHA★★★★★ 水分管理★★★★☆ たんぱく質★★★★☆,脱水を予防しましょう
1382,75,90,認知症予防,1800,★★,秋,和食,玄米ご飯・卵焼き・納豆,豚しゃぶサラダ,鮭の焼き物・ひじき煮,魚と海藻を活用した献立,食物繊維★★★★★ DHA★★★★★ 野菜★★★★☆,食材の種類を増やしましょう
1383,75,90,認知症予防,1900,★★,冬,和食,雑穀ご飯・ヨーグルト・味噌汁,鶏肉と白菜料理,たら料理・豆腐,冬の低栄養予防献立,たんぱく質★★★★☆ 野菜★★★★★ DHA★★★★☆,温かい料理で食欲を保ちましょう
1384,75,90,認知症予防,2000,★★★,春,和食,玄米ご飯・納豆・果物,鶏肉と春野菜料理,さわらの焼き物・小松菜,春の抗酸化食品活用献立,食物繊維★★★★★ DHA★★★★★ たんぱく質★★★★☆,旬の野菜を取り入れましょう
1385,75,90,認知症予防,2100,★★★,夏,和食,雑穀ご飯・卵・牛乳,鶏肉グリル・野菜サラダ,あじの焼き物・豆腐,活動量維持を支える献立,たんぱく質★★★★★ エネルギー★★★★★ DHA★★★★☆,運動習慣も意識しましょう
1386,75,90,認知症予防,1600,★,秋,和食,ご飯・納豆・味噌汁,鶏ささみ料理,白身魚・野菜煮物,食べやすさを重視した献立,消化性★★★★★ エネルギー★★★☆☆ DHA★★★★☆,食事量低下に注意しましょう
1387,75,90,認知症予防,1800,★★,冬,和食,玄米ご飯・卵・ヨーグルト,豚肉と野菜料理,鮭鍋・豆腐,冬の脳と筋肉維持献立,DHA★★★★★ たんぱく質★★★★☆ 野菜★★★★☆,魚料理を習慣化しましょう
1388,75,90,認知症予防,1900,★★,春,和食,雑穀ご飯・納豆・味噌汁,鶏肉と春野菜料理,魚料理・小松菜,健康寿命維持を意識した献立,たんぱく質★★★★★ 食物繊維★★★★☆ DHA★★★★☆,毎日の食事リズムを整えましょう
1389,75,90,認知症予防,2000,★★★,夏,和食,玄米ご飯・冷奴・果物,豚しゃぶサラダ,鮭料理・野菜料理,夏の認知機能維持献立,DHA★★★★★ 水分管理★★★★★ 野菜★★★★☆,暑い時期も栄養を確保しましょう
1390,75,90,認知症予防,2100,★★★,秋,和食,雑穀ご飯・納豆・牛乳,鶏肉の照り焼き・野菜サラダ,さんまの焼き物・豆腐,健康寿命を支える総合栄養献立,DHA★★★★★ たんぱく質★★★★★ エネルギー★★★★☆,食事・運動・交流を大切にしましょう
1391,75,90,フレイル予防,1700,★,春,和食,ご飯・納豆・卵焼き・味噌汁,鶏肉と野菜の煮物,鮭の焼き物・豆腐,筋肉維持と低栄養予防を意識した基本献立,たんぱく質★★★★★ エネルギー★★★★☆ 食物繊維★★★★☆,毎食たんぱく質を取り入れましょう
1392,75,90,フレイル予防,1800,★★,夏,和食,雑穀ご飯・牛乳・ヨーグルト,豚しゃぶサラダ・ご飯,あじの焼き物・冷奴,夏場の体力低下を防ぐ献立,たんぱく質★★★★★ 水分管理★★★★☆ 野菜★★★★☆,食欲が落ちても食事回数を確保しましょう
1393,75,90,フレイル予防,1900,★★,秋,和食,玄米ご飯・納豆・卵,鶏肉ときのこの煮物,さんまの焼き物・ひじき煮,筋肉と免疫維持を考えた献立,たんぱく質★★★★★ 食物繊維★★★★★ エネルギー★★★★☆,体重減少に注意しましょう
1394,75,90,フレイル予防,2000,★★★,冬,和食,ご飯・卵・牛乳,豚肉と白菜の煮物,たら鍋・豆腐,冬の活動量低下を防ぐ献立,エネルギー★★★★★ たんぱく質★★★★☆ 野菜★★★★☆,温かい料理で食欲を保ちましょう
1395,75,90,フレイル予防,2100,★★★,通年,和食,雑穀ご飯・納豆・ヨーグルト,鶏肉グリル・野菜サラダ,鮭のホイル焼き・豆腐,筋肉量維持を重視した高栄養献立,たんぱく質★★★★★ エネルギー★★★★★ カルシウム★★★★☆,十分なエネルギー摂取を意識しましょう
1396,75,90,フレイル予防,1600,★,春,和食,ご飯・卵・果物・ヨーグルト,鶏ささみ料理・温野菜,白身魚・豆腐料理,食欲低下時でも食べやすい献立,消化性★★★★★ エネルギー★★★☆☆ たんぱく質★★★★☆,少量でも栄養価を高めましょう
1397,75,90,フレイル予防,1800,★★,夏,和食,玄米ご飯・納豆・味噌汁,豚肉と野菜炒め,鮭の焼き物・海藻料理,夏の筋力低下予防献立,たんぱく質★★★★★ 食物繊維★★★★☆ 水分管理★★★★☆,水分と栄養を両方意識しましょう
1398,75,90,フレイル予防,1900,★★,秋,和食,雑穀ご飯・卵・ヨーグルト,鶏肉と根菜の煮物,白身魚・豆腐,秋の栄養補給献立,たんぱく質★★★★☆ 野菜★★★★★ エネルギー★★★★☆,食事の楽しみも大切です
1399,75,90,フレイル予防,2000,★★★,冬,和食,玄米ご飯・納豆・味噌汁,豚しゃぶサラダ,ぶり大根・小松菜,低栄養予防を重視した献立,たんぱく質★★★★★ 野菜★★★★★ エネルギー★★★★☆,筋肉維持のため運動も行いましょう
1400,75,90,フレイル予防,2100,★★★,春,洋食,全粒パン・牛乳・卵,鶏肉トマト煮・サラダ,白身魚グリル・野菜スープ,食べやすい高エネルギー献立,カルシウム★★★★☆ たんぱく質★★★★★ エネルギー★★★★★,食事量が不足しないようにしましょう
1401,75,90,フレイル予防,1700,★,夏,和食,ご飯・納豆・味噌汁・果物,鶏肉料理・夏野菜,豆腐料理・魚料理,夏の体力維持を支える献立,たんぱく質★★★★★ 水分管理★★★★☆ 食物繊維★★★★☆,暑い日は食事を簡単に済ませないようにしましょう
1402,75,90,フレイル予防,1800,★★,秋,和食,玄米ご飯・卵焼き・納豆,豚しゃぶサラダ,鮭の焼き物・ひじき煮,筋肉維持と栄養バランスを考えた献立,食物繊維★★★★★ たんぱく質★★★★☆ エネルギー★★★★☆,多様な食品を摂りましょう
1403,75,90,フレイル予防,1900,★★,冬,和食,雑穀ご飯・ヨーグルト・味噌汁,鶏肉と白菜料理,たら料理・豆腐,冬の低栄養予防献立,たんぱく質★★★★★ カルシウム★★★★☆ 野菜★★★★☆,温かい料理で食事量を維持しましょう
1404,75,90,フレイル予防,2000,★★★,春,和食,玄米ご飯・納豆・果物,鶏肉と春野菜料理,さわらの焼き物・小松菜,春の体力維持献立,たんぱく質★★★★★ 食物繊維★★★★☆ エネルギー★★★★☆,旬の食品を取り入れましょう
1405,75,90,フレイル予防,2100,★★★,夏,和食,雑穀ご飯・卵・牛乳,鶏肉グリル・野菜サラダ,あじの焼き物・豆腐,活動量維持を支える献立,たんぱく質★★★★★ エネルギー★★★★★ カルシウム★★★★☆,筋肉を保つ食事を続けましょう
1406,75,90,フレイル予防,1600,★,秋,和食,ご飯・納豆・味噌汁,鶏ささみ料理,白身魚・野菜煮物,食事量が少ない人向け献立,消化性★★★★★ エネルギー★★★☆☆ たんぱく質★★★★☆,補食も検討しましょう
1407,75,90,フレイル予防,1800,★★,冬,和食,玄米ご飯・卵・ヨーグルト,豚肉と野菜料理,鮭鍋・豆腐,冬の筋肉低下予防献立,たんぱく質★★★★★ カルシウム★★★★☆ 野菜★★★★☆,体重を定期的に確認しましょう
1408,75,90,フレイル予防,1900,★★,春,和食,雑穀ご飯・納豆・味噌汁,鶏肉と春野菜料理,魚料理・小松菜,健康寿命維持を意識した献立,たんぱく質★★★★★ 食物繊維★★★★☆ エネルギー★★★★☆,食事リズムを整えましょう
1409,75,90,フレイル予防,2000,★★★,夏,和食,玄米ご飯・冷奴・果物,豚しゃぶサラダ,鮭料理・野菜料理,夏の筋力維持献立,水分管理★★★★★ たんぱく質★★★★☆ エネルギー★★★★☆,脱水による体力低下に注意しましょう
1410,75,90,フレイル予防,2100,★★★,秋,和食,雑穀ご飯・納豆・牛乳,鶏肉の照り焼き・野菜サラダ,さんまの焼き物・豆腐,高齢者の健康寿命を支える献立,たんぱく質★★★★★ エネルギー★★★★★ 食物繊維★★★★☆,食事と運動を組み合わせましょう
1411,75,90,フレイル予防,1700,★,冬,和食,ご飯・納豆・牛乳・味噌汁,鶏むね肉の煮物・野菜のお浸し,鮭の塩焼き・豆腐,筋肉量低下を防ぎ低栄養を予防する献立,たんぱく質★★★★★ エネルギー★★★★☆ カルシウム★★★★☆,毎食少しでもたんぱく質を摂りましょう
1412,75,90,フレイル予防,1800,★★,春,和食,雑穀ご飯・ヨーグルト・卵焼き,豚肉と野菜の炒め物,さばの焼き物・ひじき煮,春の食材で体力維持を支える献立,たんぱく質★★★★★ 食物繊維★★★★☆ エネルギー★★★★☆,食材の種類を増やしましょう
1413,75,90,フレイル予防,1900,★★,夏,和食,玄米ご飯・納豆・牛乳,鶏肉の蒸し料理・夏野菜,あじの焼き物・冷奴,夏の食欲低下を防ぐ体力維持献立,水分管理★★★★★ たんぱく質★★★★☆ エネルギー★★★★☆,暑い時期は水分も栄養も大切です
1414,75,90,フレイル予防,2000,★★★,秋,和食,ご飯・ヨーグルト・納豆,鶏肉ときのこの煮物,さんまの塩焼き・小松菜,筋肉維持と免疫力維持を考えた献立,たんぱく質★★★★★ 食物繊維★★★★★ ビタミン★★★★☆,体重減少を防ぎましょう
1415,75,90,フレイル予防,2100,★★★,冬,和食,雑穀ご飯・卵・牛乳,鶏肉グリル・野菜サラダ,ぶり大根・豆腐,高エネルギーで活動量を支える献立,エネルギー★★★★★ たんぱく質★★★★★ カルシウム★★★★☆,食事量が減ったら早めに対応しましょう
1416,75,90,フレイル予防,1600,★,春,和食,ご飯・ヨーグルト・果物,鶏ささみ料理・温野菜,白身魚・豆腐料理,少量でも栄養を確保できる献立,消化性★★★★★ エネルギー★★★☆☆ たんぱく質★★★★☆,間食も上手に活用しましょう
1417,75,90,フレイル予防,1800,★★,夏,和食,玄米ご飯・納豆・味噌汁,豚しゃぶサラダ,鮭のホイル焼き・海藻料理,夏の筋力低下を防ぐ献立,たんぱく質★★★★★ 食物繊維★★★★★ 水分★★★★☆,食事を抜かないようにしましょう
1418,75,90,フレイル予防,1900,★★,秋,和食,雑穀ご飯・卵・ヨーグルト,鶏肉と根菜の煮物,白身魚・豆腐,秋の栄養補給を意識した献立,たんぱく質★★★★☆ 野菜★★★★★ エネルギー★★★★☆,毎日違う食品を選びましょう
1419,75,90,フレイル予防,2000,★★★,冬,和食,玄米ご飯・納豆・味噌汁,豚しゃぶサラダ,鮭鍋・小松菜,冬の活動量低下予防献立,たんぱく質★★★★★ 野菜★★★★☆ カルシウム★★★★☆,寒い時期も体を動かしましょう
1420,75,90,フレイル予防,2100,★★★,春,洋食,全粒パン・牛乳・卵,鶏肉トマト煮・サラダ,白身魚グリル・野菜スープ,洋食でも栄養を確保する高齢者向け献立,たんぱく質★★★★★ エネルギー★★★★★ 野菜★★★★☆,食事の楽しみを大切にしましょう
1421,75,90,フレイル予防,1700,★,夏,和食,ご飯・納豆・味噌汁・果物,鶏肉料理・夏野菜,豆腐料理・魚料理,夏の体力維持を支える献立,たんぱく質★★★★★ 水分管理★★★★☆ 食物繊維★★★★☆,暑い日でも栄養を確保しましょう
1422,75,90,フレイル予防,1800,★★,秋,和食,玄米ご飯・卵焼き・納豆,豚しゃぶサラダ,鮭の焼き物・ひじき煮,筋肉維持と食欲維持を考えた献立,食物繊維★★★★★ たんぱく質★★★★☆ エネルギー★★★★☆,彩りの良い食事を意識しましょう
1423,75,90,フレイル予防,1900,★★,冬,和食,雑穀ご飯・ヨーグルト・味噌汁,鶏肉と白菜料理,たら料理・豆腐,冬の低栄養予防献立,たんぱく質★★★★★ カルシウム★★★★☆ 野菜★★★★☆,温かい食事で食欲を保ちましょう
1424,75,90,フレイル予防,2000,★★★,春,和食,玄米ご飯・納豆・果物,鶏肉と春野菜料理,さわらの焼き物・小松菜,春の健康維持献立,たんぱく質★★★★★ 食物繊維★★★★☆ エネルギー★★★★☆,旬の食材を楽しみましょう
1425,75,90,フレイル予防,2100,★★★,夏,和食,雑穀ご飯・卵・牛乳,鶏肉グリル・野菜サラダ,あじの焼き物・豆腐,筋力維持を優先した高栄養献立,たんぱく質★★★★★ エネルギー★★★★★ カルシウム★★★★☆,筋肉を守る食事を続けましょう
1426,75,90,フレイル予防,1600,★,秋,和食,ご飯・納豆・味噌汁,鶏ささみ料理,白身魚・野菜煮物,食事量低下時でも食べやすい献立,消化性★★★★★ エネルギー★★★☆☆ たんぱく質★★★★☆,食べる楽しみを維持しましょう
1427,75,90,フレイル予防,1800,★★,冬,和食,玄米ご飯・卵・ヨーグルト,豚肉と野菜料理,鮭鍋・豆腐,冬の筋肉量維持献立,たんぱく質★★★★★ カルシウム★★★★☆ 野菜★★★★☆,体重変化を確認しましょう
1428,75,90,フレイル予防,1900,★★,春,和食,雑穀ご飯・納豆・味噌汁,鶏肉と春野菜料理,魚料理・小松菜,健康寿命を支える献立,たんぱく質★★★★★ 食物繊維★★★★☆ エネルギー★★★★☆,継続できる食習慣を作りましょう
1429,75,90,フレイル予防,2000,★★★,夏,和食,玄米ご飯・冷奴・果物,豚しゃぶサラダ,鮭料理・野菜料理,夏の体力低下予防献立,水分管理★★★★★ たんぱく質★★★★☆ エネルギー★★★★☆,脱水と低栄養を防ぎましょう
1430,75,90,フレイル予防,2100,★★★,秋,和食,雑穀ご飯・納豆・牛乳,鶏肉の照り焼き・野菜サラダ,さんまの焼き物・豆腐,高齢者の健康寿命を支える総合献立,たんぱく質★★★★★ エネルギー★★★★★ 食物繊維★★★★☆,食事と運動を組み合わせましょう
1431,75,90,心疾患予防,1700,★,春,和食,ご飯・納豆・卵焼き・減塩味噌汁,鶏むね肉と野菜の煮物,鮭の焼き物・豆腐・小松菜,減塩と血管維持を意識した心臓に優しい献立,減塩★★★★★ DHA★★★★☆ たんぱく質★★★★☆,塩分を控えながら栄養を確保しましょう
1432,75,90,心疾患予防,1800,★★,夏,和食,雑穀ご飯・ヨーグルト・納豆,豚しゃぶサラダ・ご飯,あじの焼き物・冷奴,野菜と魚を活用した血管ケア献立,野菜★★★★★ DHA★★★★☆ 脂質管理★★★★☆,野菜を毎食取り入れましょう
1433,75,90,心疾患予防,1900,★★,秋,和食,玄米ご飯・卵・味噌汁,鶏肉ときのこの煮物,さんまの焼き物・ひじき煮,食物繊維と魚脂を意識した献立,食物繊維★★★★★ DHA★★★★★ 減塩★★★★☆,青魚を適度に取り入れましょう
1434,75,90,心疾患予防,2000,★★★,冬,和食,ご飯・牛乳・納豆,豚肉と白菜の煮物,たら鍋・豆腐,冬の血圧管理を考えた献立,減塩★★★★☆ たんぱく質★★★★★ 野菜★★★★☆,汁物の飲みすぎに注意しましょう
1435,75,90,心疾患予防,2100,★★★,通年,和食,雑穀ご飯・卵・ヨーグルト,鶏肉グリル・野菜サラダ,鮭のホイル焼き・豆腐,心臓の健康と筋肉維持を両立する献立,たんぱく質★★★★★ DHA★★★★★ エネルギー★★★★☆,極端な食事制限は避けましょう
1436,75,90,心疾患予防,1600,★,春,和食,ご飯・納豆・果物・味噌汁,鶏ささみ料理・温野菜,白身魚・豆腐料理,食欲低下時でも栄養を確保する献立,消化性★★★★★ 減塩★★★★☆ エネルギー★★★☆☆,少量でもバランスを意識しましょう
1437,75,90,心疾患予防,1800,★★,夏,和食,玄米ご飯・冷奴・卵,豚肉と野菜炒め,鮭の焼き物・海藻料理,血管健康を支える献立,食物繊維★★★★★ DHA★★★★☆ 減塩★★★★☆,加工食品を控えましょう
1438,75,90,心疾患予防,1900,★★,秋,和食,雑穀ご飯・納豆・ヨーグルト,鶏肉と根菜の煮物,白身魚・豆腐,秋の栄養バランス献立,野菜★★★★★ たんぱく質★★★★☆ 脂質管理★★★★☆,根菜類も活用しましょう
1439,75,90,心疾患予防,2000,★★★,冬,和食,玄米ご飯・味噌汁・卵,豚しゃぶサラダ,ぶり大根・小松菜,脂質バランスを考えた献立,DHA★★★★★ 野菜★★★★★ 減塩★★★★☆,魚の脂を上手に利用しましょう
1440,75,90,心疾患予防,2100,★★★,春,洋食,全粒パン・牛乳・卵,鶏肉トマト煮・サラダ,白身魚グリル・野菜スープ,洋食でも心血管リスクを抑えた献立,たんぱく質★★★★★ 野菜★★★★☆ 脂質管理★★★★☆,油の量に注意しましょう
1441,75,90,心疾患予防,1700,★,夏,和食,ご飯・納豆・味噌汁・果物,鶏肉料理・夏野菜,豆腐料理・魚料理,夏の心臓負担を考えた献立,水分管理★★★★★ 減塩★★★★☆ DHA★★★★☆,脱水予防も大切です
1442,75,90,心疾患予防,1800,★★,秋,和食,玄米ご飯・卵焼き・納豆,豚しゃぶサラダ,鮭の焼き物・ひじき煮,血管を守る食材を取り入れた献立,食物繊維★★★★★ DHA★★★★★ 野菜★★★★☆,野菜量を意識しましょう
1443,75,90,心疾患予防,1900,★★,冬,和食,雑穀ご飯・ヨーグルト・味噌汁,鶏肉と白菜料理,たら料理・豆腐,冬の体調管理を考えた献立,減塩★★★★★ たんぱく質★★★★☆ 野菜★★★★☆,寒い時期も食事量を維持しましょう
1444,75,90,心疾患予防,2000,★★★,春,和食,玄米ご飯・納豆・果物,鶏肉と春野菜料理,さわらの焼き物・小松菜,春の血管ケア献立,DHA★★★★★ 食物繊維★★★★☆ 減塩★★★★☆,旬の食材を活用しましょう
1445,75,90,心疾患予防,2100,★★★,夏,和食,雑穀ご飯・卵・牛乳,鶏肉グリル・野菜サラダ,あじの焼き物・豆腐,活動量を支える心疾患予防献立,たんぱく質★★★★★ エネルギー★★★★★ 減塩★★★★☆,筋肉維持も心臓保護につながります
1446,75,90,心疾患予防,1600,★,秋,和食,ご飯・納豆・味噌汁,鶏ささみ料理,白身魚・野菜煮物,食べやすさを重視した献立,消化性★★★★★ エネルギー★★★☆☆ 減塩★★★★☆,食事量低下に注意しましょう
1447,75,90,心疾患予防,1800,★★,冬,和食,玄米ご飯・卵・ヨーグルト,豚肉と野菜料理,鮭鍋・豆腐,冬の血圧管理を考えた献立,野菜★★★★★ たんぱく質★★★★☆ 減塩★★★★☆,鍋の汁は控えめにしましょう
1448,75,90,心疾患予防,1900,★★,春,和食,雑穀ご飯・納豆・味噌汁,鶏肉と春野菜料理,魚料理・小松菜,健康寿命維持を意識した献立,DHA★★★★☆ 食物繊維★★★★★ 減塩★★★★☆,毎日の食事習慣が大切です
1449,75,90,心疾患予防,2000,★★★,夏,和食,玄米ご飯・冷奴・果物,豚しゃぶサラダ,鮭料理・野菜料理,夏の血管健康維持献立,DHA★★★★★ 水分管理★★★★★ 野菜★★★★☆,暑い時期の体調変化に注意しましょう
1450,75,90,心疾患予防,2100,★★★,秋,和食,雑穀ご飯・納豆・牛乳,鶏肉の照り焼き・野菜サラダ,さんまの焼き物・豆腐,健康寿命を支える心疾患予防献立,DHA★★★★★ たんぱく質★★★★★ エネルギー★★★★☆,食事と運動を続けましょう
1451,75,90,心疾患予防,1700,★,冬,和食,ご飯・納豆・牛乳・減塩味噌汁,鶏むね肉の煮物・野菜のお浸し,鮭の塩焼き・豆腐,減塩と血管保護を意識した献立,減塩★★★★★ たんぱく質★★★★☆ DHA★★★★☆,薄味でも香りや出汁を活用しましょう
1452,75,90,心疾患予防,1800,★★,春,和食,雑穀ご飯・ヨーグルト・卵焼き,豚肉と春野菜炒め,さばの焼き物・ひじき煮,魚と野菜で血管健康を支える献立,DHA★★★★★ 食物繊維★★★★☆ 減塩★★★★☆,青魚を適量取り入れましょう
1453,75,90,心疾患予防,1900,★★,夏,和食,玄米ご飯・納豆・冷奴,鶏肉の蒸し料理・夏野菜,あじの焼き物・海藻料理,夏の循環機能維持を考えた献立,水分管理★★★★★ DHA★★★★☆ 野菜★★★★☆,脱水を防ぐことも重要です
1454,75,90,心疾患予防,2000,★★★,秋,和食,ご飯・卵・味噌汁,鶏肉ときのこの煮物,さんまの塩焼き・小松菜,秋食材で血管を守る献立,DHA★★★★★ 食物繊維★★★★★ たんぱく質★★★★☆,きのこや野菜を増やしましょう
1455,75,90,心疾患予防,2100,★★★,冬,和食,雑穀ご飯・牛乳・納豆,鶏肉グリル・野菜サラダ,ぶり大根・豆腐,筋肉維持と心臓の健康を両立した献立,たんぱく質★★★★★ エネルギー★★★★★ DHA★★★★☆,食事量を落としすぎないようにしましょう
1456,75,90,心疾患予防,1600,★,春,和食,ご飯・ヨーグルト・果物,鶏ささみ料理・温野菜,白身魚・豆腐料理,食欲低下時でも心臓負担を考えた献立,消化性★★★★★ 減塩★★★★☆ エネルギー★★★☆☆,少量でも栄養を確保しましょう
1457,75,90,心疾患予防,1800,★★,夏,和食,玄米ご飯・納豆・味噌汁,豚しゃぶサラダ,鮭のホイル焼き・海藻料理,脂質バランスを考えた献立,DHA★★★★★ 食物繊維★★★★★ 減塩★★★★☆,加工食品を控えましょう
1458,75,90,心疾患予防,1900,★★,秋,和食,雑穀ご飯・卵・ヨーグルト,鶏肉と根菜の煮物,白身魚・豆腐,血圧管理を意識した献立,野菜★★★★★ たんぱく質★★★★☆ 減塩★★★★☆,野菜から食べる習慣も有効です
1459,75,90,心疾患予防,2000,★★★,冬,和食,玄米ご飯・納豆・味噌汁,豚しゃぶサラダ,たら鍋・小松菜,冬の循環器ケア献立,減塩★★★★★ 野菜★★★★☆ たんぱく質★★★★☆,汁物の塩分量に注意しましょう
1460,75,90,心疾患予防,2100,★★★,春,洋食,全粒パン・牛乳・卵,鶏肉トマト煮・サラダ,白身魚グリル・野菜スープ,洋食でも脂質を抑えた献立,たんぱく質★★★★★ 野菜★★★★☆ 脂質管理★★★★☆,油の種類を意識しましょう
1461,75,90,心疾患予防,1700,★,夏,和食,ご飯・納豆・味噌汁・果物,鶏肉料理・夏野菜,豆腐料理・魚料理,夏の心臓負担を軽減する献立,水分管理★★★★★ 減塩★★★★☆ DHA★★★★☆,暑い日は無理をしないようにしましょう
1462,75,90,心疾患予防,1800,★★,秋,和食,玄米ご飯・卵焼き・納豆,豚しゃぶサラダ,鮭の焼き物・ひじき煮,食物繊維を補う血管ケア献立,食物繊維★★★★★ DHA★★★★★ 野菜★★★★☆,野菜量を意識しましょう
1463,75,90,心疾患予防,1900,★★,冬,和食,雑穀ご飯・ヨーグルト・味噌汁,鶏肉と白菜料理,たら料理・豆腐,冬の健康維持献立,減塩★★★★★ たんぱく質★★★★☆ カルシウム★★★★☆,温かい料理で栄養を取りましょう
1464,75,90,心疾患予防,2000,★★★,春,和食,玄米ご飯・納豆・果物,鶏肉と春野菜料理,さわらの焼き物・小松菜,春の血管健康献立,DHA★★★★★ 食物繊維★★★★☆ 減塩★★★★☆,旬の食材を楽しみましょう
1465,75,90,心疾患予防,2100,★★★,夏,和食,雑穀ご飯・卵・牛乳,鶏肉グリル・野菜サラダ,あじの焼き物・豆腐,活動量維持も考えた献立,たんぱく質★★★★★ エネルギー★★★★★ 減塩★★★★☆,筋肉を保つことも大切です
1466,75,90,心疾患予防,1600,★,秋,和食,ご飯・納豆・味噌汁,鶏ささみ料理,白身魚・野菜煮物,食べやすい低負担献立,消化性★★★★★ エネルギー★★★☆☆ 減塩★★★★☆,食欲が低い時も工夫しましょう
1467,75,90,心疾患予防,1800,★★,冬,和食,玄米ご飯・卵・ヨーグルト,豚肉と野菜料理,鮭鍋・豆腐,冬の血圧管理献立,野菜★★★★★ DHA★★★★☆ たんぱく質★★★★☆,塩分控えめの味付けにしましょう
1468,75,90,心疾患予防,1900,★★,春,和食,雑穀ご飯・納豆・味噌汁,鶏肉と春野菜料理,魚料理・小松菜,健康寿命を支える献立,DHA★★★★☆ 食物繊維★★★★★ 減塩★★★★☆,継続できる食生活が重要です
1469,75,90,心疾患予防,2000,★★★,夏,和食,玄米ご飯・冷奴・果物,豚しゃぶサラダ,鮭料理・野菜料理,夏の循環器管理献立,DHA★★★★★ 水分管理★★★★★ 野菜★★★★☆,暑い時期は水分不足に注意しましょう
1470,75,90,心疾患予防,2100,★★★,秋,和食,雑穀ご飯・納豆・牛乳,鶏肉の照り焼き・野菜サラダ,さんまの焼き物・豆腐,高齢者の心臓と筋肉を守る献立,DHA★★★★★ たんぱく質★★★★★ エネルギー★★★★☆,食事と運動を続けましょう
1471,75,90,便秘予防,1700,★,春,和食,ご飯・納豆・ヨーグルト・味噌汁,鶏肉と野菜の煮物,鮭の焼き物・ひじき煮・豆腐,食物繊維と発酵食品を取り入れた腸内環境改善献立,食物繊維★★★★★ 発酵食品★★★★☆ 水分★★★★☆,朝食で腸を刺激する食品を取り入れましょう
1472,75,90,便秘予防,1800,★★,夏,和食,雑穀ご飯・ヨーグルト・果物,豚しゃぶサラダ・ご飯,あじの焼き物・海藻料理,夏の水分不足による便秘を防ぐ献立,水分★★★★★ 食物繊維★★★★☆ たんぱく質★★★★☆,こまめな水分補給を心がけましょう
1473,75,90,便秘予防,1900,★★,秋,和食,玄米ご飯・納豆・卵,鶏肉ときのこの煮物,さんまの焼き物・根菜料理,秋の食物繊維を活用した献立,食物繊維★★★★★ たんぱく質★★★★☆ 発酵食品★★★★☆,きのこや根菜を積極的に食べましょう
1474,75,90,便秘予防,2000,★★★,冬,和食,ご飯・ヨーグルト・味噌汁,豚肉と白菜の煮物,たら鍋・豆腐・野菜,温かい料理で腸の働きを支える献立,水分★★★★☆ 食物繊維★★★★★ エネルギー★★★★☆,汁物や鍋料理を活用しましょう
1475,75,90,便秘予防,2100,★★★,通年,和食,雑穀ご飯・納豆・牛乳,鶏肉グリル・野菜サラダ,鮭のホイル焼き・豆類料理,腸内環境と筋肉維持を両立した献立,たんぱく質★★★★★ 食物繊維★★★★★ エネルギー★★★★☆,食事量を減らしすぎないようにしましょう
1476,75,90,便秘予防,1600,★,春,和食,ご飯・ヨーグルト・果物,鶏ささみ料理・温野菜,白身魚・豆腐料理,少食でも腸の健康を考えた献立,消化性★★★★★ 食物繊維★★★★☆ エネルギー★★★☆☆,果物や乳製品を適量取り入れましょう
1477,75,90,便秘予防,1800,★★,夏,和食,玄米ご飯・納豆・味噌汁,豚肉と野菜炒め,鮭の焼き物・海藻料理,食物繊維と水分を意識した夏献立,食物繊維★★★★★ 水分★★★★★ たんぱく質★★★★☆,汗をかく季節は水分不足に注意しましょう
1478,75,90,便秘予防,1900,★★,秋,和食,雑穀ご飯・卵・ヨーグルト,鶏肉と根菜の煮物,白身魚・ひじき煮,腸内環境を整える秋の献立,食物繊維★★★★★ 発酵食品★★★★★ 野菜★★★★☆,毎日違う食品を摂りましょう
1479,75,90,便秘予防,2000,★★★,冬,和食,玄米ご飯・納豆・味噌汁,豚しゃぶサラダ,鮭鍋・小松菜,冬の活動量低下による便秘予防献立,食物繊維★★★★☆ 水分★★★★★ たんぱく質★★★★☆,軽い運動も便秘予防になります
1480,75,90,便秘予防,2100,★★★,春,和食,雑穀ご飯・納豆・牛乳,鶏肉の照り焼き・野菜サラダ,さんまの焼き物・豆腐・根菜料理,健康寿命維持と腸内環境改善を考えた総合献立,食物繊維★★★★★ たんぱく質★★★★★ 発酵食品★★★★☆,食事・水分・運動を組み合わせましょう
